Symbol,Buy_Date,Buy_Price_Low,Sell_Date,Sell_Price_High,Sequence_Gain_Percent,Days_in_Sequence
3MINDIA,2016-02-03,9515.0,2016-02-10,11550.0,21.39,6
ABB,2020-06-19,788.0,2020-07-01,964.0,22.34,9
ABB,2021-05-21,1424.75,2021-06-02,1717.0,20.51,9
ABB,2023-04-24,3160.65,2023-05-08,3818.4,20.81,10
ABB,2024-02-20,4461.6,2024-02-22,5450.0,22.15,3
ABBOTINDIA,2018-06-14,6342.0,2018-06-25,7760.0,22.36,8
ACE,2020-06-10,48.5,2020-06-15,58.4,20.41,4
ACE,2020-07-02,54.55,2020-07-06,70.0,28.32,3
ACE,2020-09-09,58.25,2020-09-14,70.0,20.17,4
ACE,2020-11-13,73.6,2020-11-14,89.9,22.15,2
ACE,2020-11-26,92.05,2020-12-01,128.45,39.54,3
ACE,2021-02-01,125.1,2021-02-03,167.65,34.01,3
ACE,2022-09-01,247.95,2022-09-05,306.85,23.75,3
ACE,2023-07-05,484.35,2023-07-11,624.0,28.83,5
ACE,2023-07-21,607.1,2023-07-27,744.7,22.67,5
ACE,2023-10-26,657.3,2023-11-01,864.35,31.5,5
AJANTPHARM,2020-03-24,683.33,2020-03-25,850.5,24.46,2
AJANTPHARM,2025-01-29,2566.1,2025-02-03,3079.9,20.02,5
AJAXENGG,2025-04-11,607.0,2025-04-22,734.35,20.98,6
AKZOINDIA,2024-10-30,3740.05,2024-11-01,4674.0,24.97,3
ALKEM,2016-11-09,1455.0,2016-11-15,1760.5,21.0,4
ALKEM,2020-07-28,2415.1,2020-08-04,2974.0,23.14,6
APARINDS,2020-03-13,239.2,2020-03-13,304.2,27.17,1
APARINDS,2020-03-27,242.9,2020-03-31,295.0,21.45,3
APARINDS,2021-02-10,376.0,2021-02-15,456.0,21.28,4
APARINDS,2022-05-27,599.35,2022-05-27,724.9,20.95,1
APARINDS,2022-06-14,744.0,2022-06-15,936.0,25.81,2
APARINDS,2022-06-17,830.6,2022-06-20,1048.85,26.28,2
APARINDS,2022-07-27,1010.15,2022-08-01,1250.0,23.74,4
APARINDS,2022-09-30,1220.1,2022-10-06,1513.95,24.08,4
APARINDS,2023-01-31,1358.55,2023-02-02,2047.95,50.75,3
APARINDS,2023-02-07,1920.0,2023-02-08,2345.0,22.14,2
APARINDS,2023-03-31,2285.75,2023-04-06,2749.0,20.27,4
APARINDS,2023-08-07,3630.9,2023-08-21,5349.95,47.35,10
APARINDS,2025-05-13,6306.5,2025-05-16,8399.0,33.18,4
APLAPOLLO,2016-03-01,56.0,2016-03-03,67.9,21.25,3
APLAPOLLO,2016-04-07,68.5,2016-04-18,82.7,20.72,6
APLAPOLLO,2020-03-19,103.0,2020-03-20,138.99,34.94,2
APLAPOLLO,2020-03-25,110.61,2020-03-26,142.73,29.04,2
APLAPOLLO,2020-05-28,135.53,2020-06-01,163.5,20.64,3
APLAPOLLO,2020-07-31,180.01,2020-08-07,219.77,22.09,6
APLAPOLLO,2021-03-17,548.5,2021-03-23,673.0,22.7,5
ASIANPAINT,2020-03-19,1431.2,2020-03-20,1757.4,22.79,2
AUBANK,2021-12-29,487.17,2022-01-11,654.4,34.33,10
AWL,2022-02-08,227.0,2022-02-10,386.25,70.15,3
AWL,2022-04-21,667.25,2022-04-27,843.3,26.38,5
AWL,2023-05-19,366.0,2023-05-23,488.7,33.52,3
AXISBANK,2020-03-25,286.0,2020-03-26,399.0,39.51,2
AXISBANK,2020-05-27,341.5,2020-06-02,415.0,21.52,5
AXISBANK,2020-11-02,495.1,2020-11-11,611.15,23.44,8
BAJAJFINSV,2016-06-14,176.21,2016-06-16,214.96,21.99,3
BAJAJFINSV,2016-11-09,248.0,2016-11-10,314.0,26.61,2
BAJAJFINSV,2020-05-27,398.53,2020-06-02,523.8,31.43,5
BAJAJFINSV,2020-06-17,500.79,2020-06-23,638.2,27.44,5
BAJAJFINSV,2020-11-17,725.1,2020-11-24,890.8,22.85,6
BAJAJHFL,2024-09-16,146.0,2024-09-17,181.5,24.32,2
BAJAJHFL,2024-10-08,130.35,2024-10-09,159.62,22.45,2
BAJAJHLDNG,2020-05-29,1966.1,2020-06-03,2370.0,20.54,4
BAJAJHLDNG,2020-11-18,2690.2,2020-11-23,3279.0,21.89,4
BAJAJHLDNG,2025-05-14,11808.0,2025-05-19,14400.0,21.95,4
BAJFINANCE,2020-05-29,189.1,2020-06-02,237.5,25.59,3
BAJFINANCE,2020-06-17,233.21,2020-06-23,310.92,33.33,5
BAJFINANCE,2020-11-02,327.46,2020-11-13,441.0,34.67,10
BAJFINANCE,2021-04-19,436.2,2021-05-04,574.99,31.82,11
BANDHANBNK,2018-07-17,552.05,2018-07-20,706.8,28.03,4
BANDHANBNK,2019-09-20,444.45,2019-09-23,538.4,21.14,2
BANDHANBNK,2019-10-10,477.0,2019-10-11,607.95,27.45,2
BANDHANBNK,2020-03-26,158.0,2020-03-27,269.5,70.57,2
BANDHANBNK,2020-04-08,167.5,2020-04-08,209.05,24.81,1
BANDHANBNK,2020-04-16,180.0,2020-04-17,226.65,25.92,2
BANDHANBNK,2024-07-26,184.75,2024-07-30,222.31,20.33,3
BANKBARODA,2020-11-25,47.3,2020-12-08,66.15,39.85,9
BANKINDIA,2017-10-23,133.95,2017-10-26,200.8,49.91,4
BANKINDIA,2020-03-13,30.4,2020-03-13,37.1,22.04,1
BANKINDIA,2020-06-01,31.9,2020-06-05,42.8,34.17,5
BANKINDIA,2020-06-12,38.0,2020-06-16,52.5,38.16,3
BANKINDIA,2022-10-20,48.1,2022-11-01,62.35,29.63,8
BANKINDIA,2022-11-03,60.3,2022-11-09,77.7,28.86,4
BANKINDIA,2023-02-28,67.55,2023-03-06,85.9,27.17,5
BAYERCROP,2020-04-07,3245.0,2020-04-08,3946.6,21.62,2
BEL,2020-03-25,18.87,2020-03-26,22.82,20.94,2
BEL,2021-06-21,47.33,2021-06-25,58.63,23.87,5
BERGEPAINT,2016-11-22,148.29,2016-11-29,202.62,36.64,6
BERGEPAINT,2019-09-20,301.92,2019-09-23,364.75,20.81,2
BERGEPAINT,2020-03-20,333.33,2020-03-26,411.67,23.5,5
BLS,2020-06-01,7.89,2020-06-03,11.62,47.39,3
BLS,2020-06-12,9.56,2020-06-12,12.6,31.76,1
BLS,2020-06-24,12.11,2020-06-26,17.9,47.78,3
BLS,2020-07-23,17.8,2020-07-28,21.98,23.46,4
BLS,2021-05-17,23.54,2021-05-21,29.31,24.54,5
BLS,2021-06-01,26.5,2021-06-03,33.1,24.91,3
BLS,2021-07-26,32.2,2021-07-28,40.41,25.5,3
BLS,2021-08-23,35.94,2021-08-30,53.99,50.23,6
BLS,2022-01-06,44.86,2022-01-10,54.64,21.79,3
BLS,2022-04-01,58.56,2022-04-07,84.7,44.63,5
BLS,2022-08-25,111.35,2022-08-30,134.85,21.1,4
BLS,2024-06-05,285.7,2024-06-13,353.15,23.61,7
BLS,2025-01-15,424.0,2025-01-17,512.0,20.75,3
BLS,2025-03-20,350.7,2025-03-24,424.85,21.14,3
BLUEJET,2024-12-12,493.7,2024-12-19,603.0,22.14,6
BLUESTARCO,2020-03-24,204.45,2020-03-25,270.5,32.31,2
BLUESTARCO,2020-08-24,276.95,2020-08-28,356.83,28.84,5
BLUESTARCO,2020-11-12,327.4,2020-11-24,394.5,20.49,9
BLUESTARCO,2022-01-31,418.17,2022-02-07,536.0,28.18,6
BOSCHLTD,2020-03-24,7850.0,2020-03-26,10089.0,28.52,3
BSOFT,2020-03-24,46.7,2020-03-25,59.4,27.19,2
BSOFT,2020-05-19,62.55,2020-05-21,80.4,28.54,3
BSOFT,2020-08-05,122.25,2020-08-06,149.5,22.29,2
BSOFT,2020-12-22,205.55,2020-12-23,267.0,29.9,2
CANBK,2020-03-24,14.73,2020-03-26,18.29,24.17,3
CAPLIPOINT,2020-03-25,185.25,2020-03-26,241.3,30.26,2
CAPLIPOINT,2020-03-30,240.0,2020-03-31,295.0,22.92,2
CAPLIPOINT,2020-04-13,285.0,2020-04-16,358.45,25.77,3
CAPLIPOINT,2020-07-29,394.65,2020-08-06,629.85,59.6,7
CAPLIPOINT,2021-05-03,485.25,2021-05-11,587.85,21.14,7
CAPLIPOINT,2023-08-08,895.0,2023-08-10,1077.45,20.39,3
CAPLIPOINT,2023-11-03,1013.0,2023-11-10,1230.0,21.42,6
CAPLIPOINT,2024-08-16,1563.05,2024-08-19,1900.0,21.56,2
CASTROLIND,2020-03-31,96.15,2020-04-09,117.0,21.68,6
CASTROLIND,2023-12-21,143.5,2023-12-26,186.0,29.62,3
CASTROLIND,2024-07-03,214.63,2024-07-05,260.0,21.14,3
CENTRALBK,2017-08-30,78.15,2017-09-05,101.65,30.07,5
CENTRALBK,2017-11-16,78.0,2017-11-17,94.0,20.51,2
CENTRALBK,2018-03-13,72.1,2018-03-15,87.5,21.36,3
CENTRALBK,2020-11-25,11.9,2020-12-08,15.8,32.77,9
CENTRALBK,2021-02-16,15.3,2021-02-18,24.0,56.86,3
CENTRALBK,2023-09-13,36.6,2023-09-18,56.0,53.01,4
CENTRALBK,2024-01-31,55.7,2024-02-07,76.9,38.06,6
CERA,2016-02-25,1547.0,2016-03-04,1875.0,21.2,7
CERA,2020-11-13,2700.05,2020-11-14,3504.8,29.81,2
CERA,2025-05-07,5208.5,2025-05-12,6770.0,29.98,4
CGPOWER,2020-11-11,31.25,2020-11-14,38.35,22.72,4
CGPOWER,2021-02-15,44.65,2021-02-22,54.7,22.51,6
CGPOWER,2021-09-28,106.55,2021-10-04,127.9,20.04,5
CGPOWER,2021-12-07,150.3,2021-12-14,182.0,21.09,6
CGPOWER,2023-11-22,386.0,2023-11-22,469.35,21.59,1
CGPOWER,2024-10-07,709.05,2024-10-11,874.7,23.36,5
CHAMBLFERT,2017-01-04,70.6,2017-01-09,87.25,23.58,4
CHAMBLFERT,2020-04-07,106.0,2020-04-09,129.8,22.45,3
CHAMBLFERT,2021-02-24,200.35,2021-03-01,264.5,32.02,4
CHAMBLFERT,2021-05-10,222.0,2021-05-17,285.0,28.38,5
CHAMBLFERT,2024-06-05,352.35,2024-06-10,428.0,21.47,4
CHAMBLFERT,2024-06-18,422.5,2024-06-20,561.15,32.82,3
CHOLAFIN,2020-05-27,120.1,2020-06-02,159.75,33.01,5
CHOLAFIN,2020-06-17,153.2,2020-06-22,216.45,41.29,4
CHOLAFIN,2020-10-29,234.5,2020-11-03,299.7,27.8,4
CHOLAFIN,2022-03-08,595.1,2022-03-17,723.95,21.65,8
CHOLAHLDNG,2020-06-02,252.0,2020-06-03,304.3,20.75,2
CHOLAHLDNG,2023-04-28,580.0,2023-05-08,715.5,23.36,6
CHOLAHLDNG,2024-06-28,1289.1,2024-07-01,1649.8,27.98,2
CHOLAHLDNG,2025-04-07,1357.35,2025-04-08,1746.65,28.68,2
CIPLA,2020-03-13,355.3,2020-03-13,434.95,22.42,1
CIPLA,2020-04-03,416.25,2020-04-09,610.0,46.55,4
CLEAN,2021-11-30,2020.1,2021-12-07,2620.0,29.7,6
CLEAN,2025-05-21,1267.0,2025-05-30,1600.0,26.28,8
COALINDIA,2022-02-25,152.25,2022-03-02,185.65,21.94,3
COCHINSHIP,2023-08-14,322.7,2023-08-17,452.23,40.14,3
COCHINSHIP,2024-01-09,650.5,2024-01-10,802.8,23.41,2
COCHINSHIP,2024-03-14,713.35,2024-03-15,905.0,26.87,2
COCHINSHIP,2024-04-01,885.35,2024-04-03,1085.0,22.55,3
COCHINSHIP,2024-04-23,1093.05,2024-04-26,1364.7,24.85,4
COCHINSHIP,2024-07-03,2246.4,2024-07-05,2924.0,30.16,3
COCHINSHIP,2025-05-13,1535.0,2025-05-16,2068.0,34.72,4
COCHINSHIP,2025-06-03,1926.8,2025-06-05,2380.0,23.52,3
COFORGE,2018-01-19,136.57,2018-01-25,185.75,36.01,5
COFORGE,2020-03-24,147.07,2020-03-25,254.73,73.2,2
COFORGE,2021-05-05,567.06,2021-05-07,708.96,25.02,3
COFORGE,2024-05-10,860.43,2024-05-27,1062.6,23.5,11
COROMANDEL,2024-06-10,1387.0,2024-06-20,1688.45,21.73,8
CRISIL,2020-03-23,1052.7,2020-03-23,1299.0,23.4,1
CRISIL,2020-04-09,1226.15,2020-04-13,1479.9,20.69,2
CRISIL,2021-06-07,1976.35,2021-06-09,2485.0,25.74,3
CRISIL,2024-12-30,5523.0,2025-01-01,6649.0,20.39,3
CUMMINSIND,2020-04-08,280.0,2020-04-17,406.0,45.0,6
CUMMINSIND,2021-01-27,607.75,2021-02-08,799.0,31.47,9
DIVISLAB,2017-09-11,710.2,2017-09-15,893.05,25.75,5
DIVISLAB,2017-09-19,800.2,2017-09-21,999.7,24.93,3
DIVISLAB,2017-10-31,870.1,2017-11-02,1117.6,28.45,3
DIVISLAB,2020-03-13,1626.0,2020-03-13,1993.4,22.6,1
DIVISLAB,2020-04-07,1921.25,2020-04-09,2467.6,28.44,3
DIVISLAB,2020-08-06,2662.7,2020-08-10,3293.0,23.67,3
DIXON,2019-08-09,378.0,2019-08-16,481.99,27.51,4
DIXON,2019-08-22,434.43,2019-08-28,545.0,25.45,5
DIXON,2020-05-22,848.42,2020-06-03,1115.0,31.42,8
DIXON,2020-07-20,1285.0,2020-07-24,1560.0,21.4,5
DIXON,2020-09-01,1583.0,2020-09-08,1955.4,23.52,6
DIXON,2023-05-19,2992.0,2023-05-29,3739.5,24.98,7
DIXON,2023-08-03,4091.0,2023-08-09,4967.75,21.43,5
DIXON,2024-06-05,8700.0,2024-06-18,11569.6,32.98,9
DIXON,2025-04-09,12755.0,2025-04-22,16828.0,31.93,7
DODLA,2024-06-05,826.05,2024-06-11,1061.45,28.5,5
DODLA,2025-04-07,985.0,2025-04-11,1199.65,21.79,4
DOMS,2025-01-28,2092.3,2025-02-06,2823.8,34.96,9
DOMS,2025-04-15,2516.5,2025-04-22,3064.6,21.78,5
DRREDDY,2020-04-03,605.02,2020-04-08,753.0,24.46,3
ECLERX,2020-04-09,243.27,2020-04-16,341.33,40.31,4
ECLERX,2020-08-07,312.67,2020-08-17,484.67,55.01,7
ECLERX,2020-12-22,478.73,2020-12-23,586.67,22.55,2
ECLERX,2021-06-10,868.0,2021-06-14,1250.0,44.01,3
ECLERX,2023-10-03,1798.25,2023-10-06,2168.7,20.6,4
ECLERX,2025-05-07,2364.0,2025-05-16,3324.0,40.61,8
EICHERMOT,2020-05-20,1286.8,2020-06-02,1750.0,36.0,9
EICHERMOT,2020-11-06,2112.0,2020-11-18,2630.0,24.53,9
ELECON,2020-11-05,11.1,2020-11-06,14.0,26.13,2
ELECON,2020-12-22,16.62,2020-12-31,21.62,30.08,7
ELECON,2021-01-04,21.12,2021-01-05,28.38,34.32,2
ELECON,2021-03-04,26.83,2021-03-12,34.25,27.68,6
ELECON,2021-04-19,30.75,2021-04-23,42.5,38.21,4
ELECON,2021-04-27,38.92,2021-04-28,49.0,25.88,2
ELECON,2021-05-24,45.0,2021-05-25,54.12,20.28,2
ELECON,2021-06-18,58.78,2021-06-21,71.4,21.48,2
ELECON,2022-04-01,71.55,2022-04-06,92.0,28.58,4
ELECON,2022-05-11,79.25,2022-05-13,97.0,22.4,3
ELECON,2022-07-22,155.7,2022-07-25,196.98,26.51,2
ELECON,2023-10-26,356.62,2023-11-06,482.27,35.23,8
ELECON,2025-04-17,461.95,2025-04-24,555.55,20.26,5
ELECON,2025-05-02,542.55,2025-05-13,677.7,24.91,8
EMAMILTD,2020-03-30,130.95,2020-04-09,237.9,81.67,7
EMAMILTD,2020-08-07,237.3,2020-08-11,337.7,42.31,3
EMCURE,2025-04-15,916.2,2025-04-17,1109.1,21.05,3
EMCURE,2025-05-21,1047.0,2025-05-26,1412.8,34.94,4
ENGINERSIN,2020-03-13,49.2,2020-03-13,64.0,30.08,1
FEDERALBNK,2020-03-25,35.7,2020-03-27,47.75,33.75,3
FEDERALBNK,2020-05-26,37.55,2020-06-02,48.1,28.1,6
FINEORG,2018-08-29,953.0,2018-09-03,1244.0,30.54,4
FINEORG,2020-03-24,1523.85,2020-03-26,2009.0,31.84,3
FINEORG,2020-07-31,2018.9,2020-08-04,2494.4,23.55,3
FINEORG,2022-05-30,4323.6,2022-06-02,6139.9,42.01,4
FINEORG,2025-05-09,3862.1,2025-05-15,4646.0,20.3,5
FIVESTAR,2022-11-21,448.2,2022-11-21,543.6,21.29,1
FIVESTAR,2025-04-07,595.0,2025-04-08,732.85,23.17,2
FIVESTAR,2025-06-04,676.35,2025-06-11,828.0,22.42,6
FORCEMOT,2020-04-07,682.6,2020-04-09,825.5,20.93,3
FORCEMOT,2023-03-29,1098.25,2023-04-10,1325.15,20.66,6
FORCEMOT,2023-05-25,1373.2,2023-06-02,1929.9,40.54,7
FORCEMOT,2023-06-06,1875.1,2023-06-08,2252.1,20.11,3
FORCEMOT,2023-06-27,2330.1,2023-07-03,2796.6,20.02,4
FORCEMOT,2024-02-14,4250.1,2024-02-20,6114.45,43.87,5
FORCEMOT,2024-03-14,5899.95,2024-03-19,7189.7,21.86,4
FORCEMOT,2025-05-26,10264.5,2025-05-30,12725.0,23.97,5
FORCEMOT,2025-06-12,12060.0,2025-06-17,14494.0,20.18,4
FORCEMOT,2025-07-07,14177.0,2025-07-09,17039.0,20.19,3
GABRIEL,2020-03-25,39.5,2020-03-27,54.3,37.47,3
GABRIEL,2020-04-07,51.0,2020-04-17,75.95,48.92,7
GABRIEL,2020-08-17,88.5,2020-08-19,108.45,22.54,3
GABRIEL,2023-08-22,244.3,2023-08-23,296.7,21.45,2
GABRIEL,2025-06-23,582.2,2025-06-30,706.8,21.4,6
GABRIEL,2025-07-08,919.05,2025-07-14,1120.0,21.86,5
GARFIBRES,2016-11-15,97.4,2016-11-16,119.8,23.0,2
GARFIBRES,2020-03-25,180.0,2020-03-25,226.0,25.56,1
GARFIBRES,2020-09-23,356.06,2020-09-28,430.08,20.79,4
GARFIBRES,2024-06-04,640.21,2024-06-10,853.0,33.24,5
GARFIBRES,2025-03-27,813.75,2025-03-27,985.55,21.11,1
GARFIBRES,2025-04-07,674.2,2025-04-17,896.15,32.92,7
GLAXO,2020-03-13,962.65,2020-03-13,1298.0,34.84,1
GLAXO,2023-12-21,1667.85,2024-01-05,2157.8,29.38,11
GLAXO,2025-02-14,1968.0,2025-02-20,2584.3,31.32,5
GODFRYPHLP,2019-08-05,224.43,2019-08-13,283.57,26.35,6
GODFRYPHLP,2020-03-25,244.0,2020-03-26,313.33,28.42,2
GODFRYPHLP,2021-06-21,301.67,2021-06-25,370.0,22.65,5
GODFRYPHLP,2024-02-29,892.7,2024-03-11,1228.67,37.63,7
GODFRYPHLP,2025-02-07,1545.0,2025-02-10,1896.28,22.74,2
GODFRYPHLP,2025-08-04,2907.5,2025-08-06,3620.5,24.52,3
GPIL,2016-03-03,12.38,2016-03-04,14.9,20.4,2
GPIL,2017-01-13,17.39,2017-01-20,26.05,49.82,6
GPIL,2020-08-03,42.49,2020-08-07,58.4,37.45,5
GPIL,2020-11-25,96.95,2020-12-07,121.07,24.88,8
GPIL,2021-01-28,108.75,2021-02-03,134.16,23.37,5
GPIL,2023-06-07,357.7,2023-06-14,449.45,25.65,6
GPIL,2025-03-04,149.29,2025-03-06,189.69,27.06,3
GPIL,2025-05-09,170.1,2025-05-14,206.3,21.28,4
GPIL,2025-08-19,202.09,2025-08-25,249.5,23.46,5
GPPL,2020-03-25,45.85,2020-03-31,63.45,38.39,5
GRAVITA,2016-07-04,17.95,2016-07-08,29.6,64.9,4
GRAVITA,2016-08-04,26.25,2016-08-12,33.3,26.86,7
GRAVITA,2020-12-14,53.55,2020-12-18,67.85,26.7,5
GRAVITA,2020-12-29,69.1,2021-01-05,88.7,28.36,6
GRAVITA,2021-05-07,93.75,2021-05-11,113.05,20.59,3
GRAVITA,2021-06-10,104.3,2021-06-15,132.9,27.42,4
GRAVITA,2021-07-09,137.1,2021-07-14,183.9,34.14,4
GRAVITA,2021-08-12,173.05,2021-08-16,212.0,22.51,3
GRAVITA,2022-08-10,280.05,2022-08-16,350.8,25.26,4
GRAVITA,2022-12-05,353.2,2022-12-08,432.0,22.31,4
GRAVITA,2023-09-13,706.6,2023-09-18,861.0,21.85,4
GRAVITA,2024-03-21,790.75,2024-03-28,1009.6,27.68,5
GRAVITA,2024-06-05,954.4,2024-06-12,1350.0,41.45,6
GRAVITA,2024-07-22,1331.15,2024-07-23,1738.8,30.62,2
GRAVITA,2024-08-09,1789.25,2024-08-19,2544.0,42.18,6
GRAVITA,2024-09-12,2250.0,2024-09-17,2700.0,20.0,4
GRAVITA,2025-04-11,1638.05,2025-04-17,2025.0,23.62,4
GRINDWELL,2020-03-23,373.55,2020-03-23,477.65,27.87,1
GRINDWELL,2025-03-04,1356.05,2025-03-07,1655.65,22.09,4
GRSE,2019-02-22,81.2,2019-03-01,99.9,23.03,6
GRSE,2019-04-26,96.05,2019-05-02,123.9,29.0,3
GRSE,2020-03-13,102.0,2020-03-13,137.85,35.15,1
GRSE,2020-03-31,127.2,2020-04-07,158.15,24.33,4
GRSE,2020-06-10,152.0,2020-06-15,191.2,25.79,4
GRSE,2022-09-27,312.9,2022-10-06,430.0,37.42,7
GRSE,2022-10-10,384.3,2022-10-10,464.9,20.97,1
GRSE,2023-08-14,595.3,2023-08-17,831.9,39.74,3
GRSE,2023-10-26,648.3,2023-10-27,781.9,20.61,2
GRSE,2024-04-23,869.8,2024-04-25,1077.85,23.92,3
GRSE,2024-05-16,973.0,2024-05-21,1235.0,26.93,3
GRSE,2025-03-17,1303.1,2025-03-20,1782.9,36.82,4
GRSE,2025-04-28,1622.4,2025-04-29,2019.9,24.5,2
GRSE,2025-05-13,1818.8,2025-05-16,2560.0,40.75,4
HAL,2020-03-25,235.0,2020-03-27,297.5,26.6,3
HAL,2020-05-28,265.75,2020-06-08,339.0,27.56,8
HAL,2021-08-24,560.0,2021-08-30,728.5,30.09,5
HAL,2023-06-01,1530.25,2023-06-09,1892.5,23.67,7
HAL,2024-06-06,4450.0,2024-06-18,5567.0,25.1,8
HAVELLS,2025-04-07,1389.5,2025-04-22,1673.8,20.46,9
HCLTECH,2020-04-29,470.2,2020-04-30,565.5,20.27,2
HDFCBANK,2020-03-25,377.62,2020-03-26,468.85,24.16,2
HDFCBANK,2020-05-27,428.58,2020-06-03,523.12,22.06,6
HEROMOTOCO,2020-04-07,1623.65,2020-04-09,2013.4,24.0,3
HINDCOPPER,2020-04-03,20.7,2020-04-16,26.7,28.99,7
HINDCOPPER,2020-05-26,24.2,2020-06-02,29.5,21.9,6
HINDCOPPER,2020-12-16,51.75,2020-12-17,66.7,28.89,2
HINDCOPPER,2021-02-15,72.8,2021-02-18,90.9,24.86,4
HINDCOPPER,2023-07-25,118.5,2023-08-01,152.7,28.86,6
HINDCOPPER,2025-09-10,243.75,2025-09-16,294.25,20.72,5
HUDCO,2022-11-15,40.05,2022-11-17,49.8,24.34,3
HUDCO,2023-12-11,90.25,2023-12-14,119.55,32.47,4
HUDCO,2023-12-27,106.0,2023-12-28,136.8,29.06,2
HUDCO,2024-03-14,152.55,2024-03-15,192.1,25.93,2
HUDCO,2024-07-03,280.0,2024-07-08,349.7,24.89,4
ICICIBANK,2016-02-26,164.32,2016-03-02,201.27,22.49,4
ICICIBANK,2016-11-09,222.73,2016-11-10,271.27,21.8,2
ICICIBANK,2020-03-24,268.3,2020-03-26,364.4,35.82,3
ICICIBANK,2021-01-28,512.0,2021-02-02,624.0,21.88,4
ICICIGI,2020-03-19,805.0,2020-03-19,1121.0,39.25,1
ICICIGI,2020-03-24,815.75,2020-03-26,1181.9,44.89,3
IDBI,2020-03-13,17.25,2020-03-16,23.1,33.91,2
IDBI,2020-05-27,19.35,2020-06-05,38.55,99.22,8
IDBI,2023-09-01,59.25,2023-09-05,71.25,20.25,3
IDBI,2024-07-24,85.72,2024-07-26,106.6,24.36,3
IGIL,2025-03-18,288.8,2025-03-24,379.4,31.37,5
IGL,2020-03-19,142.02,2020-03-20,174.18,22.64,2
IGL,2020-03-24,147.1,2020-03-26,186.85,27.02,3
INDIAMART,2019-08-29,572.62,2019-09-09,857.5,49.75,7
INDIAMART,2020-07-29,1170.5,2020-08-03,1532.82,30.95,4
INDIAMART,2020-08-17,1450.5,2020-08-25,1935.0,33.4,7
INDIAMART,2020-08-31,1775.1,2020-09-02,2296.88,29.39,3
INDIAMART,2020-12-30,3100.0,2021-01-04,3744.9,20.8,4
INDIAMART,2021-02-02,3892.77,2021-02-05,4975.0,27.8,4
INDIANB,2020-05-29,43.2,2020-06-05,54.95,27.2,6
INDIANB,2020-12-08,73.45,2020-12-08,88.5,20.49,1
INDIANB,2020-12-22,74.05,2020-12-29,90.0,21.54,5
INDIANB,2021-02-01,87.5,2021-02-05,137.0,56.57,5
INDIANB,2022-01-25,130.9,2022-01-31,160.7,22.77,4
INDIANB,2022-10-17,191.65,2022-10-31,256.4,33.79,10
INDIANB,2023-08-04,339.05,2023-08-08,409.6,20.81,3
INDIANB,2024-01-25,443.25,2024-02-05,568.4,28.23,7
INFY,2020-03-19,509.25,2020-03-20,617.45,21.25,2
INFY,2020-03-24,522.0,2020-03-26,650.85,24.68,3
INFY,2020-07-15,794.8,2020-07-16,955.5,20.22,2
INGERRAND,2021-05-24,826.75,2021-05-26,1036.05,25.32,3
INGERRAND,2021-09-30,970.0,2021-10-06,1234.7,27.29,5
INOXINDIA,2025-05-09,955.5,2025-05-16,1174.0,22.87,6
IOB,2020-05-29,7.25,2020-06-03,9.5,31.03,4
IOB,2021-02-16,11.9,2021-02-18,18.8,57.98,3
IOB,2023-09-13,31.6,2023-09-18,47.4,50.0,4
IOB,2024-01-31,48.0,2024-02-07,81.05,68.85,6
IRCTC,2019-10-17,137.43,2019-10-23,181.98,32.42,4
IRCTC,2021-09-02,548.6,2021-09-07,661.0,20.49,4
IRCTC,2021-10-12,945.0,2021-10-18,1193.4,26.29,4
IRFC,2023-04-27,29.9,2023-05-03,36.05,20.57,4
IRFC,2023-09-01,50.1,2023-09-05,75.7,51.1,3
ITC,2020-03-13,134.6,2020-03-13,164.0,21.84,1
ITC,2020-03-26,143.25,2020-03-31,173.85,21.36,4
J&KBANK,2020-11-14,15.4,2020-11-23,24.6,59.74,6
J&KBANK,2022-10-20,29.9,2022-10-27,39.2,31.1,5
J&KBANK,2022-11-15,38.2,2022-11-22,47.4,24.08,6
J&KBANK,2023-06-30,56.3,2023-07-05,69.3,23.09,4
J&KBANK,2023-08-11,70.15,2023-08-17,87.5,24.73,4
JBCHEPHARM,2019-05-14,155.98,2019-05-22,189.0,21.17,7
JBCHEPHARM,2019-11-21,157.52,2019-11-26,204.0,29.5,4
JBCHEPHARM,2020-03-13,207.5,2020-03-13,287.62,38.61,1
JBCHEPHARM,2021-02-09,501.02,2021-02-11,624.55,24.65,3
JBCHEPHARM,2023-07-10,1143.12,2023-07-12,1386.97,21.33,3
JWL,2020-06-03,9.1,2020-06-08,14.5,59.34,4
JWL,2020-08-14,12.45,2020-08-19,15.7,26.1,4
JWL,2022-08-23,57.6,2022-08-24,70.5,22.4,2
JWL,2024-05-09,410.0,2024-05-10,497.9,21.44,2
JWL,2024-06-05,446.45,2024-06-12,708.8,58.76,6
JWL,2025-04-07,311.0,2025-04-07,375.0,20.58,1
JWL,2025-05-09,327.2,2025-05-16,428.6,30.99,6
KEI,2016-06-24,93.8,2016-07-05,125.5,33.8,8
KEI,2017-02-01,134.25,2017-02-03,171.4,27.67,3
KEI,2021-05-17,508.5,2021-05-19,638.8,25.62,3
KFINTECH,2024-01-29,543.0,2024-02-09,694.5,27.9,10
KFINTECH,2024-07-24,725.7,2024-08-01,898.0,23.74,7
KFINTECH,2024-12-18,1228.5,2024-12-20,1478.4,20.34,3
KFINTECH,2025-02-19,784.15,2025-02-24,942.4,20.18,4
KFINTECH,2025-04-07,828.8,2025-04-09,1032.95,24.63,3
KIRLOSBROS,2020-03-25,76.25,2020-03-26,93.9,23.15,2
KIRLOSBROS,2021-02-04,138.9,2021-02-08,175.0,25.99,3
KIRLOSBROS,2021-03-02,155.35,2021-03-03,198.7,27.9,2
KIRLOSBROS,2021-03-19,185.1,2021-03-23,234.0,26.42,3
KIRLOSBROS,2021-03-26,206.85,2021-04-01,278.3,34.54,4
KIRLOSBROS,2023-02-06,315.0,2023-02-10,399.9,26.95,5
KIRLOSBROS,2024-02-29,910.2,2024-03-06,1133.0,24.48,5
KIRLOSBROS,2024-05-14,1415.75,2024-05-16,1924.9,35.96,3
KIRLOSBROS,2025-03-04,1422.35,2025-03-07,1720.0,20.93,4
KIRLPNU,2024-04-25,790.5,2024-04-26,1090.3,37.93,2
KIRLPNU,2024-10-25,1272.5,2024-10-29,1584.0,24.48,3
KOTAKBANK,2020-03-19,1001.0,2020-03-20,1283.6,28.23,2
KOTAKBANK,2020-04-22,1108.2,2020-04-30,1380.0,24.53,7
KPITTECH,2020-05-22,38.95,2020-05-28,46.95,20.54,4
KPITTECH,2020-09-09,79.1,2020-09-14,106.65,34.83,4
KPITTECH,2021-03-08,138.75,2021-03-09,169.6,22.23,2
KPITTECH,2021-03-19,145.25,2021-03-24,185.0,27.37,4
KPITTECH,2021-04-07,170.5,2021-04-07,207.4,21.64,1
KPITTECH,2021-11-16,415.85,2021-11-17,499.9,20.21,2
KPITTECH,2022-05-26,440.4,2022-06-01,550.0,24.89,5
KPITTECH,2025-01-29,1223.25,2025-01-30,1479.0,20.91,2
KSB,2020-11-04,88.74,2020-11-06,107.99,21.69,3
KSB,2022-08-08,304.3,2022-08-16,367.0,20.6,5
KSB,2023-09-18,526.65,2023-09-21,642.0,21.9,3
KTKBANK,2020-12-22,47.15,2020-12-29,60.0,27.25,5
KTKBANK,2021-08-27,51.85,2021-08-27,62.55,20.64,1
KTKBANK,2022-11-02,105.05,2022-11-04,143.0,36.13,3
KTKBANK,2023-06-27,152.3,2023-07-03,196.85,29.25,4
LICHSGFIN,2020-03-25,185.25,2020-03-26,252.3,36.19,2
LICHSGFIN,2020-04-08,209.35,2020-04-09,257.3,22.9,2
LTF,2022-03-16,65.5,2022-03-23,90.1,37.56,5
LTIM,2020-10-08,2718.0,2020-10-14,3494.7,28.58,5
LTTS,2017-11-24,907.0,2017-12-01,1119.0,23.37,6
LTTS,2020-12-15,1826.0,2020-12-18,2348.0,28.59,4
LTTS,2021-07-14,2801.0,2021-07-15,3493.0,24.71,2
M&MFIN,2020-05-29,81.12,2020-06-03,97.98,20.78,4
MAHABANK,2020-06-01,8.65,2020-06-03,10.7,23.7,3
MAHABANK,2022-11-03,20.0,2022-11-09,24.7,23.5,4
MAHABANK,2023-06-26,26.8,2023-07-06,32.5,21.27,8
MARUTI,2020-04-07,4120.0,2020-04-09,5399.0,31.04,3
MAZDOCK,2021-06-02,104.2,2021-06-07,137.27,31.74,4
MAZDOCK,2022-08-26,158.0,2022-08-29,201.77,27.71,2
MAZDOCK,2022-09-29,216.52,2022-10-07,322.48,48.93,6
MAZDOCK,2023-06-01,398.75,2023-06-06,531.0,33.17,4
MAZDOCK,2023-06-15,513.7,2023-06-20,661.6,28.79,4
MAZDOCK,2023-07-07,640.0,2023-07-12,875.5,36.8,4
MAZDOCK,2024-05-14,1071.85,2024-05-21,1488.9,38.91,5
MAZDOCK,2024-06-05,1200.0,2024-06-06,1607.0,33.92,2
MAZDOCK,2024-06-13,1604.5,2024-06-18,2109.5,31.47,3
MCX,2020-03-25,815.0,2020-03-25,1028.0,26.13,1
MCX,2020-03-27,948.05,2020-03-31,1149.9,21.29,3
MCX,2023-11-10,2430.05,2023-11-16,3030.0,24.69,4
MCX,2025-04-07,4535.0,2025-04-21,5958.0,31.38,8
MGL,2020-03-19,663.9,2020-03-20,818.15,23.23,2
MGL,2024-06-24,1459.5,2024-07-01,1756.55,20.35,6
MPHASIS,2020-07-10,885.5,2020-07-16,1099.0,24.11,5
MPHASIS,2020-12-18,1342.1,2020-12-23,1629.2,21.39,4
MSUMI,2022-03-30,26.67,2022-04-01,32.21,20.8,3
MUTHOOTFIN,2018-10-31,386.65,2018-11-09,469.5,21.43,7
MUTHOOTFIN,2020-03-25,499.1,2020-03-26,629.45,26.12,2
MUTHOOTFIN,2020-04-07,620.95,2020-04-13,751.65,21.05,4
MUTHOOTFIN,2025-05-30,2068.0,2025-06-10,2572.9,24.41,8
NAM-INDIA,2019-02-04,128.1,2019-02-06,163.7,27.79,3
NAM-INDIA,2019-02-20,150.1,2019-02-25,206.8,37.77,4
NAM-INDIA,2023-10-09,328.3,2023-10-13,398.0,21.23,5
NATCOPHARM,2024-02-16,889.85,2024-02-19,1108.35,24.55,2
NATIONALUM,2020-03-13,24.4,2020-03-17,31.75,30.12,3
NATIONALUM,2020-11-26,35.5,2020-12-02,43.2,21.69,4
NATIONALUM,2022-12-26,69.8,2023-01-02,84.3,20.77,6
NATIONALUM,2023-12-13,96.4,2023-12-18,120.15,24.64,4
NATIONALUM,2023-12-27,115.7,2024-01-02,139.85,20.87,5
NBCC,2020-04-08,10.93,2020-04-17,16.63,52.13,6
NBCC,2020-06-04,12.4,2020-06-05,15.03,21.24,2
NBCC,2024-01-24,64.33,2024-01-29,85.63,33.11,3
NESCO,2020-08-07,432.05,2020-08-11,530.0,22.67,3
NEWGEN,2020-07-06,73.93,2020-07-08,89.72,21.37,3
NEWGEN,2020-10-26,98.75,2020-10-26,130.9,32.56,1
NEWGEN,2023-04-28,247.52,2023-05-02,297.5,20.19,2
NEWGEN,2023-07-19,340.02,2023-07-21,422.45,24.24,3
NEWGEN,2023-10-16,458.77,2023-10-19,592.5,29.15,4
NEWGEN,2025-04-07,758.2,2025-04-08,923.75,21.83,2
NEWGEN,2025-04-23,952.0,2025-04-24,1183.4,24.31,2
NEWGEN,2025-05-20,1136.0,2025-05-20,1377.15,21.23,1
NMDC,2020-03-13,15.77,2020-03-13,19.73,25.1,1
NMDC,2020-03-25,16.04,2020-03-31,21.01,30.99,5
OFSS,2020-03-25,1561.0,2020-03-31,2041.0,30.75,5
OFSS,2020-04-03,1875.0,2020-04-15,2280.0,21.6,6
OFSS,2020-04-24,2020.05,2020-04-29,2425.0,20.05,4
OFSS,2024-01-17,4822.55,2024-01-19,7173.4,48.75,3
PAGEIND,2020-12-14,23603.3,2020-12-18,28400.0,20.32,5
PERSISTENT,2020-07-23,355.9,2020-07-30,461.5,29.67,6
PERSISTENT,2020-09-10,491.5,2020-09-15,620.0,26.14,4
PERSISTENT,2024-06-27,3902.85,2024-07-05,4845.7,24.16,7
PFC,2018-07-24,56.88,2018-07-31,70.28,23.56,6
PFC,2023-11-09,265.45,2023-11-20,325.5,22.62,7
PFC,2024-06-05,395.2,2024-06-07,485.65,22.89,3
PFIZER,2019-10-17,3182.75,2019-10-29,3971.0,24.77,8
PFIZER,2025-05-19,4405.0,2025-06-05,5857.5,32.97,14
PGHH,2020-03-13,8400.0,2020-03-16,10488.8,24.87,2
PGHL,2016-10-21,723.25,2016-10-24,874.9,20.97,2
PGHL,2018-01-12,1336.25,2018-01-15,1686.8,26.23,2
PGHL,2018-05-25,1864.95,2018-05-30,2417.9,29.65,4
PGHL,2018-08-02,2195.35,2018-08-10,3024.0,37.75,7
PGHL,2019-02-25,2891.0,2019-03-06,3528.8,22.06,7
PGHL,2020-03-30,3219.15,2020-04-08,4555.0,41.5,6
PIDILITIND,2020-04-07,609.6,2020-04-15,745.2,22.24,5
PIIND,2016-04-07,552.0,2016-04-18,667.95,21.01,6
PIIND,2020-03-25,970.1,2020-03-26,1169.0,20.5,2
PIIND,2020-03-30,1010.9,2020-04-01,1275.0,26.13,3
PIIND,2021-04-06,2201.85,2021-04-09,2669.0,21.22,4
PIIND,2025-04-07,3051.0,2025-04-11,3699.0,21.24,4
PNB,2017-10-23,129.0,2017-10-26,231.45,79.42,4
PNB,2022-11-16,43.85,2022-11-25,55.65,26.91,8
PNB,2023-06-30,50.55,2023-07-07,61.0,20.67,6
PNBHOUSING,2017-06-05,1126.49,2017-06-13,1402.05,24.46,7
PNBHOUSING,2020-08-14,190.91,2020-08-20,235.51,23.36,5
PNBHOUSING,2022-12-12,348.11,2022-12-15,429.69,23.44,4
PNBHOUSING,2023-03-28,384.55,2023-04-05,479.45,24.68,5
PNBHOUSING,2024-06-05,657.25,2024-06-18,903.25,37.43,9
POLYCAB,2020-03-25,570.0,2020-03-26,701.35,23.04,2
POLYCAB,2020-10-20,801.65,2020-10-26,975.75,21.72,5
POLYCAB,2021-01-04,1036.1,2021-01-07,1300.0,25.47,4
POLYCAB,2021-08-27,1850.05,2021-09-08,2450.0,32.43,9
POLYCAB,2023-07-10,3506.55,2023-07-20,4924.0,40.42,9
POLYMED,2020-05-11,216.6,2020-05-13,281.9,30.15,3
POLYMED,2020-07-10,304.1,2020-07-14,390.8,28.51,3
POLYMED,2020-09-01,382.45,2020-09-03,497.7,30.13,3
POLYMED,2021-02-10,550.2,2021-02-17,665.8,21.01,6
POLYMED,2022-08-26,740.85,2022-08-29,904.0,22.02,2
POLYMED,2024-10-30,2564.55,2024-11-01,3357.8,30.93,3
POLYMED,2025-04-07,1934.5,2025-04-22,2486.5,28.53,9
PRUDENT,2022-08-02,466.6,2022-08-16,649.0,39.09,9
PRUDENT,2022-09-27,600.0,2022-09-30,750.0,25.0,4
PRUDENT,2023-10-04,1092.05,2023-10-10,1313.9,20.32,5
PRUDENT,2024-10-30,2616.0,2024-11-01,3735.2,42.78,3
PRUDENT,2025-03-04,1604.15,2025-03-07,2019.05,25.86,4
PRUDENT,2025-05-23,2456.2,2025-05-30,3001.2,22.19,6
RAILTEL,2022-04-01,84.5,2022-04-08,112.1,32.66,6
RAILTEL,2023-07-20,138.1,2023-07-25,168.7,22.16,4
RAILTEL,2023-08-30,194.1,2023-09-01,246.7,27.1,3
RAILTEL,2024-06-20,420.2,2024-06-24,513.0,22.08,3
RAILTEL,2025-05-09,290.8,2025-05-19,402.4,38.38,7
RATNAMANI,2016-12-28,400.93,2016-12-28,483.0,20.47,1
RATNAMANI,2020-06-05,610.0,2020-06-09,746.0,22.3,3
RATNAMANI,2020-11-11,824.37,2020-11-23,1183.33,43.54,9
RATNAMANI,2022-05-12,1431.0,2022-05-17,1733.33,21.13,4
RITES,2018-07-23,78.1,2018-07-27,107.08,37.11,5
RITES,2019-02-19,81.16,2019-03-05,104.0,28.14,10
RITES,2020-03-25,101.0,2020-03-26,126.85,25.59,2
RITES,2024-01-24,271.77,2024-01-29,382.0,40.56,3
RITES,2024-02-02,327.0,2024-02-07,404.25,23.62,4
RITES,2025-05-09,212.0,2025-05-19,303.4,43.11,7
SBICARD,2020-05-27,496.0,2020-06-03,626.0,26.21,6
SBICARD,2025-04-07,763.5,2025-04-24,930.65,21.89,11
SBIN,2021-02-01,282.75,2021-02-05,408.35,44.42,5
SCHAEFFLER,2021-07-22,1106.85,2021-07-26,1394.18,25.96,3
SHRIRAMFIN,2020-03-24,85.95,2020-03-27,158.67,84.62,4
SHRIRAMFIN,2020-04-07,97.45,2020-04-09,132.65,36.11,3
SHRIRAMFIN,2020-11-02,138.78,2020-11-06,172.4,24.23,5
SHRIRAMFIN,2020-11-20,180.86,2020-11-25,217.52,20.27,4
SHRIRAMFIN,2023-06-20,291.21,2023-06-21,358.71,23.18,2
SHRIRAMFIN,2024-06-05,446.0,2024-06-18,568.23,27.41,9
SIEMENS,2025-04-07,2450.0,2025-04-07,3087.0,26.0,1
SKFINDIA,2020-03-24,1230.0,2020-03-26,1548.0,25.85,3
SKFINDIA,2024-07-12,5023.5,2024-07-12,6137.95,22.18,1
SKFINDIA,2025-05-07,3853.2,2025-05-19,4670.0,21.2,9
SOLARINDS,2021-09-29,1990.0,2021-10-04,2444.0,22.81,4
SOLARINDS,2024-03-14,7300.1,2024-03-15,8989.0,23.14,2
SOLARINDS,2025-05-21,13266.0,2025-05-29,16300.0,22.87,7
SOUTHBANK,2020-06-03,5.75,2020-06-04,7.7,33.91,2
SOUTHBANK,2020-12-22,6.55,2020-12-23,9.05,38.17,2
SOUTHBANK,2022-09-14,8.4,2022-09-15,10.4,23.81,2
SOUTHBANK,2022-10-17,9.6,2022-10-27,14.15,47.4,8
SOUTHBANK,2023-09-13,22.25,2023-09-20,26.7,20.0,5
SPLPETRO,2016-01-22,48.28,2016-01-25,60.33,24.96,2
SPLPETRO,2020-12-02,160.0,2020-12-07,198.0,23.75,4
SPLPETRO,2021-04-15,238.45,2021-04-22,348.45,46.13,5
SPLPETRO,2023-06-15,378.55,2023-06-21,489.0,29.18,5
SPLPETRO,2025-04-07,537.95,2025-04-17,650.0,20.83,7
SUMICHEM,2020-03-30,156.25,2020-04-01,201.5,28.96,3
SUMICHEM,2020-04-07,189.6,2020-04-08,233.0,22.89,2
SUNDARMFIN,2020-03-25,982.05,2020-03-31,1256.9,27.99,5
SUNPHARMA,2020-04-03,340.0,2020-04-09,473.9,39.38,4
SUNTV,2020-04-07,271.4,2020-04-13,353.9,30.4,4
SUPREMEIND,2015-12-10,520.0,2015-12-10,658.5,26.63,1
SUPREMEIND,2020-04-08,815.0,2020-04-15,1028.75,26.23,4
SUPREMEIND,2020-11-17,1403.0,2020-11-24,1736.0,23.73,6
SUPREMEIND,2022-10-31,1952.2,2022-11-02,2345.0,20.12,3
SUPREMEIND,2024-04-24,4141.05,2024-04-30,5124.9,23.76,5
SUPREMEIND,2024-06-05,5351.1,2024-06-12,6460.0,20.72,6
TCI,2016-03-04,119.59,2016-03-04,145.01,21.25,1
TCI,2020-03-24,135.35,2020-03-27,188.0,38.9,4
TCI,2020-08-07,171.25,2020-08-13,214.4,25.2,5
TCI,2021-05-28,356.95,2021-05-31,495.0,38.67,2
TCI,2021-10-19,446.1,2021-10-22,624.7,40.04,4
TCS,2020-03-13,1506.05,2020-03-13,1820.0,20.85,1
TIINDIA,2020-05-28,316.5,2020-06-03,416.0,31.44,5
TIINDIA,2021-10-29,1366.0,2021-11-02,1700.0,24.45,3
TIINDIA,2022-06-24,1530.0,2022-06-30,1858.9,21.5,5
TIINDIA,2023-11-20,3131.0,2023-11-22,3830.0,22.33,3
TIINDIA,2023-12-06,3272.8,2023-12-12,3969.9,21.3,5
TIMKEN,2020-12-22,1055.0,2021-01-01,1339.55,26.97,8
TIMKEN,2022-05-26,1888.65,2022-06-02,2633.4,39.43,6
TIMKEN,2024-05-13,3393.85,2024-05-17,4288.0,26.35,5
TMB,2023-08-18,474.4,2023-08-21,581.0,22.47,2
TRITURBINE,2020-03-24,48.0,2020-03-26,58.5,21.88,3
TRITURBINE,2021-08-12,112.1,2021-08-17,138.0,23.1,4
TRITURBINE,2021-09-28,132.4,2021-10-04,187.7,41.77,5
TRITURBINE,2022-08-29,194.0,2022-09-05,242.8,25.15,5
TRITURBINE,2023-02-27,290.9,2023-03-01,368.5,26.68,3
TRITURBINE,2024-02-06,369.1,2024-02-07,498.0,34.92,2
TRITURBINE,2024-11-25,694.2,2024-11-26,885.0,27.48,2
TRITURBINE,2025-03-04,467.25,2025-03-07,639.0,36.76,4
TVSHLTD,2020-03-24,859.68,2020-03-27,1358.28,58.0,4
TVSHLTD,2020-06-05,1199.91,2020-06-10,1560.35,30.04,4
TVSHLTD,2020-11-26,1478.19,2020-12-03,1906.2,28.96,5
TVSHLTD,2020-12-15,1864.54,2020-12-21,2331.74,25.06,5
TVSHLTD,2021-01-20,2261.23,2021-01-25,2961.31,30.96,4
TVSHLTD,2021-04-22,2408.71,2021-04-28,3066.41,27.3,5
TVSHLTD,2023-12-11,6650.0,2023-12-18,8856.4,33.18,6
TVSHLTD,2024-06-26,11980.7,2024-07-01,14554.0,21.48,4
TVSHLTD,2025-05-14,9475.0,2025-05-19,11649.5,22.95,4
UNIONBANK,2017-10-24,127.1,2017-10-26,196.05,54.25,3
UNIONBANK,2020-05-27,22.65,2020-06-05,30.6,35.1,8
UNIONBANK,2020-11-25,26.0,2020-12-03,31.25,20.19,6
UNIONBANK,2022-11-03,51.2,2022-11-10,67.5,31.84,5
VBL,2017-03-30,22.16,2017-04-13,28.68,29.41,10
VBL,2017-12-20,30.58,2017-12-21,36.73,20.11,2
VBL,2017-12-26,33.78,2018-01-03,43.14,27.72,7
VBL,2020-03-23,42.86,2020-03-23,54.13,26.3,1
VBL,2020-04-15,48.45,2020-04-20,58.67,21.09,4
VBL,2020-11-26,67.4,2020-11-27,82.13,21.85,2
VBL,2023-02-03,220.0,2023-02-08,270.2,22.82,4
VESUVIUS,2023-07-26,263.35,2023-07-27,321.5,22.08,2
VESUVIUS,2024-04-16,330.27,2024-04-25,444.0,34.44,7
VESUVIUS,2025-03-04,374.2,2025-03-11,453.5,21.19,6
VINATIORGA,2016-06-03,228.0,2016-06-09,279.5,22.59,5
VINATIORGA,2018-03-26,389.5,2018-04-03,473.8,21.64,5
VINATIORGA,2018-07-27,463.1,2018-08-08,661.97,42.94,9
VINATIORGA,2018-10-24,604.83,2018-11-01,812.5,34.34,7
VINATIORGA,2020-03-25,651.3,2020-03-26,825.6,26.76,2
VINATIORGA,2020-04-07,749.75,2020-04-09,925.0,23.37,3
VINATIORGA,2020-09-14,1005.0,2020-09-18,1355.0,34.83,5
VINATIORGA,2021-02-08,1213.55,2021-02-16,1528.05,25.92,7
VOLTAMP,2020-05-29,830.0,2020-06-08,1059.7,27.67,7
VOLTAMP,2021-06-09,1271.65,2021-06-10,1567.5,23.27,2
VOLTAMP,2021-11-29,1590.0,2021-11-29,1937.5,21.86,1
VOLTAMP,2022-05-19,1753.45,2022-05-27,2199.0,25.41,7
VOLTAMP,2022-06-21,2344.0,2022-06-29,2920.0,24.57,7
VOLTAMP,2023-11-30,4951.0,2023-12-04,6097.75,23.16,3
VOLTAMP,2024-07-26,11789.15,2024-07-29,14567.0,23.56,2
WAAREERTL,2025-07-15,985.0,2025-07-16,1267.9,28.72,2
WAAREERTL,2025-10-09,1054.0,2025-10-14,1326.6,25.86,4
WELCORP,2022-05-12,159.75,2022-05-20,250.65,56.9,7
WELCORP,2025-04-07,664.3,2025-04-07,802.0,20.73,1
WELCORP,2025-05-23,758.0,2025-06-02,946.8,24.91,7
ZENSARTECH,2020-03-30,75.0,2020-04-03,93.0,24.0,4
ZENSARTECH,2020-06-04,95.15,2020-06-05,121.05,27.22,2
ZENSARTECH,2020-06-16,115.1,2020-06-17,161.0,39.88,2
ZENSARTECH,2020-07-27,139.0,2020-07-30,169.8,22.16,4
ZENSARTECH,2020-11-17,192.5,2020-11-24,232.9,20.99,6
ZENSARTECH,2023-02-14,246.5,2023-02-21,295.9,20.04,6
ZENSARTECH,2023-05-11,306.05,2023-05-15,389.8,27.36,3
ZENSARTECH,2023-07-11,383.7,2023-07-21,493.7,28.67,9
ZENSARTECH,2025-04-07,535.85,2025-04-07,667.0,24.48,1
ZFCVINDIA,2020-11-17,4832.9,2020-11-18,6080.0,25.8,2
ZFCVINDIA,2024-05-24,13200.15,2024-05-28,17490.0,32.5,3
ZYDUSLIFE,2020-03-13,202.0,2020-03-17,268.35,32.85,3
ZYDUSLIFE,2020-03-19,235.0,2020-03-20,290.0,23.4,2
ZYDUSLIFE,2020-04-03,258.3,2020-04-08,366.7,41.97,3
ZYDUSLIFE,2022-09-26,350.25,2022-10-10,426.9,21.88,10
