Symbol,TTM_Net_Profit,Max_Annual_Net_Profit,TTM_Net_Sales,Max_Annual_Net_Sales
20MICRONS,68.0,67.0,951.0,954.0
21STCENMGM,-17.0,32.0,-11.0,260.0
360ONE,1262.0,1216.0,4621.0,4470.0
3BBLACKBIO,56.0,114.0,153.0,227.0
3IINFOLTD,34.0,391.0,701.0,1344.0
3MINDIA,611.0,583.0,4186.0,4189.0
3PLAND,2.27,3.69,4.81,205.25
5PAISA,44.0,68.0,330.0,395.0
63MOONS,-99.0,426.0,318.0,369.0
A2ZINFRA,5.0,287.0,364.0,1349.0
AAATECH,2.08,3.69,19.37,21.79
AADHARHFC,1141.0,1096.0,3817.0,3683.0
AAKASH,5.0,6.0,103.0,93.0
AAREYDRUGS,4.0,7.0,415.0,493.0
AARNAV,9.0,9.0,452.0,462.0
AARON,8.29,8.24,97.21,92.01
AARTECH,4.89,3.97,43.83,40.88
AARTIDRUGS,191.0,280.0,2678.0,2716.0
AARTIIND,531.0,1186.0,9010.0,8286.0
AARTIPHARM,213.0,272.0,1969.0,2115.0
AARTISURF,18.0,22.0,916.0,859.0
AARVI,19.0,18.0,671.0,650.0
AASTHA,,,,
AAVAS,687.0,655.0,2765.0,2683.0
ABAN,32.0,34.0,14419.0,13813.0
ABANSENT,32.0,34.0,14419.0,13813.0
ABB,2988.0,1872.0,13477.0,13203.0
ABBOTINDIA,1615.0,1552.0,7004.0,6929.0
ABCAPITAL,4119.0,4824.0,48186.0,45513.0
ABCOTS,14.0,13.0,333.0,299.0
ABDL,210.0,220.0,3979.0,3923.0
ABFRL,-845.0,321.0,8371.0,12418.0
ABINFRA,20.0,19.0,272.0,256.0
ABLBL,176.0,171.0,8601.0,8396.0
ABMINTLLTD,-1.38,10.16,50.61,155.95
ABMKNO,10.0,22.0,105.0,103.0
ABREL,-122.0,6063.0,450.0,7645.0
ABSLAMC,1007.0,975.0,1861.0,2056.0
ACC,1909.0,2402.0,25442.0,25962.0
ACCELYA,,,,
ACCURACY,4.0,18.0,650.0,945.0
ACE,437.0,415.0,3414.0,3327.0
ACEINTEG,-0.85,1.63,0.5,22.15
ACI,96.0,383.0,1116.0,1441.0
ACL,-73.0,950.0,485.0,466.0
ACMESOLAR,602.0,698.0,2370.0,2023.0
ACSTECH,12.0,9.0,332.0,264.0
ACUTAAS,387.0,356.0,1462.0,1339.0
ADANIENSOL,3090.0,2393.0,30480.0,27588.0
ADANIENT,7513.0,9951.0,111431.0,127540.0
ADANIGREEN,2146.0,2001.0,13559.0,12928.0
ADANIPORTS,13121.0,12782.0,40430.0,38736.0
ADANIPOWER,14533.0,20829.0,59033.0,56203.0
ADFFOODS,92.0,90.0,718.0,683.0
ADL,-0.11,0.73,46.32,54.28
ADOR,114.0,86.0,1198.0,1140.0
ADROITINFO,3.6,15.6,53.85,52.95
ADSL,38.0,61.0,1009.0,968.0
ADVAIT,61.0,55.0,775.0,715.0
ADVANCE,49.0,35.0,800.0,638.0
ADVANIHOTR,23.0,29.0,108.0,107.0
ADVENTHTL,40.0,65.0,388.0,387.0
ADVENZYMES,172.0,174.0,750.0,746.0
AEGISLOG,1476.0,1107.0,8971.0,8627.0
AEGISVOPAK,286.0,342.0,904.0,923.0
AEPL,8.67,8.71,77.08,80.56
AEQUS,-170.0,-14.0,1370.0,1230.0
AEROENTER,174.0,274.0,752.0,698.0
AEROFLEX,67.0,56.0,503.0,442.0
AERONEU,1.0,4.0,128.0,129.0
AEROPLANE,124.0,103.0,2523.0,2287.0
AETHER,235.0,219.0,1231.0,1160.0
AFCONS,144.0,487.0,11249.0,13268.0
AFFLE,478.0,455.0,2836.0,2709.0
AFFORDABLE,6.0,7.0,112.0,163.0
AFIL,44.0,42.0,159.0,149.0
AFSL,138.0,109.0,25747.0,23874.0
AGARIND,41.0,116.0,1492.0,2399.0
AGARWALEYE,185.0,168.0,2207.0,2080.0
AGI,362.0,352.0,2763.0,2712.0
AGIIL,102.0,95.0,357.0,353.0
AGL,,,,
AGRITECH,-2.57,-0.33,0.29,0.38
AGROPHOS,5.0,10.0,137.0,148.0
AGSTRA,-170.0,83.0,1250.0,1806.0
AHCL,29.0,28.0,174.0,176.0
AHLADA,-0.35,13.65,97.54,259.46
AHLEAST,-48.0,32.0,124.0,202.0
AHLUCONT,225.0,375.0,4686.0,4565.0
AHLWEST,71.0,74.0,444.0,435.0
AIAENG,1265.0,1269.0,4549.0,4909.0
AIIL,2095.0,4304.0,2863.0,4580.0
AIRAN,16.0,19.0,113.0,112.0
AIROLAM,6.0,8.0,258.0,243.0
AJANTPHARM,1135.0,1056.0,5776.0,5453.0
AJAXENGG,228.0,260.0,2111.0,2103.0
AJMERA,163.0,157.0,1149.0,1090.0
AJOONI,4.0,4.0,215.0,182.0
AKASH,0.66,5.43,99.68,159.83
AKCAPIT,118.0,114.0,577.0,572.0
AKG,0.37,2.48,78.53,221.03
AKI,3.0,2.0,119.0,107.0
AKSHAR,-6.0,9.0,121.0,175.0
AKSHARCHEM,23.0,17.0,199.0,200.0
AKSHOPTFBR,-2.0,26.0,149.0,618.0
AKUMS,293.0,344.0,4502.0,4359.0
ALANKIT,20.0,22.0,330.0,343.0
ALBERTDAVD,23.0,75.0,364.0,362.0
ALEMBICLTD,321.0,343.0,239.0,240.0
ALGOQUANT,45.0,33.0,259.0,235.0
ALICON,37.0,61.0,1931.0,1776.0
ALIVUS,603.0,564.0,2590.0,2552.0
ALKALI,1.08,3.48,89.98,93.03
ALKEM,2204.0,2351.0,15081.0,14712.0
ALKYLAMINE,225.0,295.0,1658.0,1683.0
ALLCARGO,45.0,965.0,2113.0,19062.0
ALLDIGI,85.0,83.0,605.0,599.0
ALLTIME,35.0,47.0,614.0,611.0
ALMONDZ,34.0,34.0,202.0,190.0
ALOKINDS,-711.0,2076.0,3775.0,24153.0
ALPA,4.0,20.0,111.0,112.0
ALPHAGEO,0.0,54.0,153.0,429.0
ALPINETEX,,,,
AMAGI,102.0,72.0,1612.0,1506.0
AMANTA,15.0,55.0,291.0,288.0
AMBALALSA,14.0,48.0,206.0,202.0
AMBER,124.0,251.0,12625.0,12186.0
AMBICAAGAR,3.0,10.0,136.0,168.0
AMBIKCO,81.0,180.0,847.0,921.0
AMBUJACEM,5222.0,5637.0,39867.0,40656.0
AMDIND,4.0,19.0,318.0,350.0
AMJLAND,15.0,21.0,53.0,333.0
AMNPLST,39.0,41.0,581.0,661.0
AMRUTANJAN,54.0,67.0,511.0,503.0
ANANDRATHI,467.0,397.0,1197.0,1253.0
ANANTRAJ,580.0,559.0,2551.0,2512.0
ANDHRAPAP,28.0,522.0,1702.0,2098.0
ANDHRSUGAR,109.0,246.0,2493.0,2466.0
ANGELONE,1032.0,1172.0,5426.0,5239.0
ANIKINDS,-1.0,36.0,110.0,610.0
ANKITMETAL,-257.0,51.0,818.0,1476.0
ANMOL,12.0,21.0,1296.0,1501.0
ANNAPURNA,,,,
ANSALAPI,-158.0,20.0,768.0,1406.0
ANTELOPUS,133.0,90.0,359.0,279.0
ANTGRAPHIC,1.09,1.28,98.32,62.91
ANTHEM,576.0,592.0,2002.0,2124.0
ANUHPHR,44.0,60.0,779.0,772.0
ANUP,85.0,118.0,772.0,822.0
ANURAS,225.0,222.0,2535.0,2365.0
APARINDS,1182.0,977.0,24389.0,22902.0
APCL,-33.0,42.0,405.0,801.0
APCOTEXIND,38.0,39.0,361.0,352.0
APEX,51.0,79.0,927.0,1070.0
APLAPOLLO,1229.0,1203.0,23065.0,23079.0
APLLTD,690.0,1146.0,7784.0,7345.0
APOLLO,115.0,107.0,1022.0,904.0
APOLLOHOSP,2172.0,2003.0,26430.0,25228.0
APOLLOPIPE,-15.0,43.0,1125.0,1182.0
APOLLOTYRE,1708.0,1722.0,29308.0,28471.0
APOLSINHOT,8.0,21.0,672.0,632.0
APTECHT,24.0,68.0,517.0,503.0
APTUS,985.0,943.0,2272.0,2192.0
AQYLON,-24.0,13.0,5.0,180.0
ARCHIDPLY,13.0,12.0,712.0,671.0
ARCHIES,-5.97,4.12,50.24,194.51
ARDEE,,,,
ARE&M,922.0,945.0,14627.0,13814.0
ARENTERP,-0.06,0.72,0.57,1.9
ARFIN,18.0,15.0,722.0,618.0
ARIES,47.0,42.0,779.0,753.0
ARIHANT,68.0,59.0,472.0,420.0
ARIHANTCAP,40.0,71.0,233.0,247.0
ARIHANTSUP,40.0,69.0,561.0,551.0
ARIS,75.0,60.0,1146.0,1067.0
ARKADE,-4.0,157.0,804.0,816.0
ARMANFIN,116.0,174.0,697.0,730.0
AROGRANITE,-19.0,17.0,67.0,253.0
ARROWGREEN,64.0,63.0,247.0,243.0
ARSHIYA,-2.08,401.57,18.15,301.7
ARSSBL,130.0,129.0,977.0,932.0
ARTEMISMED,114.0,104.0,1114.0,1081.0
ARTNIRMAN,0.39,1.99,33.84,81.13
ARVEE,4.05,4.12,41.26,61.35
ARVIND,430.0,427.0,9798.0,9303.0
ARVINDFASN,186.0,184.0,5437.0,5266.0
ARVSMART,189.0,119.0,780.0,713.0
ASAHIINDIA,439.0,367.0,5175.0,4990.0
ASAHISONG,34.0,32.0,575.0,562.0
ASAL,30.0,52.0,971.0,891.0
ASALCBR,83.0,88.0,1034.0,1075.0
ASHAPURMIN,411.0,416.0,5498.0,5237.0
ASHIANA,118.0,118.0,958.0,1143.0
ASHIKAG,74.0,59.0,284.0,240.0
ASHIMASYN,-16.0,96.0,20.0,336.0
ASHOKA,2476.0,2576.0,7132.0,10037.0
ASHOKAMET,13.0,11.0,26.0,67.0
ASHOKLEY,3731.0,3721.0,57723.0,48314.0
ASIANENE,59.0,52.0,947.0,791.0
ASIANHOTNR,-92.0,187.0,348.0,341.0
ASIANPAINT,4837.0,5558.0,37187.0,35584.0
ASIANTILES,11.0,92.0,1938.0,1858.0
ASKAUTOLTD,316.0,297.0,4643.0,4176.0
ASMS,7.0,110.0,107.0,104.0
ASPINWALL,16.0,29.0,440.0,417.0
ASTAR,33.0,116.0,2804.0,4478.0
ASTEC,-67.0,90.0,441.0,677.0
ASTERDM,363.0,5408.0,4876.0,10253.0
ASTRAL,576.0,546.0,6785.0,6569.0
ASTRAMICRO,189.0,193.0,1140.0,1163.0
ASTRAZEN,170.0,188.0,2432.0,2276.0
ASTRON,,,,
ATALREAL,7.0,6.0,120.0,120.0
ATAM,1.82,7.67,47.21,60.23
ATGL,632.0,668.0,6269.0,5894.0
ATHERENERG,-390.0,-220.0,4244.0,3672.0
ATL,41.0,59.0,848.0,821.0
ATLANTAA,-5.06,467.86,77.72,540.58
ATLANTAELE,217.0,202.0,2003.0,1852.0
ATLASCYCLE,-8.37,9.51,6.46,684.28
ATUL,811.0,689.0,6643.0,6274.0
ATULAUTO,49.0,55.0,890.0,824.0
AUBANK,2856.0,2641.0,19561.0,18636.0
AURIONPRO,206.0,212.0,1432.0,1411.0
AUROPHARMA,3711.0,5334.0,34935.0,33653.0
AURUM,56.0,2413.0,431.0,988.0
AURUS,1.78,3.54,15.95,436.84
AUSOMENT,25.0,20.0,4398.0,2393.0
AUTOAXLES,174.0,166.0,2205.0,2324.0
AUTOIND,40.0,38.0,938.0,824.0
AVADHSUGAR,66.0,203.0,2756.0,2798.0
AVALON,134.0,113.0,1764.0,1603.0
AVANTEL,17.0,56.0,241.0,249.0
AVANTIFEED,587.0,657.0,6360.0,6066.0
AVG,28.0,32.0,565.0,557.0
AVL,139.0,117.0,2924.0,2672.0
AVONMORE,32.0,122.0,206.0,212.0
AVROIND,4.24,4.6,98.31,94.64
AVTNPL,84.0,77.0,822.0,713.0
AWFIS,85.0,71.0,1584.0,1493.0
AWHCL,70.0,101.0,1067.0,1053.0
AWL,1158.0,1226.0,77720.0,74731.0
AXISBANK,27939.0,28191.0,135732.0,132538.0
AXISCADES,36.0,75.0,934.0,1031.0
AXITA,-1.0,1.0,654.0,653.0
AYE,238.0,194.0,1872.0,1815.0
AYMSYNTEX,19.0,12.0,1390.0,1489.0
AZAD,139.0,134.0,638.0,603.0
BAFNAPH,8.0,11.0,143.0,152.0
BAGFILMS,6.0,10.0,157.0,150.0
BAIDFIN,15.0,15.0,95.0,97.0
BAJAJ-AUTO,11553.0,10574.0,71460.0,62905.0
BAJAJCON,223.0,223.0,1240.0,1165.0
BAJAJELEC,-43.0,216.0,4487.0,6662.0
BAJAJFINSV,20637.0,19669.0,157642.0,150530.0
BAJAJHCARE,18.0,83.0,628.0,680.0
BAJAJHFL,2692.0,2560.0,11604.0,11150.0
BAJAJHIND,115.0,126.0,5332.0,6806.0
BAJAJHLDNG,8993.0,9789.0,1139.0,1702.0
BAJAJINDEF,23.0,34.0,202.0,208.0
BAJAJST,29.0,84.0,537.0,585.0
BAJEL,22.0,20.0,2751.0,2792.0
BAJFINANCE,20648.0,19332.0,85964.0,81985.0
BALAJEE,10.0,36.0,584.0,579.0
BALAJITELE,-21.0,85.0,378.0,625.0
BALAMINES,211.0,418.0,1523.0,2346.0
BALAXI,2.0,48.0,280.0,336.0
BALKRISHNA,-6.55,16.48,5.38,242.38
BALKRISIND,1406.0,1655.0,11518.0,10823.0
BALMLAWRIE,274.0,270.0,2785.0,3254.0
BALPHARMA,7.0,7.0,334.0,339.0
BALRAMCHIN,371.0,593.0,6366.0,6271.0
BALUFORGE,268.0,259.0,1175.0,1107.0
BANARBEADS,1.89,4.32,28.34,31.56
BANARISUG,122.0,152.0,1670.0,2526.0
BANCOINDIA,495.0,482.0,4110.0,3896.0
BANDHANBNK,1353.0,3024.0,21844.0,21948.0
BANG,5.0,7.0,233.0,224.0
BANKA,0.35,6.23,56.49,57.09
BANKBARODA,18392.0,20865.0,136546.0,134298.0
BANKINDIA,11783.0,10309.0,77244.0,75613.0
BANSALWIRE,142.0,161.0,4389.0,4160.0
BANSWRAS,37.0,113.0,1366.0,1499.0
BASF,643.0,563.0,16027.0,14944.0
BASML,23.0,56.0,869.0,1560.0
BATAINDIA,146.0,331.0,3553.0,3516.0
BATLIBOI,9.0,13.0,496.0,415.0
BAYERCROP,732.0,758.0,5595.0,5675.0
BBL,112.0,134.0,2356.0,2274.0
BBOX,226.0,218.0,6654.0,6322.0
BBTC,2584.0,2499.0,19915.0,19539.0
BBTCL,32.0,24.0,645.0,616.0
BCG,1013.0,1371.0,7225.0,7397.0
BCLIND,128.0,126.0,2583.0,2815.0
BCONCEPTS,1.0,12.0,356.0,348.0
BCPL,10.0,8.0,218.0,210.0
BDL,521.0,613.0,2766.0,4887.0
BEARDSELL,11.0,11.0,282.0,275.0
BECTORFOOD,149.0,143.0,2119.0,2044.0
BEDMUTHA,17.0,196.0,1698.0,1467.0
BEEKAY,43.0,158.0,1267.0,1296.0
BEL,6148.0,6062.0,28717.0,27610.0
BELLACASA,18.0,20.0,446.0,416.0
BELRISE,507.0,497.0,9793.0,9509.0
BEML,178.0,293.0,4536.0,4351.0
BENGALASM,782.0,4194.0,2437.0,16521.0
BEPL,200.0,350.0,1440.0,1398.0
BERGEPAINT,1218.0,1183.0,12263.0,11880.0
BESTAGRO,30.0,192.0,1272.0,1873.0
BETA,46.0,42.0,410.0,385.0
BFINVEST,390.0,434.0,78.0,1074.0
BFUTILITIE,-9.21,27.17,18.98,21.25
BGRENERGY,-1249.0,85.0,227.0,3441.0
BHAGCHEM,28.0,45.0,607.0,536.0
BHAGERIA,68.0,71.0,1003.0,874.0
BHAGYANGR,63.0,50.0,2597.0,2378.0
BHANDARI,7.0,8.0,268.0,283.0
BHARATCOAL,-117.0,1564.0,12911.0,15917.0
BHARATFORG,716.0,1089.0,17543.0,16812.0
BHARATGEAR,15.0,26.0,820.0,784.0
BHARATRAS,143.0,176.0,1203.0,1301.0
BHARATSE,46.0,42.0,2102.0,1951.0
BHARATWIRE,69.0,96.0,579.0,622.0
BHARTIARTL,36413.0,37481.0,220049.0,210973.0
BHARTIHEXA,1824.0,1733.0,9601.0,9354.0
BHEL,2432.0,1600.0,35993.0,33782.0
BI,-6.0,50.0,773.0,2997.0
BIGBLOC,-4.0,31.0,306.0,283.0
BIKAJI,255.0,263.0,3075.0,2994.0
BIL,26.0,63.0,1451.0,1358.0
BILVYAPAR,0.42,19.13,0.0,260.6
BIMETAL,11.0,12.0,305.0,297.0
BIOCON,416.0,1429.0,17321.0,16927.0
BIOFILCHEM,0.48,2.79,34.32,40.04
BIRLACABLE,46.0,33.0,861.0,792.0
BIRLACORPN,554.0,630.0,9848.0,9656.0
BIRLAMONEY,10.0,22.0,172.0,164.0
BIRLANU,-109.0,260.0,3852.0,3730.0
BIRLAPREC,14.0,14.0,248.0,253.0
BLACKBUCK,169.0,160.0,713.0,867.0
BLACKROSE,29.0,32.0,352.0,488.0
BLAL,2.29,0.01,1.96,0.98
BLBLIMITED,27.0,33.0,781.0,746.0
BLIL,281.0,278.0,2795.0,2728.0
BLISSGVS,142.0,135.0,1005.0,927.0
BLKASHYAP,1.0,53.0,1388.0,1379.0
BLS,744.0,724.0,3178.0,2998.0
BLSE,70.0,69.0,1178.0,1118.0
BLUECHIP,-0.39,0.69,0.18,7.33
BLUECOAST,-1.07,80.0,2.25,134.89
BLUEDART,287.0,382.0,6357.0,6141.0
BLUEJET,235.0,305.0,886.0,1030.0
BLUESTARCO,509.0,591.0,12798.0,12402.0
BLUESTONE,54.0,13.0,2681.0,2436.0
BLUSPRING,-17.0,-23.0,3534.0,3484.0
BMWVENTLTD,40.0,37.0,2403.0,2278.0
BNAGROCHEM,17.0,34.0,927.0,873.0
BNALTD,3.0,27.0,299.0,292.0
BODALCHEM,69.0,141.0,2267.0,2055.0
BOHRAIND,-2.84,7.41,0.0,113.28
BOMDYEING,20.0,2949.0,1493.0,4430.0
BONLON,1.0,12.0,582.0,651.0
BORANA,69.0,65.0,408.0,389.0
BOROLTD,70.0,85.0,1217.0,1196.0
BORORENEW,418.0,137.0,1615.0,1556.0
BOROSCI,43.0,35.0,478.0,467.0
BOSCH-HCIL,5.0,100.0,2942.0,2756.0
BOSCHLTD,2363.0,2773.0,21088.0,20035.0
BPCL,17132.0,26859.0,493954.0,473187.0
BPL,-15.0,76.0,80.0,105.0
BRIGADE,784.0,725.0,5532.0,5697.0
BRIGHOTEL,75.0,65.0,528.0,525.0
BRITANNIA,2610.0,2537.0,19529.0,19152.0
BRNL,-150.0,29.0,6.0,91.0
BROOKS,13.0,25.0,83.0,91.0
BSE,2822.0,2487.0,5442.0,5124.0
BSHSL,29.0,27.0,374.0,358.0
BSL,4.0,17.0,669.0,667.0
BSOFT,573.0,624.0,5404.0,5375.0
BTML,8.0,8.0,127.0,116.0
BTTL,-7.91,17.34,27.67,26.91
BUILDPRO,132.0,128.0,7147.0,6826.0
BURNPUR,-82.0,1.0,0.0,151.0
BUTTERFLY,48.0,52.0,970.0,1057.0
BVCL,2.0,7.0,216.0,234.0
BYKE,7.0,36.0,109.0,270.0
CALSOFT,15.0,11.0,25.0,20.0
CAMLINFINE,1.0,65.0,1845.0,1723.0
CAMPUS,154.0,150.0,1816.0,1774.0
CAMS,491.0,472.0,1557.0,1516.0
CANBK,19828.0,19712.0,127805.0,126371.0
CANFINHOME,1130.0,1086.0,4292.0,4217.0
CANHLIFE,131.0,127.0,12275.0,11841.0
CANTABIL,97.0,96.0,873.0,853.0
CAPACITE,186.0,204.0,2662.0,2623.0
CAPILLARY,42.0,52.0,811.0,735.0
CAPITALSFB,151.0,141.0,1090.0,1049.0
CAPLIPOINT,678.0,650.0,2287.0,2187.0
CAPTRUST,7.0,38.0,103.0,192.0
CARBORUNIV,188.0,476.0,5414.0,5206.0
CARERATING,180.0,174.0,491.0,473.0
CARRARO,133.0,131.0,2307.0,2255.0
CARTRADE,253.0,244.0,807.0,779.0
CARYSIL,108.0,99.0,959.0,924.0
CASTROLIND,1062.0,950.0,6219.0,5722.0
CCAVENUE,321.0,295.0,9516.0,8116.0
CCCL,-4.0,673.0,364.0,670.0
CCHHL,-18.0,27.0,70.0,521.0
CCL,433.0,388.0,4602.0,4457.0
CDSL,470.0,526.0,1179.0,1145.0
CEATLTD,589.0,697.0,16467.0,15678.0
CEIGALL,321.0,309.0,4154.0,4022.0
CEINSYS,133.0,133.0,662.0,661.0
CELEBRITY,-11.0,21.0,158.0,364.0
CELLO,324.0,365.0,2321.0,2324.0
CEMPRO,602.0,598.0,10205.0,10061.0
CENTENKA,147.0,101.0,1858.0,2072.0
CENTEXT,12.0,11.0,513.0,479.0
CENTRALBK,4571.0,4531.0,37270.0,36168.0
CENTRUM,-323.0,142.0,3643.0,9895.0
CENTUM,49.0,60.0,1059.0,1091.0
CENTURYPLY,299.0,384.0,5789.0,5397.0
CERA,248.0,249.0,1948.0,1926.0
CEREBRAINT,-64.0,35.0,4.0,385.0
CESC,1630.0,1618.0,18853.0,18570.0
CEWATER,-7.0,51.0,541.0,594.0
CGCL,1128.0,949.0,5306.0,4731.0
CGPOWER,1240.0,1428.0,12821.0,12418.0
CHALET,528.0,645.0,2387.0,2770.0
CHAMBLFERT,1928.0,1953.0,20123.0,27773.0
CHEMBOND,15.0,156.0,265.0,440.0
CHEMBONDCH,38.0,35.0,347.0,440.0
CHEMCON,28.0,63.0,253.0,303.0
CHEMFAB,-0.0,65.0,293.0,334.0
CHEMPLASTS,-391.0,649.0,4249.0,5892.0
CHENNPETRO,4174.0,3532.0,76197.0,76271.0
CHEVIOT,68.0,79.0,598.0,571.0
CHOICEIN,251.0,238.0,1194.0,1119.0
CHOLAFIN,5751.0,5233.0,32663.0,31120.0
CHOLAHLDNG,6015.0,5485.0,40890.0,39156.0
CIEINDIA,903.0,1125.0,9997.0,9406.0
CIFL,27.0,31.0,532.0,680.0
CINELINE,12.0,12.0,251.0,237.0
CINEVISTA,6.11,6.1,26.83,59.02
CIPLA,3356.0,5269.0,28324.0,28163.0
CLCIND,-48.0,2.0,109.0,1638.0
CLEAN,233.0,295.0,982.0,967.0
CLEANMAX,157.0,86.0,2343.0,1913.0
CLEDUCATE,-24.0,23.0,530.0,548.0
CLSEL,125.0,118.0,1478.0,1495.0
CMLL,,,,
CMPDI,,,,
CMRGREEN,,,,
CMSINFO,293.0,372.0,2494.0,2487.0
CNL,74.0,70.0,2787.0,2705.0
COALINDIA,31186.0,37369.0,157856.0,169177.0
COASTCORP,32.0,38.0,1041.0,971.0
COCHINSHIP,680.0,827.0,5047.0,5022.0
COCKERILL,12.0,35.0,548.0,667.0
COFFEEDAY,191.0,1849.0,1136.0,4142.0
COFORGE,1920.0,1745.0,18195.0,16403.0
COHANCE,59.0,454.0,2142.0,2269.0
COLPAL,1348.0,1437.0,6204.0,6040.0
COMFINTE,-3.0,17.0,156.0,155.0
COMPINFO,,,,
COMPUSOFT,2.91,12.72,33.43,70.32
COMSYN,30.0,26.0,406.0,387.0
CONCOR,1247.0,1292.0,9085.0,9079.0
CONCORDBIO,273.0,372.0,1108.0,1200.0
CONFIPET,139.0,105.0,6001.0,4705.0
CONSOFINVT,450.0,443.0,26.0,210.0
CONTROLPR,39.0,100.0,486.0,482.0
CORALFINAC,14.0,21.0,15.0,31.0
CORDELIA,,,,
CORDSCABLE,25.0,21.0,975.0,954.0
COROMANDEL,1778.0,2055.0,32602.0,31480.0
CORONA,199.0,185.0,1479.0,1403.0
COSMOFIRST,167.0,397.0,4004.0,3639.0
COUNCODOS,0.62,2.53,18.04,45.27
CPCAP,45.0,43.0,76.0,105.0
CPEDU,24.0,23.0,51.0,51.0
CPL,28.0,31.0,429.0,417.0
CPPLUS,477.0,368.0,4883.0,4221.0
CRAFTSMAN,465.0,384.0,8717.0,8069.0
CRAMC,218.0,204.0,478.0,454.0
CREATIVEYE,-4.57,0.53,0.72,28.93
CREDITACC,1211.0,1446.0,6380.0,6059.0
CREST,34.0,396.0,126.0,651.0
CRISIL,884.0,766.0,4126.0,3649.0
CRIZAC,220.0,219.0,1034.0,1042.0
CROMPTON,-212.0,617.0,8332.0,8096.0
CROWN,9.03,18.98,42.67,39.72
CSBBANK,665.0,633.0,4752.0,4505.0
CSLFINANCE,87.0,86.0,267.0,256.0
CSM,,,,
CTE,7.0,19.0,179.0,206.0
CUB,1403.0,1326.0,7249.0,6870.0
CUBEXTUB,8.0,7.0,303.0,288.0
CUMMINSIND,2367.0,2362.0,12662.0,12143.0
CUPID,137.0,108.0,453.0,358.0
CURAA,-1.75,0.0,0.74,6.33
CYBERMEDIA,4.0,5.0,128.0,103.0
CYBERTECH,32.0,35.0,247.0,237.0
CYIENT,414.0,703.0,7632.0,7360.0
CYIENTDLM,82.0,73.0,1357.0,1520.0
DABUR,1947.0,1869.0,13552.0,13193.0
DAICHI,2.0,51.0,180.0,194.0
DALBHARAT,953.0,1183.0,15058.0,14804.0
DALMIASUG,203.0,366.0,3525.0,3725.0
DAMCAPITAL,73.0,104.0,236.0,250.0
DAMODARIND,6.0,18.0,480.0,909.0
DANGEE,-1.41,2.15,29.69,38.32
DATAMATICS,217.0,206.0,2034.0,1987.0
DATAPATTNS,268.0,271.0,941.0,925.0
DAVANGERE,8.0,13.0,249.0,280.0
DBCORP,352.0,426.0,2400.0,2463.0
DBEIL,28.0,60.0,538.0,579.0
DBL,1255.0,1398.0,8741.0,12012.0
DBOL,84.0,111.0,2036.0,2408.0
DBREALTY,12.0,1317.0,864.0,1593.0
DBSTOCKBRO,2.96,9.05,31.03,48.25
DCAL,16.0,210.0,2901.0,2932.0
DCBBANK,788.0,732.0,7575.0,7404.0
DCI,22.0,21.0,756.0,737.0
DCM,1.22,30.17,74.38,961.69
DCMFINSERV,-0.96,2.1,0.0,3.96
DCMNVL,28.0,123.0,1062.0,1081.0
DCMSHRIRAM,1436.0,1067.0,13840.0,13538.0
DCMSIL,-17.0,63.0,446.0,574.0
DCMSRIND,61.0,122.0,1990.0,2351.0
DCW,71.0,192.0,2210.0,2634.0
DCXINDIA,-20.0,76.0,624.0,1424.0
DDEVPLSTIK,213.0,202.0,3168.0,2948.0
DECCANCE,10.0,29.0,704.0,636.0
DECNGOLD,-45.0,-2.0,14.0,14.0
DEEDEV,80.0,77.0,1213.0,1142.0
DEEPAKFERT,985.0,1221.0,12104.0,11506.0
DEEPAKNTR,783.0,1067.0,8575.0,8282.0
DEEPINDS,224.0,197.0,970.0,891.0
DELHIVERY,93.0,162.0,11145.0,10508.0
DELPHIFX,,,,
DELTACORP,-157.0,262.0,673.0,964.0
DELTAMAGNT,-11.0,19.0,67.0,124.0
DEN,147.0,236.0,976.0,1307.0
DENORA,12.0,20.0,115.0,122.0
DENTA,54.0,61.0,242.0,250.0
DEVIT,76.0,76.0,191.0,190.0
DEVX,10.0,9.0,224.0,226.0
DEVYANI,-28.0,263.0,5835.0,5611.0
DGCONTENT,1.0,24.0,502.0,489.0
DHAMPURSUG,71.0,251.0,1999.0,4157.0
DHANBANK,115.0,103.0,1683.0,1601.0
DHANUKA,268.0,297.0,1953.0,2035.0
DHARAN,-35.0,20.0,6.0,129.0
DHARMAJ,60.0,55.0,1153.0,1138.0
DHRUV,-35.0,7.0,37.0,102.0
DHUNINV,163.0,652.0,448.0,2805.0
DIACABS,193.0,143.0,2298.0,3153.0
DIAMINESQ,-10.0,42.0,41.0,110.0
DIAMONDYD,12.0,53.0,1806.0,1725.0
DICIND,29.0,86.0,980.0,892.0
DIFFNKG,55.0,50.0,436.0,407.0
DIGIDRIVE,5.75,7.91,46.8,49.78
DIGISPICE,19.0,19.0,449.0,1587.0
DIGITIDE,-1.0,138.0,3120.0,3269.0
DIGJAMLMTD,-1.14,8.94,36.79,132.47
DISAQ,51.0,54.0,410.0,425.0
DISHTV,-999.0,692.0,1099.0,6166.0
DIVGIITTS,63.0,51.0,418.0,353.0
DIVISLAB,2925.0,2960.0,11230.0,10560.0
DIXON,2082.0,1644.0,51585.0,48873.0
DJML,12.0,11.0,149.0,138.0
DLF,4446.0,4477.0,6758.0,9926.0
DLINKINDIA,107.0,104.0,1672.0,1566.0
DMART,3057.0,2970.0,71256.0,68821.0
DMCC,40.0,46.0,708.0,582.0
DNAMEDIA,-6.59,160.7,7.44,124.04
DODLA,245.0,267.0,4316.0,4125.0
DOLATALGO,144.0,216.0,433.0,530.0
DOLLAR,112.0,147.0,1887.0,1881.0
DOLPHIN,72.0,69.0,143.0,416.0
DOMS,226.0,240.0,2435.0,2326.0
DONEAR,46.0,43.0,928.0,914.0
DPABHUSHAN,240.0,212.0,4377.0,4065.0
DPSCLTD,,,,
DPWIRES,19.0,41.0,485.0,1216.0
DRAGARWQ,76.0,70.0,497.0,471.0
DRCSYSTEMS,21.0,19.0,101.0,96.0
DREAMFOLKS,-23.0,73.0,351.0,1292.0
DREDGECORP,39.0,62.0,1322.0,1208.0
DRREDDY,3183.0,5725.0,33228.0,33700.0
DSFCL,-5.0,19.0,378.0,429.0
DSKULKARNI,-2.07,18.5,0.0,203.07
DSSL,85.0,85.0,1409.0,1424.0
DTIL,-12.0,73.0,441.0,471.0
DUCON,10.0,14.0,414.0,451.0
DVL,191.0,551.0,443.0,4172.0
DWARKESH,-9.0,,555.0,
DYCL,91.0,84.0,1285.0,1198.0
DYNAMATECH,42.0,122.0,1675.0,1626.0
DYNPRO,20.0,28.0,371.0,379.0
E2E,31.0,47.0,366.0,246.0
EASEMYTRIP,-60.0,134.0,557.0,591.0
EASTSILK,-14.0,44.0,24.0,103.0
EBGNG,142.0,132.0,1991.0,1891.0
ECLERX,729.0,706.0,4335.0,4117.0
ECOSMOBLTY,59.0,63.0,838.0,808.0
EDELWEISS,712.0,1044.0,10508.0,11078.0
EFCIL,259.0,235.0,1100.0,1037.0
EICHERMOT,5773.0,5515.0,24998.0,23408.0
EIDPARRY,1227.0,1828.0,38836.0,38534.0
EIEL,191.0,188.0,1264.0,1146.0
EIFFL,5.0,6.0,157.0,152.0
EIHAHOTELS,88.0,92.0,381.0,408.0
EIHOTEL,741.0,770.0,3023.0,2940.0
EIMCOELECO,40.0,49.0,241.0,246.0
EKC,125.0,265.0,1430.0,1699.0
ELANTAS,178.0,148.0,937.0,848.0
ELCIDIN,95.0,176.0,115.0,235.0
ELDEHSG,36.0,54.0,185.0,169.0
ELECON,236.0,415.0,2396.0,2366.0
ELECTCAST,121.0,740.0,5786.0,7478.0
ELECTHERM,-36.0,442.0,3771.0,4272.0
ELGIEQUIP,448.0,430.0,4146.0,3951.0
ELGIRUBCO,-198.0,12.0,351.0,440.0
ELIN,-8.0,39.0,1355.0,1288.0
ELITECON,336.0,70.0,4771.0,549.0
ELLEN,121.0,104.0,357.0,342.0
ELPROINTL,129.0,1057.0,567.0,528.0
EMAMILTD,750.0,837.0,3915.0,3809.0
EMAMIPAP,94.0,115.0,2008.0,2381.0
EMAMIREAL,-155.0,15.0,93.0,1041.0
EMBDL,-944.0,2360.0,1265.0,4944.0
EMCURE,1019.0,941.0,9683.0,9204.0
EMIL,206.0,184.0,7863.0,7183.0
EMKAY,20.0,57.0,399.0,396.0
EMMBI,9.0,8.0,467.0,456.0
EMMVEE,1274.0,1082.0,5578.0,5050.0
EMPOWER,19.0,18.0,164.0,153.0
EMSLIMITED,69.0,184.0,652.0,966.0
EMUDHRA,117.0,110.0,745.0,702.0
ENDURANCE,970.0,952.0,15592.0,14596.0
ENERGYDEV,-3.7,9.54,42.31,150.05
ENGINERSIN,784.0,692.0,3878.0,3928.0
ENIL,-8.0,109.0,562.0,621.0
ENRIN,1488.0,1100.0,9436.0,7827.0
ENTERO,168.0,146.0,7128.0,6591.0
EPACK,-8.0,55.0,2118.0,2171.0
EPACKPEB,95.0,93.0,1596.0,1525.0
EPIGRAL,271.0,358.0,2626.0,2550.0
EPL,393.0,394.0,5043.0,4763.0
EQUIPPP,1.85,72.69,48.0,560.34
EQUITASBNK,510.0,799.0,7106.0,6794.0
ERIS,666.0,648.0,3230.0,3129.0
ESABINDIA,222.0,207.0,1577.0,1508.0
ESAFSFB,-5.0,426.0,3807.0,3858.0
ESCORTS,1383.0,2394.0,12248.0,11540.0
ESSARSHPNG,91.0,1650.0,0.0,2194.0
ESSENTIA,-0.0,15.0,507.0,474.0
ESTER,-2.0,137.0,1469.0,1375.0
ETERNAL,433.0,527.0,67408.0,54364.0
ETHOSLTD,106.0,96.0,1728.0,1612.0
EUREKAFORB,181.0,164.0,2802.0,2709.0
EUROBOND,26.0,27.0,518.0,503.0
EUROPRATIK,88.0,77.0,374.0,335.0
EUROTEXIND,-1.23,-0.79,0.09,280.57
EVEREADY,178.0,178.0,1489.0,1507.0
EVERESTIND,-1.0,62.0,1352.0,1723.0
EXCELINDUS,71.0,161.0,1079.0,1178.0
EXCELSOFT,47.0,43.0,297.0,273.0
EXICOM,-265.0,64.0,1277.0,1152.0
EXIDEIND,937.0,4357.0,18829.0,17995.0
EXPLEOSOL,138.0,134.0,1140.0,1108.0
EXXARO,4.0,18.0,325.0,325.0
FABTECH,49.0,46.0,418.0,411.0
FACT,28.0,976.0,5293.0,6198.0
FAIRCHEMOR,14.0,68.0,505.0,648.0
FAZE3Q,30.0,58.0,940.0,923.0
FCL,148.0,125.0,1012.0,772.0
FCSSOFT,2.82,3.73,65.96,76.56
FDC,293.0,305.0,2190.0,2171.0
FEDDERSHOL,86.0,750.0,336.0,543.0
FEDERALBNK,4843.0,4491.0,30385.0,29674.0
FEDFINA,383.0,344.0,2377.0,2224.0
FEL,20.0,18.0,110.0,102.0
FELDVR,,,,
FERMENTA,58.0,117.0,511.0,523.0
FIBERWEB,6.11,36.31,83.97,286.13
FIEMIND,263.0,256.0,2932.0,2816.0
FILATEX,191.0,183.0,4256.0,4252.0
FILATFASH,3.09,11.93,89.22,185.81
FINCABLES,800.0,714.0,6939.0,6321.0
FINEORG,438.0,618.0,2472.0,3023.0
FINKURVE,29.0,26.0,242.0,207.0
FINOPB,21.0,93.0,259.0,248.0
FINPIPE,615.0,1051.0,3954.0,4647.0
FIRSTCRY,-181.0,216.0,8792.0,8548.0
FISCHER,24.0,31.0,367.0,309.0
FIVESTAR,1104.0,1099.0,3260.0,3218.0
FLAIR,141.0,141.0,1281.0,1250.0
FLEXITUFF,,,,
FLFL,-2135.0,189.0,2313.0,6297.0
FLUOROCHEM,600.0,1323.0,5303.0,5685.0
FMGOETZE,178.0,178.0,2001.0,1958.0
FMNL,7.99,103.57,98.73,156.86
FOCUS,6.0,39.0,195.0,224.0
FOODSIN,24.0,109.0,789.0,1020.0
FORCEMOT,1252.0,1212.0,9200.0,9057.0
FORTIS,1070.0,1064.0,9506.0,9128.0
FOSECOIND,102.0,75.0,773.0,643.0
FRACTAL,321.0,287.0,3452.0,3300.0
FRONTSP,59.0,61.0,325.0,322.0
FSL,671.0,674.0,10064.0,9556.0
FUSION,169.0,505.0,1699.0,2344.0
GABRIEL,351.0,252.0,5165.0,4667.0
GAEL,416.0,475.0,6032.0,5729.0
GAIL,9870.0,12463.0,147485.0,145668.0
GALAPREC,37.0,35.0,327.0,314.0
GALAXYSURF,354.0,381.0,5752.0,5245.0
GALLANTT,436.0,484.0,4437.0,4419.0
GANDHAR,317.0,214.0,5052.0,4241.0
GANDHITUBE,75.0,68.0,201.0,192.0
GANECOS,56.0,103.0,1568.0,1482.0
GANESHBE,73.0,81.0,433.0,477.0
GANESHCP,45.0,42.0,857.0,871.0
GANESHHOU,265.0,598.0,640.0,959.0
GANGAFORGE,-2.3,1.66,35.07,43.22
GANGESSECU,2.88,9.79,37.45,41.93
GARFIBRES,210.0,232.0,1644.0,1540.0
GARUDA,136.0,122.0,581.0,531.0
GATECH,6.87,66.35,19.68,385.56
GATECHDVR,6.87,8.6,19.68,233.33
GATEWAY,248.0,374.0,2211.0,2212.0
GAUDIUMIVF,23.0,24.0,106.0,104.0
GAYAHWS,-1.93,1128.96,21.64,86.11
GAYAPROJ,2080.0,2042.0,999.0,3901.0
GCSL,40.0,37.0,194.0,262.0
GEECEE,47.0,47.0,104.0,201.0
GEEKAYWIRE,29.0,39.0,444.0,458.0
GEMAROMA,-14.0,53.0,378.0,504.0
GENCON,,,,
GENESYS,31.0,56.0,338.0,328.0
GENESYS-RE,,,,
GENSOL,87.0,53.0,1452.0,963.0
GENUSPAPER,9.0,26.0,966.0,863.0
GENUSPOWER,652.0,592.0,5173.0,4751.0
GEOJITFSL,75.0,172.0,672.0,749.0
GESHIP,3747.0,2943.0,6213.0,5690.0
GFLLIMITED,61.0,2235.0,4.0,6972.0
GHCL,525.0,1117.0,3043.0,4551.0
GHCLTEXTIL,96.0,70.0,1460.0,1319.0
GICHSGFIN,157.0,213.0,1084.0,1152.0
GICL,12.0,12.0,177.0,175.0
GICRE,8875.0,9662.0,52763.0,52986.0
GILLANDERS,17.0,27.0,434.0,863.0
GILLETTE,668.0,654.0,3176.0,3100.0
GINNIFILA,35.0,48.0,378.0,1084.0
GIPCL,503.0,402.0,1619.0,1491.0
GKENERGY,227.0,204.0,1896.0,1715.0
GKSL,17.0,17.0,101.0,82.0
GKWLIMITED,-5.34,27.27,32.41,39.1
GLAND,1129.0,1212.0,6725.0,6431.0
GLAXO,1068.0,1695.0,3955.0,3822.0
GLENMARK,1798.0,1362.0,17737.0,16983.0
GLFL,0.03,0.19,0.0,0.43
GLOBAL,26.0,34.0,93.0,94.0
GLOBALE,-1.16,0.6,24.62,67.74
GLOBALVECT,-35.0,23.0,523.0,542.0
GLOBE,11.0,10.0,679.0,642.0
GLOBECIVIL,25.0,24.0,431.0,406.0
GLOBUSSPR,100.0,141.0,2799.0,2710.0
GLOSTERLTD,13.0,65.0,1548.0,1427.0
GLOTTIS,36.0,56.0,789.0,941.0
GMBREW,169.0,157.0,785.0,748.0
GMDCLTD,956.0,1204.0,2827.0,3498.0
GMMPFAUDLR,65.0,214.0,3654.0,3524.0
GMRAIRPORT,757.0,472.0,15569.0,14807.0
GMRP&UI,585.0,1552.0,7389.0,7332.0
GNA,132.0,130.0,1605.0,1583.0
GNFC,1037.0,1710.0,8410.0,10227.0
GNRL,19.0,10.0,33.0,31.0
GOACARBON,-47.0,86.0,563.0,1364.0
GOCLCORP,340.0,1522.0,11.0,921.0
GOCOLORS,53.0,94.0,838.0,848.0
GODAVARIB,0.0,27.0,2013.0,2015.0
GODFRYPHLP,1368.0,1526.0,6110.0,6391.0
GODIGIT,492.0,544.0,10196.0,10005.0
GODREJAGRO,425.0,445.0,10474.0,10233.0
GODREJCP,1914.0,2342.0,15949.0,15178.0
GODREJIND,2210.0,2412.0,23225.0,22237.0
GODREJPROP,1592.0,1841.0,5203.0,5131.0
GOKEX,103.0,173.0,4185.0,3988.0
GOKUL,21.0,27.0,4211.0,5865.0
GOKULAGRO,420.0,369.0,24435.0,24077.0
GOLDENTOBC,6.92,27.26,32.66,96.08
GOLDIAM,211.0,171.0,1073.0,977.0
GOLDTECH,-8.0,10.0,143.0,135.0
GOODLUCK,210.0,183.0,4404.0,4100.0
GOODYEAR,54.0,136.0,2594.0,2928.0
GOPAL,84.0,112.0,1608.0,1508.0
GOYALALUM,4.82,3.08,77.18,82.41
GPIL,808.0,1467.0,5808.0,5745.0
GPPL,559.0,515.0,1240.0,1158.0
GPTHEALTH,47.0,50.0,492.0,473.0
GPTINFRA,96.0,97.0,1279.0,1290.0
GRADIENTE,0.96,0.13,1.73,4.65
GRANDOAK,4.91,0.26,0.22,6.87
GRANULES,662.0,595.0,5632.0,5366.0
GRAPHITE,209.0,3396.0,3029.0,7858.0
GRASIM,11261.0,11206.0,184029.0,175431.0
GRAUWEIL,160.0,164.0,1236.0,1190.0
GRAVISSHO,0.03,9.39,65.22,65.46
GRAVITA,392.0,378.0,4700.0,4265.0
GREAVESCOT,21.0,202.0,3665.0,3437.0
GREENLAM,93.0,138.0,3169.0,3046.0
GREENPANEL,7.0,233.0,1561.0,1783.0
GREENPLY,99.0,128.0,2863.0,2739.0
GREENPOWER,67.0,72.0,287.0,380.0
GRINDWELL,438.0,417.0,3173.0,3073.0
GRINFRA,1016.0,1454.0,9195.0,9482.0
GRMOVER,76.0,85.0,1869.0,1769.0
GROBTEA,8.0,28.0,119.0,119.0
GROWW,2440.0,2083.0,5242.0,4645.0
GRPLTD,6.0,31.0,568.0,550.0
GRSE,801.0,748.0,7507.0,7002.0
GRWRHITECH,388.0,338.0,2258.0,2120.0
GSFC,693.0,1266.0,12344.0,11369.0
GSLSU,-31.0,36.0,224.0,233.0
GSPCROP,99.0,95.0,1526.0,1517.0
GSS,-49.0,30.0,88.0,243.0
GTECJAINX,-0.72,1.3,7.46,8.32
GTL,793.0,206.0,198.0,3942.0
GTLINFRA,1081.0,779.0,1365.0,2333.0
GTPL,6.0,219.0,3831.0,3719.0
GUFICBIO,73.0,86.0,981.0,944.0
GUJALKALI,66.0,690.0,4498.0,4516.0
GUJAPOLLO,5.61,44.6,51.88,81.59
GUJENERGY,1706.0,1678.0,22776.0,23614.0
GUJRAFFIA,1.18,1.19,86.39,88.56
GUJTHEM,49.0,59.0,174.0,170.0
GULFOILLUB,371.0,357.0,4367.0,4056.0
GULFPETRO,41.0,28.0,714.0,790.0
GULPOLY,43.0,85.0,2260.0,2020.0
GVKPIL,-5.88,3071.08,0.0,4098.17
GVPIL,272.0,253.0,1291.0,3343.0
GVPTECH,-90.0,63.0,2.0,1491.0
GVT&D,1305.0,1233.0,6712.0,6206.0
GYFTR,17.0,61.0,537.0,380.0
HAL,9321.0,9116.0,33785.0,33089.0
HALDER,33.0,32.0,730.0,884.0
HALDYNGL,30.0,27.0,487.0,464.0
HALEOSLABS,15.0,25.0,324.0,378.0
HAPPSTMNDS,223.0,248.0,2394.0,2315.0
HAPPYFORGE,327.0,302.0,1642.0,1546.0
HARDWYN,12.0,13.0,192.0,200.0
HARIOMPIPE,69.0,76.0,1635.0,1667.0
HARRMALAYA,27.0,40.0,548.0,539.0
HARSHA,155.0,155.0,1719.0,1627.0
HATHWAY,76.0,253.0,2184.0,2150.0
HATSUN,348.0,279.0,9624.0,8700.0
HAVELLS,1631.0,1689.0,23591.0,22528.0
HAVISHA,-5.07,3.58,13.6,16.21
HAWKINCOOK,136.0,131.0,1332.0,1253.0
HBESD,13.0,12.0,121.0,116.0
HBLENGINE,780.0,814.0,3339.0,3303.0
HBSL,-10.0,38.0,12.0,44.0
HCC,166.0,563.0,3872.0,10668.0
HCG,33.0,49.0,2627.0,2545.0
HCL-INSYS,-45.0,25.0,19.0,6220.0
HCLTECH,17434.0,17399.0,134374.0,130144.0
HDBFS,2761.0,2544.0,18902.0,18431.0
HDFCAMC,2948.0,2858.0,4254.0,4616.0
HDFCBANK,82512.0,79219.0,351819.0,348615.0
HDFCLIFE,1975.0,1912.0,103727.0,101482.0
HDIL,90.0,1410.0,644.0,2380.0
HEADSUP,-2.96,21.42,5.76,259.59
HEALTHX,-26.0,865.0,1468.0,1798.0
HECPROJECT,13.0,13.0,180.0,176.0
HEG,359.0,3026.0,2639.0,6591.0
HEIDELBERG,116.0,315.0,2360.0,2366.0
HEMIPROP,-12.0,0.0,1.0,2.0
HERANBA,,,,
HERITGFOOD,135.0,278.0,4727.0,4526.0
HEROMOTOCO,5488.0,5776.0,50810.0,47411.0
HESTERBIO,137.0,57.0,326.0,333.0
HEXAGON,,,,
HEXATRADEX,-6.89,92.29,4.58,133.23
HEXT,1343.0,1368.0,14420.0,13430.0
HFCL,604.0,338.0,5993.0,4949.0
HGINFRA,186.0,539.0,4853.0,5378.0
HGM,-6.83,4.57,56.67,59.48
HGS,-72.0,6061.0,4301.0,4986.0
HIKAL,-34.0,160.0,1735.0,2023.0
HILINFRA,26.0,32.0,799.0,608.0
HILTON,5.0,7.0,267.0,230.0
HIMATSEIDE,56.0,202.0,2479.0,3184.0
HINDALCO,16400.0,16002.0,295537.0,274944.0
HINDCOMPOS,32.0,35.0,221.0,325.0
HINDCON,4.06,6.23,71.44,85.59
HINDCOPPER,1137.0,919.0,3498.0,3078.0
HINDOILEXP,25.0,226.0,299.0,749.0
HINDPETRO,1671.0,18047.0,471530.0,441771.0
HINDUNILVR,14971.0,15059.0,66052.0,64468.0
HINDWAREAP,-6.0,202.0,2604.0,2872.0
HINDZINC,17067.0,13832.0,46820.0,40844.0
HIRECT,32.0,39.0,1043.0,999.0
HISARMETAL,5.0,12.0,264.0,276.0
HITECH,75.0,76.0,4822.0,4200.0
HITECHCORP,18.0,16.0,701.0,640.0
HITECHGEAR,20.0,114.0,931.0,1169.0
HLEGLAS,41.0,70.0,1370.0,1353.0
HLVLTD,5.0,194.0,207.0,698.0
HMAAGRO,215.0,165.0,7904.0,6916.0
HMT,-133.0,2551.0,147.0,275.0
HMVL,90.0,190.0,793.0,933.0
HNDFDS,158.0,149.0,4400.0,4251.0
HOMEFIRST,581.0,540.0,1999.0,1921.0
HONASA,249.0,200.0,2553.0,2392.0
HONAUT,551.0,525.0,4703.0,4682.0
HONDAPOWER,66.0,92.0,900.0,1246.0
HPAL,2.0,21.0,248.0,253.0
HPIL,4.0,3.0,111.0,115.0
HPL,91.0,94.0,1943.0,1811.0
HSCL,804.0,755.0,4974.0,4661.0
HTMEDIA,6.0,352.0,1896.0,2502.0
HUBTOWN,108.0,164.0,612.0,644.0
HUDCO,4255.0,4034.0,13930.0,13150.0
HUHTAMAKI,89.0,79.0,2178.0,2037.0
HYBRIDFIN,2.55,3.84,4.61,4.1
HYUNDAI,4951.0,6060.0,70685.0,70763.0
IBULLSLTD,489.0,346.0,1101.0,833.0
ICDSLTD,0.65,6.84,2.23,6.45
ICEMAKE,12.0,26.0,736.0,668.0
ICICIAMC,3486.0,3298.0,6040.0,5999.0
ICICIBANK,59756.0,57936.0,198379.0,195218.0
ICICIGI,2428.0,2772.0,27687.0,26994.0
ICICIPRULI,1684.0,1682.0,66579.0,89679.0
ICIL,151.0,359.0,4390.0,4151.0
ICRA,196.0,183.0,638.0,600.0
IDBI,9343.0,9237.0,29542.0,29020.0
IDEA,37406.0,34552.0,45539.0,44958.0
IDEAFORGE,4.0,45.0,282.0,314.0
IDFCFIRSTB,2305.0,2942.0,41958.0,40549.0
IEX,507.0,493.0,632.0,616.0
IFBAGRO,60.0,59.0,1509.0,1404.0
IFBIND,160.0,144.0,5866.0,5619.0
IFCI,433.0,575.0,1988.0,4465.0
IFGLEXPOR,41.0,82.0,1953.0,1894.0
IGARASHI,16.0,95.0,912.0,866.0
IGCL,39.0,40.0,684.0,705.0
IGIL,610.0,711.0,1363.0,1598.0
IGL,1354.0,1983.0,16840.0,16168.0
IGPL,82.0,264.0,2073.0,2352.0
IIFL,2256.0,1974.0,14344.0,13366.0
IIFLCAPS,572.0,713.0,2434.0,2520.0
IITL,-8.17,71.23,-4.05,339.07
IKIO,50.0,61.0,644.0,595.0
IKS,764.0,722.0,3347.0,3194.0
IL&FSENGG,11.0,15.0,184.0,2783.0
IL&FSTRANS,,,,
IMAGICAA,14.0,541.0,403.0,410.0
IMFA,525.0,508.0,3145.0,2826.0
IMPAL,78.0,75.0,753.0,741.0
IMPEXFERRO,-6.33,-6.43,0.0,505.57
INA,196.0,201.0,2525.0,2146.0
INCREDIBLE,12.0,12.0,834.0,840.0
INDBANK,7.37,9.0,25.32,26.57
INDGN,401.0,407.0,3813.0,3510.0
INDHOTEL,2309.0,2247.0,9987.0,9689.0
INDIACEM,92.0,209.0,4479.0,5770.0
INDIAGLYCO,316.0,340.0,4301.0,4211.0
INDIAMART,493.0,551.0,1611.0,1569.0
INDIANB,12787.0,11707.0,69314.0,67504.0
INDIANCARD,5.98,190.67,42.16,85.09
INDIANHUME,143.0,558.0,1301.0,1792.0
INDIASHLTR,529.0,505.0,1601.0,1530.0
INDIGO,-4808.0,8172.0,89050.0,84962.0
INDIGOPNTS,163.0,149.0,1466.0,1405.0
INDIQUBE,-93.0,-16.0,1564.0,1451.0
INDNIPPON,115.0,111.0,1148.0,1068.0
INDOAMIN,81.0,79.0,1247.0,1160.0
INDOBORAX,56.0,51.0,232.0,225.0
INDOCO,3.0,155.0,1873.0,1845.0
INDOFARM,25.0,25.0,454.0,440.0
INDOMIM,,,,
INDORAMA,161.0,269.0,4541.0,4910.0
INDOSTAR,-394.0,241.0,1413.0,1597.0
INDOTECH,99.0,93.0,846.0,782.0
INDOTHAI,69.0,66.0,110.0,104.0
INDOUS,11.0,16.0,113.0,110.0
INDOWIND,-0.48,7.27,37.45,40.75
INDPRUD,61.0,64.0,6.0,8.0
INDRAMEDCO,188.0,184.0,1524.0,1483.0
INDSWFTLAB,57.0,421.0,665.0,1281.0
INDTERRAIN,0.0,33.0,391.0,501.0
INDUSINDBK,1322.0,8977.0,45297.0,48668.0
INDUSTOWER,7154.0,9932.0,32867.0,32493.0
INFOBEAN,85.0,87.0,554.0,514.0
INFOMEDIA,-2.9,-2.65,0.0,0.0
INFY,30325.0,29474.0,184582.0,178650.0
INGERRAND,268.0,268.0,1457.0,1392.0
INNOVACAP,154.0,141.0,1749.0,1630.0
INNOVANA,29.0,45.0,139.0,132.0
INNOVISION,17.0,36.0,1022.0,981.0
INOXGREEN,122.0,103.0,276.0,368.0
INOXINDIA,255.0,258.0,1618.0,1587.0
INOXWIND,417.0,461.0,4385.0,4445.0
INSECTICID,125.0,142.0,2060.0,2140.0
INSPIRISYS,39.0,41.0,498.0,589.0
INTELLECT,351.0,350.0,3182.0,3038.0
INTENTECH,-16.0,19.0,125.0,150.0
INTERARCH,134.0,135.0,1977.0,1898.0
INTLCONV,136.0,92.0,213.0,215.0
INVENTURE,3.15,13.95,50.02,311.87
INVPRECQ,15.0,12.0,196.0,188.0
IOB,5958.0,5418.0,33290.0,31896.0
IOC,35728.0,43677.0,858482.0,841756.0
IOLCP,168.0,168.0,2524.0,2319.0
IONEXCHANG,98.0,208.0,3032.0,2915.0
IPCALAB,1375.0,1184.0,10126.0,9599.0
IPL,108.0,158.0,1034.0,1057.0
IRB,954.0,6481.0,7686.0,7648.0
IRCON,520.0,930.0,9241.0,12514.0
IRCTC,1393.0,1393.0,5425.0,5215.0
IREDA,1966.0,1874.0,8612.0,8310.0
IRFC,7191.0,7009.0,28630.0,27285.0
IRIS,125.0,127.0,136.0,128.0
IRISDOREME,18.0,16.0,201.0,191.0
IRMENERGY,73.0,128.0,1130.0,1067.0
ISFT,14.0,42.0,545.0,1170.0
ISGEC,243.0,264.0,7458.0,6789.0
ISHANCH,-7.25,12.81,98.67,101.43
ITC,20184.0,35052.0,76488.0,78868.0
ITCHOTELS,869.0,821.0,4260.0,4139.0
ITDC,82.0,82.0,535.0,570.0
ITI,324.0,293.0,2111.0,3616.0
IVALUE,104.0,98.0,1007.0,1296.0
IVC,5.77,73.1,57.28,197.56
IVP,32.0,28.0,611.0,661.0
IWP,6.0,17.0,242.0,229.0
IXIGO,87.0,73.0,1267.0,1228.0
IZMO,54.0,49.0,294.0,285.0
J&KBANK,2304.0,2360.0,13429.0,13151.0
JAGRAN,179.0,351.0,1916.0,2363.0
JAGSNPHARM,45.0,55.0,294.0,287.0
JAIBALAJI,293.0,880.0,5786.0,6414.0
JAICORPLTD,93.0,169.0,541.0,720.0
JAINREC,360.0,347.0,10718.0,9543.0
JAIPURKURT,2.0,4.0,119.0,113.0
JAMNAAUTO,234.0,231.0,2650.0,2612.0
JARO,57.0,53.0,284.0,274.0
JASH,86.0,87.0,758.0,736.0
JAYAGROGN,54.0,92.0,2530.0,2778.0
JAYBARMARU,138.0,140.0,2621.0,2551.0
JAYKAY,200.0,216.0,259.0,258.0
JAYNECOIND,564.0,2247.0,7589.0,7132.0
JAYSREETEA,-22.0,126.0,946.0,930.0
JBMA,243.0,238.0,6277.0,6088.0
JETFREIGHT,8.0,8.0,504.0,461.0
JGCHEM,78.0,69.0,1071.0,973.0
JHS,-2.0,26.0,109.0,140.0
JINDALPHOT,-62.0,634.0,20.0,1412.0
JINDALPOLY,-991.0,1196.0,2339.0,7557.0
JINDALSAW,601.0,1593.0,18263.0,20958.0
JINDALSTEL,2709.0,6766.0,56413.0,53455.0
JINDRILL,192.0,216.0,1018.0,997.0
JINDWORLD,85.0,116.0,2300.0,2559.0
JIOFIN,2066.0,1613.0,4905.0,3521.0
JISLDVREQS,,,,
JISLJALEQS,-69.0,832.0,6362.0,8536.0
JITFINFRA,-7.0,145.0,2922.0,2808.0
JKCEMENT,938.0,988.0,14401.0,13722.0
JKIL,381.0,391.0,5750.0,5723.0
JKIPL,8.0,19.0,365.0,381.0
JKLAKSHMI,371.0,488.0,6926.0,6788.0
JKPAPER,327.0,1208.0,7319.0,7076.0
JKTYRE,657.0,806.0,16404.0,16327.0
JLHL,188.0,194.0,1558.0,1500.0
JMA,33.0,30.0,643.0,622.0
JMFINANCIL,1111.0,1201.0,4180.0,4787.0
JNKINDIA,73.0,65.0,899.0,819.0
JNPR,,,,
JOCIL,8.0,18.0,1027.0,1044.0
JPOLYINVST,809.0,1443.0,1037.0,3125.0
JPPOWER,641.0,1022.0,5756.0,6763.0
JSFB,380.0,670.0,5637.0,5353.0
JSL,3239.0,3185.0,44026.0,42955.0
JSLL,236.0,222.0,851.0,801.0
JSWCEMENT,721.0,250.0,6849.0,6501.0
JSWDULUX,1962.0,1974.0,3578.0,4069.0
JSWENERGY,2459.0,2762.0,18965.0,18901.0
JSWHL,137.0,332.0,184.0,407.0
JSWINFRA,1515.0,1547.0,5582.0,5361.0
JSWSTEEL,27995.0,25508.0,189687.0,185470.0
JTEKTINDIA,90.0,87.0,2063.0,2044.0
JTLIND,122.0,113.0,2314.0,2136.0
JUBLCPL,130.0,128.0,1972.0,1829.0
JUBLFOOD,450.0,444.0,9838.0,9513.0
JUBLINGREA,309.0,477.0,4651.0,4949.0
JUBLPHARMA,351.0,898.0,8608.0,9111.0
JUNIPER,166.0,142.0,1076.0,1048.0
JUSTDIAL,504.0,584.0,1243.0,1214.0
JWL,161.0,380.0,3127.0,3963.0
JYOTHYLAB,284.0,371.0,2966.0,2944.0
JYOTICNC,322.0,336.0,2191.0,2093.0
JYOTISTRUC,64.0,56.0,846.0,3636.0
KABRAEXTRU,1.0,38.0,490.0,670.0
KAJARIACER,548.0,487.0,5056.0,4830.0
KAKATCEM,-27.0,29.0,71.0,220.0
KALAMANDIR,137.0,141.0,1650.0,1654.0
KALPATARU,103.0,80.0,3465.0,3633.0
KALYANI,3.0,3.0,577.0,587.0
KALYANIFRG,12.0,9.0,237.0,286.0
KALYANKJIL,1435.0,1350.0,39063.0,35743.0
KAMAHOLD,2170.0,2324.0,17144.0,15930.0
KAMATHOTEL,44.0,313.0,394.0,386.0
KAMDHENU,86.0,78.0,781.0,1232.0
KAMOPAINTS,-5.0,14.0,241.0,292.0
KANANIIND,2.0,3.0,154.0,496.0
KANCHI,8.0,13.0,155.0,220.0
KANORICHEM,153.0,113.0,1240.0,1578.0
KANPRPLA,45.0,39.0,741.0,718.0
KANSAINER,589.0,1176.0,8263.0,8052.0
KAPSTON,30.0,28.0,861.0,830.0
KARMAENG,0.89,5.89,9.9,35.88
KARURVYSYA,2745.0,2510.0,11555.0,11074.0
KAUSHALYA,-0.54,22.49,0.9,5.68
KAVDEFENCE,-1.06,31.49,5.95,51.51
KAYA,-97.0,15.0,230.0,222.0
KAYNES,346.0,364.0,3899.0,3626.0
KCP,242.0,280.0,2679.0,2846.0
KCPSUGIND,38.0,66.0,279.0,442.0
KDDL,150.0,142.0,2322.0,2153.0
KEC,554.0,606.0,23506.0,23506.0
KECL,7.0,67.0,561.0,589.0
KEEPLEARN,-1.17,1.27,7.29,9.98
KEI,997.0,918.0,12343.0,11748.0
KELLTONTEC,91.0,92.0,1237.0,1217.0
KENNAMET,117.0,114.0,1021.0,991.0
KERNEX,191.0,88.0,878.0,430.0
KESORAMIND,-9.0,5565.0,264.0,3882.0
KEYFINSERV,5.68,26.79,30.32,49.23
KFINTECH,342.0,344.0,1384.0,1301.0
KHADIM,3.0,21.0,349.0,799.0
KHAICHEM,54.0,80.0,988.0,1002.0
KHAITANLTD,7.0,7.0,124.0,112.0
KHANDSE,-0.61,0.44,9.03,10.29
KICL,41.0,72.0,78.0,78.0
KILITCH,29.0,30.0,237.0,235.0
KIMS,194.0,415.0,4212.0,3905.0
KINGFA,226.0,185.0,2222.0,1996.0
KIOCL,39.0,313.0,681.0,3006.0
KIRANVYPAR,6.0,118.0,112.0,159.0
KIRIINDUS,5847.0,5567.0,950.0,1497.0
KIRLFER,349.0,507.0,6962.0,6889.0
KIRLOSBROS,377.0,419.0,4664.0,4538.0
KIRLOSENG,535.0,562.0,7937.0,7701.0
KIRLOSIND,356.0,503.0,6995.0,6958.0
KIRLPNU,262.0,254.0,1808.0,1787.0
KISSHT,,,,
KITEX,-50.0,136.0,629.0,983.0
KKCL,161.0,154.0,1258.0,1213.0
KLBRENG-B,88.0,96.0,617.0,629.0
KMEW,131.0,79.0,323.0,256.0
KMSUGAR,48.0,53.0,640.0,659.0
KNACK,,,,
KNAGRI,36.0,47.0,1945.0,2224.0
KNRCON,394.0,1002.0,2673.0,4753.0
KOHINOOR,85.0,365.0,161.0,1335.0
KOKUYOCMLN,22.0,44.0,808.0,816.0
KOLTEPATIL,125.0,154.0,1572.0,1717.0
KOPRAN,25.0,62.0,700.0,681.0
KOTAKBANK,20296.0,22126.0,70887.0,69781.0
KOTARISUG,5.0,42.0,264.0,609.0
KOTHARIPET,72.0,72.0,577.0,596.0
KOTHARIPRO,19.0,124.0,1031.0,6866.0
KOTIC,-86.0,32.0,197.0,178.0
KOTYARK,,,,
KOVAI,256.0,244.0,1644.0,1586.0
KPEL,182.0,181.0,1797.0,1497.0
KPIGREEN,493.0,509.0,2787.0,2696.0
KPIL,1129.0,1031.0,27380.0,27143.0
KPITTECH,582.0,840.0,6591.0,6455.0
KPL,81.0,120.0,554.0,503.0
KPRMILL,912.0,866.0,6820.0,6650.0
KRBL,758.0,701.0,6009.0,6098.0
KREBSBIO,-14.0,-8.0,25.0,60.0
KRIDHANINF,0.96,169.69,2.73,726.75
KRISHANA,197.0,180.0,2555.0,2418.0
KRISHIVAL,23.0,22.0,332.0,293.0
KRISHNADEF,43.0,41.0,234.0,245.0
KRITI,-8.0,36.0,536.0,867.0
KRITIKA,6.0,10.0,649.0,745.0
KRITINUT,33.0,45.0,940.0,922.0
KRN,97.0,76.0,737.0,600.0
KRONOX,29.0,28.0,105.0,101.0
KROSS,58.0,55.0,718.0,673.0
KRSNAA,97.0,101.0,815.0,773.0
KRYSTAL,65.0,64.0,1315.0,1277.0
KSB,246.0,270.0,2726.0,2696.0
KSCL,249.0,311.0,1279.0,1395.0
KSHINTL,130.0,110.0,3712.0,3107.0
KSHITIJPOL,3.76,3.87,50.0,59.36
KSL,264.0,258.0,1867.0,1982.0
KSOLVES,37.0,34.0,166.0,163.0
KSR,-8.0,-13.0,200.0,206.0
KTKBANK,1437.0,1311.0,9039.0,9014.0
KUANTUM,36.0,184.0,1174.0,1310.0
KUSUMGAR,,,,
KWIL,-335.0,-0.0,1909.0,0.0
LAGNAM,18.0,29.0,631.0,606.0
LAHOTIOV,16.0,24.0,386.0,892.0
LAKPRE,-33.0,9.0,232.0,371.0
LAL,5.56,5.84,80.25,72.75
LALPATHLAB,546.0,510.0,2891.0,2763.0
LAMBODHARA,12.0,17.0,233.0,238.0
LANCORHOL,58.0,40.0,135.0,190.0
LANDMARK,45.0,85.0,5137.0,4896.0
LANDSMILL,1.97,2.77,1.51,39.65
LAOPALA,93.0,128.0,315.0,452.0
LASA,-17.0,23.0,6.0,244.0
LASERPOWER,,,,
LATENTVIEW,199.0,202.0,1111.0,1060.0
LATTEYS,4.0,4.0,132.0,117.0
LAURUSLABS,1091.0,984.0,7270.0,6813.0
LAXMICOT,-3.0,5.0,118.0,216.0
LAXMIDENTL,31.0,32.0,287.0,278.0
LAXMIINDIA,57.0,50.0,341.0,317.0
LCCINFOTEC,-38.0,-0.0,0.0,11.0
LCL,,,,
LEAPIND,,,,
LEMERITE,3.0,21.0,337.0,525.0
LEMONTREE,298.0,288.0,1473.0,1444.0
LENSKART,668.0,501.0,9634.0,8814.0
LEXUS,-2.24,11.58,47.41,181.12
LFIC,1.37,10.38,12.04,15.03
LGBBROSLTD,319.0,319.0,3217.0,3076.0
LGEINDIA,1825.0,2203.0,25575.0,24605.0
LGHL,2.0,11.0,113.0,202.0
LIBAS,1.9,8.74,72.57,91.91
LIBERTSHOE,9.0,17.0,737.0,740.0
LICHSGFIN,5739.0,5604.0,28562.0,28838.0
LICI,60055.0,57453.0,994088.0,977772.0
LIKHITHA,32.0,69.0,419.0,520.0
LINC,32.0,38.0,545.0,543.0
LINCOLN,96.0,93.0,694.0,671.0
LINDEINDIA,546.0,727.0,2654.0,3136.0
LLOYDSENGG,236.0,198.0,1611.0,1301.0
LLOYDSENT,278.0,417.0,1988.0,1756.0
LLOYDSME,4921.0,3829.0,22084.0,17113.0
LMW,175.0,384.0,3374.0,4719.0
LODHA,4129.0,3431.0,18181.0,16676.0
LOKESHMACH,4.0,14.0,216.0,293.0
LORDSCHLO,33.0,53.0,396.0,390.0
LOTUSDEV,263.0,243.0,840.0,769.0
LOTUSEYE,0.15,4.08,57.26,53.71
LOVABLE,3.16,23.18,38.52,197.32
LOYALTEX,-49.0,97.0,379.0,1763.0
LPDC,8.46,1.49,16.35,7.35
LT,19624.0,18954.0,290137.0,285874.0
LTF,3198.0,2983.0,18898.0,17914.0
LTFOODS,640.0,625.0,11633.0,10946.0
LTM,5197.0,4983.0,44075.0,42308.0
LTTS,1322.0,1306.0,11565.0,10996.0
LUMAXIND,187.0,172.0,4485.0,4184.0
LUMAXTECH,382.0,337.0,5208.0,4870.0
LUPIN,5551.0,5355.0,29967.0,27958.0
LUXIND,106.0,338.0,2933.0,2929.0
LXCHEM,126.0,256.0,3122.0,3084.0
LYKALABS,-9.0,38.0,138.0,194.0
M&M,20243.0,18622.0,211375.0,198639.0
M&MFIN,3260.0,2861.0,21733.0,21041.0
MAANALU,13.0,50.0,829.0,953.0
MACPOWER,39.0,34.0,367.0,333.0
MADHAV,-0.24,4.61,30.59,76.96
MADHAVIPL,26.0,36.0,503.0,610.0
MADHUCON,-325.0,25.0,444.0,2599.0
MADRASFERT,71.0,185.0,2442.0,3447.0
MAFATIND,58.0,99.0,3573.0,3871.0
MAGADSUGAR,51.0,116.0,1222.0,1322.0
MAGNUM,-1.0,10.0,473.0,465.0
MAHABANK,7536.0,7017.0,30262.0,29282.0
MAHAPEXLTD,-27.0,54.0,2.0,10.0
MAHASTEEL,10.0,10.0,943.0,883.0
MAHEPC,10.0,23.0,304.0,312.0
MAHESHWARI,16.0,18.0,1091.0,1147.0
MAHLIFE,332.0,298.0,2108.0,1178.0
MAHLOG,48.0,86.0,7378.0,6999.0
MAHSCOOTER,279.0,311.0,289.0,313.0
MAHSEAMLES,737.0,952.0,4620.0,5716.0
MAITHANALL,299.0,818.0,2080.0,2989.0
MAJESAUT,97.0,93.0,20.0,138.0
MALLCOM,27.0,57.0,527.0,540.0
MALUPAPER,-12.0,7.0,364.0,335.0
MAMATA,9.0,41.0,231.0,255.0
MANAKALUCO,9.0,9.0,569.0,564.0
MANAKCOAT,41.0,41.0,897.0,884.0
MANAKSIA,64.0,186.0,833.0,1174.0
MANAKSTEEL,56.0,40.0,1241.0,1131.0
MANALIPETC,180.0,381.0,1062.0,1672.0
MANAPPURAM,1445.0,2197.0,10275.0,10012.0
MANBA,49.0,45.0,354.0,328.0
MANCREDIT,8.0,9.0,108.0,240.0
MANGALAM,-38.0,7.0,232.0,369.0
MANGLMCEM,115.0,129.0,1762.0,1802.0
MANINDS,204.0,170.0,3875.0,3564.0
MANINFRA,215.0,313.0,666.0,1890.0
MANIPALHOS,,,,
MANKIND,2068.0,2011.0,14738.0,14278.0
MANOMAY,20.0,20.0,744.0,711.0
MANORAMA,258.0,225.0,1481.0,1367.0
MANORG,21.0,85.0,655.0,623.0
MANUGRAPH,5.59,5.98,82.69,271.31
MANYAVAR,403.0,429.0,1345.0,1368.0
MAPMYINDIA,138.0,148.0,492.0,474.0
MARALOVER,22.0,67.0,1019.0,1082.0
MARATHON,197.0,206.0,553.0,717.0
MARICO,1952.0,1813.0,14277.0,13611.0
MARINE,65.0,59.0,969.0,877.0
MARKOLINES,27.0,26.0,352.0,348.0
MARKSANS,521.0,420.0,3172.0,2951.0
MARSONS,44.0,46.0,248.0,245.0
MARUTI,14334.0,14680.0,197181.0,183316.0
MASFIN,399.0,376.0,2092.0,1998.0
MASKINVEST,0.09,0.22,0.32,0.74
MASTEK,418.0,404.0,3769.0,3699.0
MASTERTR,134.0,131.0,594.0,584.0
MATRIMONY,45.0,74.0,475.0,481.0
MAWANASUG,28.0,359.0,1586.0,1571.0
MAXESTATES,12.0,26.0,200.0,199.0
MAXHEALTH,1457.0,1442.0,8712.0,8373.0
MAXIND,-132.0,232.0,214.0,233.0
MAYURUNIQ,207.0,192.0,1020.0,967.0
MAZDA,30.0,32.0,243.0,225.0
MAZDOCK,2854.0,2578.0,13323.0,13006.0
MBAPL,155.0,150.0,1874.0,1866.0
MBEL,97.0,93.0,1313.0,1260.0
MBLINFRA,-15.0,265.0,215.0,2343.0
MCCHRLS-B,-115.0,111.0,121.0,110.0
MCL,5.0,5.0,268.0,383.0
MCLEODRUSS,-93.0,219.0,1200.0,2055.0
MCLOUD,110.0,114.0,714.0,698.0
MCX,1542.0,1332.0,2631.0,2302.0
MEDANTA,552.0,554.0,4683.0,4410.0
MEDIASSIST,94.0,92.0,951.0,905.0
MEDICAMEQ,10.0,15.0,203.0,198.0
MEDICO,14.0,13.0,238.0,206.0
MEDPLUS,210.0,220.0,7229.0,6892.0
MEESHO,-1201.0,-328.0,13835.0,12626.0
MEGASTAR,10.0,10.0,558.0,533.0
MEIL,47.0,47.0,616.0,580.0
MENNPIS,26.0,26.0,307.0,304.0
MENONBE,44.0,38.0,318.0,299.0
MEP,-273.0,109.0,49.0,2815.0
MERCANTILE,3.67,21.67,95.28,93.34
MERCURYEV,5.0,8.0,113.0,102.0
METROBRAND,412.0,416.0,2956.0,2864.0
METROGLOBL,23.0,24.0,252.0,377.0
METROPOLIS,203.0,215.0,1710.0,1646.0
MFML,-3.0,8.0,132.0,166.0
MFSL,137.0,593.0,49822.0,47674.0
MGEL,47.0,45.0,3478.0,3384.0
MGL,715.0,1285.0,8535.0,8246.0
MHLXMIRU,9.0,8.0,285.0,267.0
MHRIL,51.0,146.0,3023.0,2992.0
MICEL,-12.0,62.0,223.0,218.0
MIDHANI,135.0,177.0,1278.0,1209.0
MIDWESTLTD,113.0,133.0,695.0,646.0
MINDACORP,499.0,358.0,6646.0,6185.0
MINDTECK,31.0,33.0,410.0,424.0
MIRZAINT,-22.0,86.0,514.0,1399.0
MITCON,11.0,9.0,169.0,129.0
MITTAL,2.95,2.3,89.88,91.45
MKPL,5.0,11.0,383.0,383.0
MMFL,169.0,135.0,1649.0,1590.0
MMP,50.0,39.0,873.0,824.0
MMTC,447.0,1562.0,3.0,30000.0
MMWL,10.0,101.0,1452.0,1884.0
MOBIKWIK,-13.0,14.0,1129.0,1170.0
MODINATUR,52.0,50.0,720.0,719.0
MODIRUBBER,0.01,27.66,34.97,146.37
MODIS,31.0,29.0,202.0,189.0
MODISONLTD,102.0,73.0,847.0,710.0
MODTHREAD,19.0,214.0,320.0,301.0
MOHITIND,-1.0,2.0,132.0,191.0
MOIL,74.0,478.0,976.0,1438.0
MOKSH,11.0,10.0,796.0,679.0
MOL,64.0,304.0,2103.0,2553.0
MOLDTECH,18.0,29.0,208.0,182.0
MOLDTKPAC,76.0,80.0,947.0,887.0
MONARCH,181.0,181.0,365.0,372.0
MONEYBOXX,1.0,9.0,225.0,232.0
MONTECARLO,105.0,133.0,1286.0,1276.0
MOREPENLAB,141.0,118.0,1951.0,1812.0
MOSCHIP,27.0,35.0,566.0,585.0
MOTHERSON,4555.0,4146.0,131135.0,126104.0
MOTILALOFS,1983.0,2508.0,10063.0,9381.0
MOTISONS,,,,
MOTOGENFIN,149.0,147.0,7.0,15.0
MPHASIS,1910.0,1863.0,16531.0,15880.0
MPSLTD,188.0,173.0,806.0,768.0
MRF,2418.0,2509.0,31889.0,31149.0
MRPL,3141.0,3597.0,109564.0,109026.0
MSPL,38.0,34.0,2959.0,2905.0
MSTCLTD,234.0,407.0,386.0,5689.0
MSUMI,627.0,638.0,12391.0,11478.0
MTARTECH,133.0,103.0,1080.0,876.0
MTEDUCARE,,,,
MTNL,-3006.0,-1946.0,988.0,3494.0
MUFIN,38.0,28.0,248.0,210.0
MUFTI,43.0,77.0,597.0,618.0
MUKANDLTD,632.0,821.0,5121.0,5568.0
MUKKA,74.0,74.0,1768.0,1449.0
MUKTAARTS,-8.0,6.0,178.0,195.0
MUNJALAU,55.0,52.0,2503.0,2295.0
MUNJALSHOW,25.0,78.0,1377.0,1669.0
MURUDCERA,10.0,11.0,209.0,205.0
MUTHOOTCAP,24.0,123.0,631.0,624.0
MUTHOOTFIN,11457.0,10607.0,33431.0,31209.0
MUTHOOTMF,245.0,450.0,2480.0,2563.0
MVELECTRO,,,,
MVGJL,122.0,115.0,2909.0,2744.0
MWL,52.0,50.0,1248.0,1207.0
NACLIND,12.0,95.0,1519.0,2116.0
NAGREEKCAP,7.38,23.82,63.39,159.3
NAGREEKEXP,3.0,6.0,595.0,614.0
NAHARCAP,119.0,226.0,32.0,52.0
NAHARINDUS,72.0,157.0,1336.0,2006.0
NAHARPOLY,72.0,98.0,667.0,723.0
NAHARSPING,76.0,502.0,3365.0,3594.0
NAM-INDIA,1637.0,1529.0,2869.0,2924.0
NARMADA,3.59,4.09,89.56,77.56
NATCAPSUQ,-25.0,18.0,191.0,187.0
NATCOPHARM,1145.0,1883.0,3485.0,4430.0
NATHBIOGEN,39.0,42.0,490.0,445.0
NATIONALUM,6751.0,5797.0,19338.0,17843.0
NATIONSTD,11.0,61.0,19.0,184.0
NAUKRI,1910.0,12882.0,3375.0,3285.0
NAVA,972.0,1434.0,4310.0,4291.0
NAVINFLUOR,790.0,664.0,3634.0,3314.0
NAVKARCORP,90.0,90.0,412.0,371.0
NAVKARURB,2.96,5.56,22.15,154.82
NAVNETEDUL,353.0,804.0,1715.0,1781.0
NAZARA,-52.0,82.0,1759.0,1829.0
NBCC,765.0,742.0,12756.0,12889.0
NBIFIN,16.0,8.0,25.0,14.0
NCC,748.0,868.0,21456.0,22199.0
NCLIND,92.0,145.0,1431.0,2104.0
NDGL,-6.0,86.0,438.0,463.0
NDL,37.0,73.0,2447.0,3547.0
NDLVENTURE,-28.0,123.0,1044.0,1080.0
NDRAUTO,65.0,62.0,859.0,823.0
NDTV,-335.0,85.0,538.0,571.0
NEAGI,37.0,39.0,25.0,37.0
NECCLTD,4.0,6.0,503.0,572.0
NECLIFE,-245.0,66.0,2.0,2779.0
NELCAST,41.0,54.0,1338.0,1328.0
NELCO,4.0,24.0,312.0,320.0
NEOGEN,36.0,50.0,926.0,862.0
NEPHROPLUS,85.0,77.0,1053.0,999.0
NESCO,417.0,413.0,951.0,932.0
NESTLEIND,3811.0,3933.0,24437.0,24394.0
NETWEB,261.0,206.0,2702.0,2184.0
NETWORK18,-32.0,838.0,2169.0,9297.0
NEUEON,-305.0,3.0,12.0,2268.0
NEULANDLAB,498.0,364.0,2372.0,2023.0
NEWGEN,314.0,315.0,1610.0,1574.0
NEXTMEDIA,-4.99,3.94,0.0,1.45
NFL,364.0,458.0,22480.0,29587.0
NGIL,1.63,1.7,44.85,59.62
NGLFINE,57.0,57.0,536.0,501.0
NH,817.0,806.0,9072.0,7896.0
NHPC,4267.0,4261.0,12210.0,11615.0
NIACL,776.0,2190.0,49962.0,49758.0
NIBE,-13.0,27.0,455.0,507.0
NIBL,-31.0,19.0,76.0,81.0
NIITLTD,9.0,1327.0,402.0,1002.0
NIITMTS,256.0,248.0,2066.0,1952.0
NILAINFRA,25.0,23.0,304.0,323.0
NILASPACES,32.0,29.0,191.0,185.0
NILE,48.0,55.0,1076.0,1041.0
NILKAMAL,125.0,142.0,3715.0,3778.0
NIMBSPROJ,-49.0,93.0,228.0,229.0
NINSYS,34.0,32.0,177.0,170.0
NIPPOBATRY,-26.0,122.0,449.0,641.0
NIRAJ,24.0,21.0,552.0,606.0
NIRAJISPAT,1.52,1.67,3.55,7.05
NIRLON,357.0,346.0,674.0,669.0
NITCO,-29.0,185.0,508.0,885.0
NITINSPIN,212.0,326.0,3296.0,3300.0
NITIRAJ,2.4,12.04,54.72,100.44
NITTAGELA,103.0,97.0,590.0,588.0
NIVABUPA,174.0,214.0,7907.0,6695.0
NKIND,-3.58,-1.03,11.34,493.13
NLCINDIA,3367.0,3769.0,18381.0,17490.0
NMDC,7459.0,9429.0,32127.0,32071.0
NOCIL,66.0,185.0,1370.0,1617.0
NOIDATOLL,28.0,98.0,44.0,130.0
NORBTEAEXP,-0.27,1.18,8.13,8.07
NORTHARC,439.0,404.0,2870.0,2691.0
NOVAAGRI,13.0,28.0,275.0,294.0
NOVARTIND,98.0,198.0,371.0,870.0
NPST,45.0,45.0,218.0,195.0
NRAIL,62.0,125.0,2340.0,2145.0
NRBBEARING,151.0,242.0,1395.0,1335.0
NRL,20.0,16.0,244.0,240.0
NSIL,58.0,93.0,98.0,134.0
NSLNISP,84.0,59.0,13938.0,13642.0
NTPC,28334.0,27546.0,191059.0,188138.0
NTPCGREEN,606.0,521.0,3285.0,2858.0
NUCLEUS,105.0,192.0,869.0,876.0
NURECA,4.0,46.0,153.0,256.0
NUVAMA,1082.0,1040.0,4884.0,4631.0
NUVOCO,386.0,360.0,11594.0,11338.0
NYKAA,259.0,204.0,10649.0,10022.0
OAL,5.0,102.0,1065.0,1031.0
OBCL,-8.0,4.0,344.0,347.0
OBEROIRLTY,2630.0,2507.0,6322.0,6009.0
OCCLLTD,75.0,48.0,602.0,506.0
ODIGMA,-1.04,1.88,48.2,47.34
OFSS,3413.0,2639.0,8945.0,7672.0
OIL,9531.0,9854.0,38521.0,36084.0
OILCOUNTUB,-68.0,105.0,63.0,260.0
OLAELEC,-1741.0,-199.0,1880.0,5010.0
OLECTRA,180.0,180.0,2540.0,2312.0
OMAXAUTO,40.0,44.0,507.0,1179.0
OMAXE,-510.0,105.0,1377.0,1839.0
OMFREIGHT,20.0,27.0,576.0,489.0
OMINFRAL,33.0,47.0,520.0,1114.0
OMNI,104.0,79.0,575.0,511.0
OMPOWER,,,,
ONELIFECAP,9.89,5.47,15.47,37.87
ONEPOINT,45.0,38.0,403.0,313.0
ONESOURCE,-49.0,-18.0,1543.0,1445.0
ONGC,44793.0,55273.0,704123.0,632291.0
ONIDA,-76.0,23.0,702.0,1192.0
ONMOBILE,-56.0,46.0,514.0,847.0
ONWARDTEC,43.0,44.0,560.0,544.0
OPTIEMUS,73.0,95.0,2216.0,2570.0
ORBTEXP,42.0,39.0,241.0,231.0
ORCHASP,0.79,6.21,15.58,104.67
ORCHPHARMA,11.0,100.0,1073.0,1747.0
ORICONENT,29.0,139.0,45.0,1167.0
ORIENTALTL,2.02,8.57,27.36,74.51
ORIENTBELL,21.0,40.0,752.0,705.0
ORIENTCEM,209.0,338.0,2531.0,3185.0
ORIENTCER,26.0,47.0,405.0,397.0
ORIENTELEC,110.0,127.0,3507.0,3326.0
ORIENTHOT,67.0,92.0,498.0,494.0
ORIENTLTD,-2.0,4.0,123.0,203.0
ORIENTPPR,-71.0,102.0,895.0,1819.0
ORIENTTECH,-3.0,50.0,852.0,865.0
ORISSAMINE,,,,
ORKLAINDIA,294.0,339.0,2571.0,2509.0
ORTINGLOBE,-0.9,1.28,0.33,197.36
OSIAHYPER,18.0,20.0,1423.0,1427.0
OSWALAGRO,-34.0,113.0,0.0,162.0
OSWALGREEN,-61.0,71.0,37.0,458.0
OSWALPUMPS,336.0,376.0,2024.0,2064.0
OSWALSEEDS,12.0,7.0,267.0,272.0
PACEDIGITK,315.0,307.0,2830.0,2641.0
PAGEIND,756.0,764.0,5351.0,5247.0
PAISALO,251.0,237.0,985.0,944.0
PAKKA,14.0,46.0,392.0,408.0
PALASHSECU,13.0,12.0,36.0,59.0
PALREDTEC,-5.4,3.42,85.83,148.02
PANACEABIO,-9.0,1078.0,673.0,687.0
PANACHE,19.0,17.0,264.0,243.0
PANAMAPET,479.0,233.0,4106.0,3064.0
PANSARI,20.0,20.0,93.0,96.0
PAR,14.0,14.0,109.0,104.0
PARACABLES,61.0,87.0,1992.0,1913.0
PARADEEP,1072.0,996.0,23447.0,21826.0
PARAGMILK,130.0,135.0,3911.0,3818.0
PARAS,96.0,89.0,511.0,477.0
PARASPETRO,-0.43,0.88,0.0,5.11
PARKHOSPS,297.0,274.0,1756.0,1679.0
PARKHOTELS,64.0,84.0,718.0,707.0
PARSVNATH,-449.0,16.0,239.0,1189.0
PASHUPATI,16.0,14.0,699.0,688.0
PASUPTAC,96.0,70.0,1032.0,1010.0
PATANJALI,1970.0,1814.0,42754.0,40170.0
PATELENG,287.0,290.0,5150.0,5103.0
PATELRMART,42.0,39.0,1175.0,1048.0
PATINTLOG,10.0,10.0,393.0,454.0
PAUSHAKLTD,42.0,54.0,246.0,219.0
PAVNAIND,8.0,12.0,329.0,359.0
PAYTM,649.0,552.0,8967.0,9978.0
PCBL,259.0,491.0,8549.0,8404.0
PCJEWELLER,774.0,714.0,3505.0,9610.0
PDMJEPAPER,91.0,98.0,814.0,809.0
PDSL,186.0,327.0,13554.0,13110.0
PEARLPOLY,-5.31,21.84,19.83,198.2
PENIND,142.0,139.0,3645.0,3620.0
PENINLAND,-157.0,128.0,129.0,993.0
PERSISTENT,1923.0,1865.0,15718.0,14748.0
PETRONET,4208.0,3973.0,37173.0,59899.0
PFC,33642.0,33625.0,115431.0,115450.0
PFIZER,735.0,768.0,2570.0,2611.0
PFOCUS,145.0,301.0,4919.0,4676.0
PFS,223.0,391.0,476.0,1364.0
PGEL,206.0,288.0,5818.0,5288.0
PGHH,791.0,856.0,4245.0,4290.0
PGHL,357.0,839.0,1433.0,1408.0
PGIL,304.0,270.0,5325.0,5025.0
PHOENIXLTD,1630.0,1557.0,4545.0,4423.0
PICCADIL,141.0,138.0,1075.0,1038.0
PIDILITIND,2676.0,2471.0,15399.0,14601.0
PIGL,15.0,15.0,226.0,219.0
PIIND,1165.0,1682.0,6516.0,7978.0
PILANIINVS,-12.0,2017.0,248.0,305.0
PILITA,3.0,11.0,101.0,107.0
PINELABS,127.0,113.0,2832.0,2711.0
PIONEEREMB,-0.0,19.0,347.0,375.0
PIONRINV,14.0,18.0,38.0,63.0
PIRAMALFIN,1691.0,2806.0,12582.0,12882.0
PITTIENG,124.0,122.0,1985.0,1913.0
PIXTRANS,132.0,113.0,610.0,593.0
PKTEA,-4.62,11.4,60.8,72.79
PLASTIBLEN,43.0,38.0,811.0,781.0
PLATIND,49.0,51.0,444.0,450.0
PLAZACABLE,11.0,8.0,343.0,318.0
PML,-10.0,269.0,2061.0,7012.0
PNB,22134.0,18553.0,131789.0,130772.0
PNBGILTS,102.0,454.0,1747.0,1699.0
PNBHOUSING,2315.0,2291.0,8692.0,8494.0
PNC,-14.0,3.0,18.0,58.0
PNCINFRA,732.0,909.0,5634.0,8650.0
PNGJL,446.0,410.0,11438.0,10739.0
PNGSREVA,84.0,65.0,503.0,439.0
POCL,143.0,132.0,3290.0,2958.0
PODDARMENT,15.0,29.0,374.0,375.0
POKARNA,95.0,188.0,590.0,925.0
POLICYBZR,748.0,670.0,7334.0,6794.0
POLYCAB,2905.0,2708.0,31188.0,28884.0
POLYMED,313.0,339.0,1997.0,1875.0
POLYPLEX,272.0,965.0,7601.0,7652.0
PONNIERODE,49.0,48.0,446.0,435.0
POONAWALLA,787.0,1683.0,7806.0,6790.0
POWERGRID,15896.0,16824.0,47033.0,46733.0
POWERICA,291.0,277.0,3176.0,3012.0
POWERINDIA,1150.0,988.0,9162.0,8148.0
POWERMECH,420.0,412.0,6392.0,6062.0
PPAP,46.0,43.0,607.0,567.0
PPL,49.0,90.0,827.0,789.0
PPLPHARMA,-314.0,835.0,9205.0,9151.0
PRABHA,1.13,3.76,6.66,33.45
PRADPME,33.0,30.0,354.0,338.0
PRAENG,-18.0,-2.0,29.0,109.0
PRAJIND,30.0,283.0,3244.0,3528.0
PRAKASH,313.0,539.0,3474.0,4014.0
PRAKASHSTL,0.62,163.5,91.13,1072.34
PRAVEG,-17.0,28.0,248.0,241.0
PRAXIS,-61.0,14.0,99.0,703.0
PRECAM,41.0,69.0,766.0,1080.0
PRECOT,51.0,105.0,925.0,993.0
PRECWIRE,175.0,155.0,6127.0,5410.0
PREMCO,2.38,17.76,83.66,128.23
PREMEXPLN,34.0,46.0,349.0,417.0
PREMIER,-5.69,-5.87,0.0,99.96
PREMIERENE,1674.0,1510.0,8466.0,7824.0
PREMIERPOL,35.0,32.0,322.0,299.0
PRESTIGE,1265.0,2878.0,13053.0,12685.0
PRICOLLTD,268.0,251.0,4251.0,4041.0
PRIMESECU,5.0,38.0,125.0,137.0
PRIMO,16.0,137.0,560.0,701.0
PRINCEPIPE,102.0,249.0,2627.0,2711.0
PRITI,0.76,9.57,22.03,90.33
PRITIKAUTO,24.0,24.0,513.0,483.0
PRIVISCL,342.0,317.0,2671.0,2564.0
PROSTARM,36.0,33.0,407.0,386.0
PROTEAN,83.0,144.0,1038.0,998.0
PROZONER,15.0,38.0,139.0,185.0
PRSMJOHNSN,148.0,162.0,7554.0,7427.0
PRUDENT,245.0,222.0,1371.0,1341.0
PRUDMOULI,6.0,54.0,103.0,105.0
PSB,1384.0,1322.0,12284.0,11982.0
PSPPROJECT,73.0,167.0,3484.0,3149.0
PTC,587.0,976.0,17535.0,18346.0
PTCIL,126.0,102.0,697.0,603.0
PTL,46.0,70.0,64.0,64.0
PUNJABCHEM,65.0,83.0,1058.0,1030.0
PURVA,151.0,148.0,4064.0,3740.0
PVP,1.0,238.0,118.0,176.0
PVRINOX,444.0,333.0,6842.0,6646.0
PVSL,-2.0,76.0,6960.0,6381.0
PWL,15.0,98.0,4106.0,3900.0
PYRAMID,31.0,32.0,740.0,681.0
QMSMEDI,13.0,14.0,183.0,173.0
QPOWER,195.0,186.0,1003.0,947.0
QUADFUTURE,-39.0,14.0,165.0,153.0
QUESS,253.0,310.0,15835.0,17158.0
QUICKHEAL,-11.0,107.0,249.0,342.0
QUINT,34.0,57.0,108.0,81.0
RACE,8.0,7.0,653.0,619.0
RACLGEAR,50.0,49.0,522.0,490.0
RADAAN,-3.75,1.11,6.61,35.54
RADHIKAJWE,79.0,75.0,693.0,639.0
RADIANTCMS,27.0,63.0,435.0,429.0
RADICO,704.0,604.0,6228.0,6037.0
RADIOCITY,-42.0,62.0,170.0,325.0
RAILTEL,215.0,276.0,2225.0,1964.0
RAIN,667.0,1577.0,18464.0,21011.0
RAINBOW,290.0,282.0,1820.0,1703.0
RAJESHEXPO,169.0,1432.0,887510.0,778716.0
RAJMET,2.0,15.0,241.0,1212.0
RAJOOENG,52.0,49.0,382.0,344.0
RAJPALAYAM,124.0,167.0,1015.0,942.0
RAJRATAN,80.0,124.0,1228.0,1156.0
RAJRILTD,35.0,641.0,1124.0,1180.0
RAJSREESUG,-8.0,30.0,557.0,767.0
RAJTV,-0.57,8.16,68.44,125.82
RALLIS,214.0,266.0,2962.0,2967.0
RAMANEWS,-69.0,38.0,33.0,504.0
RAMAPHO,54.0,70.0,928.0,893.0
RAMASTEEL,12.0,30.0,1079.0,1337.0
RAMBHAJO,,,,
RAMCOCEM,645.0,882.0,9228.0,9376.0
RAMCOIND,327.0,306.0,1873.0,1792.0
RAMCOSYS,42.0,57.0,712.0,701.0
RAMKY,245.0,1153.0,1938.0,2161.0
RAMRAT,128.0,109.0,6047.0,5177.0
RANASUG,6.0,266.0,1677.0,1743.0
RANEHOLDIN,128.0,221.0,6129.0,5891.0
RATEGAIN,242.0,209.0,2336.0,1824.0
RATNAMANI,514.0,625.0,4314.0,5186.0
RATNAVEER,68.0,64.0,1119.0,1069.0
RAYMOND,64.0,7636.0,2293.0,8215.0
RAYMONDLSL,43.0,2645.0,6973.0,6888.0
RAYMONDREL,302.0,305.0,3137.0,2991.0
RBA,-192.0,-204.0,2948.0,2823.0
RBLBANK,899.0,1260.0,14736.0,14337.0
RBZJEWEL,57.0,55.0,682.0,636.0
RCF,447.0,966.0,18695.0,21452.0
RCOM,-9374.0,660.0,305.0,25594.0
RECLTD,16035.0,16308.0,59202.0,59586.0
REDINGTON,1505.0,1821.0,128133.0,119162.0
REDTAPE,246.0,241.0,2436.0,2419.0
REFEX,248.0,204.0,2841.0,2277.0
REGAAL,60.0,56.0,1090.0,1134.0
REGENCERAM,-24.0,32.0,50.0,38.0
RELAXO,185.0,292.0,2753.0,2914.0
RELCHEMQ,6.0,18.0,368.0,366.0
RELIABLE,9.0,10.0,205.0,185.0
RELIANCE,88167.0,95754.0,1123055.0,1055780.0
RELIGARE,18.0,3169.0,8954.0,8459.0
RELINFRA,5301.0,9177.0,20877.0,26952.0
RELTD,60.0,81.0,501.0,765.0
REMSONSIND,19.0,21.0,489.0,469.0
RENUKA,-780.0,1950.0,9365.0,11844.0
REPCOHOME,482.0,475.0,1819.0,1792.0
REPL,-13.0,15.0,74.0,108.0
REPRO,98.0,24.0,517.0,494.0
RESPONIND,101.0,199.0,1248.0,2247.0
RETAIL,-0.18,-0.39,16.9,16.19
RGL,109.0,106.0,3063.0,2813.0
RHETAN,13.0,10.0,23.0,86.0
RHFL,,,,
RHIM,-354.0,269.0,4074.0,4020.0
RHL,27.0,55.0,149.0,148.0
RICOAUTO,32.0,154.0,2689.0,2478.0
RIIL,12.0,23.0,42.0,102.0
RIR,8.12,8.28,97.02,90.87
RISHABH,82.0,82.0,783.0,775.0
RITCO,26.0,41.0,1510.0,1499.0
RITES,461.0,633.0,2458.0,2662.0
RKDL,0.18,3.73,19.84,81.28
RKEC,-55.0,29.0,121.0,422.0
RKFORGE,107.0,415.0,4440.0,4238.0
RKSWAMY,23.0,40.0,347.0,341.0
RMC,,,,
RMDRIP,35.0,35.0,207.0,197.0
RML,119.0,107.0,4024.0,3863.0
RNBDENIMS,21.0,27.0,483.0,466.0
ROHLTD,29.0,51.0,413.0,384.0
ROLEXRINGS,152.0,198.0,1156.0,1222.0
ROLLT,-0.72,43.0,0.0,170.91
ROML,4.0,5.0,153.0,151.0
ROSSARI,151.0,149.0,2550.0,2396.0
ROSSELLIND,14.0,33.0,371.0,367.0
ROSSTECH,26.0,22.0,552.0,485.0
ROTO,28.0,39.0,294.0,298.0
ROUTE,267.0,389.0,4509.0,4576.0
RPEL,63.0,55.0,286.0,257.0
RPGLIFE,120.0,183.0,734.0,708.0
RPOWER,,,,
RPPINFRA,2.0,66.0,1485.0,1479.0
RPPL,20.0,17.0,353.0,332.0
RPSGVENT,4.0,339.0,11928.0,11323.0
RPTECH,325.0,282.0,17777.0,15827.0
RRIL,9.0,14.0,128.0,155.0
RRKABEL,608.0,492.0,10832.0,9722.0
RSDFIN,15.0,18.0,38.0,132.0
RSL,59.0,50.0,1082.0,1007.0
RSSOFTWARE,-32.0,67.0,23.0,376.0
RSWM,63.0,246.0,4545.0,4826.0
RSYSTEMS,193.0,186.0,2230.0,1958.0
RTNINDIA,-654.0,554.0,7697.0,7531.0
RTNPOWER,111.0,8897.0,2968.0,3364.0
RUBFILA,26.0,45.0,591.0,602.0
RUBICON,288.0,247.0,1936.0,1754.0
RUBYMILLS,43.0,54.0,380.0,359.0
RUCHINFRA,6.02,37.18,62.31,2326.08
RUCHIRA,33.0,68.0,655.0,803.0
RUDRA,16.0,21.0,633.0,623.0
RUPA,75.0,192.0,1278.0,1475.0
RUSHIL,22.0,48.0,912.0,898.0
RUSTOMJEE,131.0,232.0,2832.0,2635.0
RVHL,48.0,49.0,75.0,75.0
RVNL,896.0,1551.0,20825.0,21879.0
RVTH,15.0,31.0,151.0,212.0
S&SPOWER,8.0,10.0,276.0,264.0
SAATVIKGL,246.0,357.0,4144.0,4548.0
SADBHAV,110.0,1106.0,955.0,5240.0
SADBHIN,72.0,1029.0,789.0,3548.0
SADHNANIQ,-85.0,76.0,49.0,267.0
SAFARI,165.0,176.0,2108.0,2047.0
SAGARDEEP,3.0,3.0,200.0,179.0
SAGCEM,-36.0,186.0,2685.0,2650.0
SAGILITY,993.0,925.0,7617.0,7193.0
SAHLIBHFI,20.0,19.0,43.0,41.0
SAHYADRI,45.0,62.0,723.0,679.0
SAIL,4272.0,12243.0,111135.0,110811.0
SAILIFE,362.0,349.0,2250.0,2192.0
SAIPARENT,,,,
SAKAR,36.0,30.0,272.0,252.0
SAKHTISUG,27.0,418.0,973.0,1076.0
SAKSOFT,130.0,133.0,1007.0,1007.0
SAKUMA,11.0,70.0,1666.0,4546.0
SALASAR,14.0,53.0,1498.0,1503.0
SALONA,2.0,20.0,633.0,722.0
SALSTEEL,12.0,42.0,167.0,577.0
SALZERELEC,45.0,54.0,1815.0,1758.0
SAMBHAAV,-1.75,5.55,43.5,48.33
SAMBHV,165.0,142.0,2587.0,2413.0
SAMHI,572.0,567.0,1281.0,1248.0
SAMMAANCAP,-7236.0,4091.0,7418.0,17020.0
SAMPANN,7.0,7.0,152.0,143.0
SANATHAN,61.0,355.0,4401.0,3811.0
SANDESH,107.0,189.0,824.0,440.0
SANDHAR,208.0,199.0,5144.0,4852.0
SANDUMA,719.0,675.0,5328.0,5088.0
SANGAMIND,121.0,140.0,3305.0,3235.0
SANGHVIMOV,199.0,184.0,1177.0,1070.0
SANGINITA,-21.0,4.0,156.0,230.0
SANOFI,324.0,944.0,1805.0,3071.0
SANOFICONR,266.0,240.0,950.0,878.0
SANSERA,351.0,327.0,3753.0,3498.0
SANSTAR,44.0,67.0,821.0,1110.0
SANWARIA,-2.6,156.06,1.08,5303.79
SAPPHIRE,-16.0,233.0,3239.0,3125.0
SAPPL,42.0,30.0,725.0,701.0
SARDAEN,1151.0,1109.0,5665.0,5690.0
SAREGAMA,221.0,206.0,1041.0,1171.0
SARLAPOLY,2.0,62.0,412.0,431.0
SARVESHWAR,33.0,32.0,1402.0,1346.0
SASKEN,72.0,206.0,1179.0,1113.0
SATIA,-8.0,211.0,1443.0,1880.0
SATIN,410.0,436.0,3209.0,3143.0
SAURASHCEM,7.0,72.0,1699.0,1765.0
SAYAJIHOTL,-1.0,35.0,133.0,244.0
SBC,38.0,25.0,452.0,403.0
SBCL,106.0,96.0,616.0,571.0
SBFC,480.0,451.0,1782.0,1679.0
SBGLP,42.0,38.0,169.0,143.0
SBICARD,2275.0,2408.0,20063.0,19901.0
SBIFUNDS,,,,
SBILIFE,2601.0,2470.0,119656.0,131988.0
SBIN,89665.0,86666.0,525747.0,514933.0
SCANSTL,25.0,22.0,864.0,1091.0
SCHAEFFLER,1253.0,1150.0,10505.0,9686.0
SCHAND,68.0,107.0,811.0,799.0
SCHNEIDER,184.0,268.0,2920.0,2891.0
SCI,1618.0,1353.0,6310.0,5794.0
SCILAL,28.0,47.0,25.0,23.0
SCODATUBES,37.0,39.0,546.0,519.0
SCPL,21.0,21.0,386.0,366.0
SDBL,-30.0,104.0,970.0,1443.0
SEAMECLTD,259.0,254.0,1038.0,952.0
SECMARK,3.28,4.29,41.23,37.54
SECURKLOUD,-14.0,205.0,40.0,849.0
SEDEMAC,,,,
SEIL,5.81,7.06,56.72,58.99
SEJALLTD,32.0,147.0,437.0,396.0
SELMC,-169.0,5104.0,13.0,2323.0
SEMAC,7.0,30.0,222.0,325.0
SENCO,571.0,574.0,9660.0,8430.0
SENORES,131.0,122.0,688.0,633.0
SEPC,26.0,54.0,1126.0,1208.0
SERVOTECH,35.0,33.0,751.0,674.0
SESHAPAPER,99.0,396.0,1817.0,2083.0
SETCO,-163.0,23.0,765.0,691.0
SETL,89.0,83.0,849.0,774.0
SETUINFRA,,,,
SEYAIND,-2.98,88.49,0.0,412.78
SFL,217.0,240.0,4031.0,3821.0
SGFIN,157.0,128.0,402.0,334.0
SGIL,-9.0,17.0,358.0,366.0
SGL,11.0,,271.0,
SGMART,124.0,111.0,6480.0,6315.0
SHADOWFAX,169.0,112.0,4737.0,4202.0
SHAH,13.0,33.0,236.0,208.0
SHAHALLOYS,73.0,124.0,16.0,880.0
SHAILY,177.0,170.0,1025.0,991.0
SHAKTIPUMP,212.0,408.0,2934.0,2698.0
SHALBY,38.0,84.0,1176.0,1141.0
SHALPAINTS,-69.0,5.0,559.0,599.0
SHANKARA,5.0,81.0,1391.0,5697.0
SHANTI,-7.73,6.3,10.41,210.44
SHANTI-RE,,,,
SHANTIGEAR,64.0,96.0,499.0,605.0
SHANTIGOLD,186.0,140.0,2442.0,2019.0
SHARDACROP,626.0,681.0,5357.0,5268.0
SHARDAMOTR,332.0,345.0,3652.0,3397.0
SHARDUL,23.0,98.0,141.0,173.0
SHAREINDIA,364.0,426.0,1577.0,1483.0
SHBAJRG,45.0,72.0,287.0,570.0
SHEKHAWATI,12.0,154.0,15.0,363.0
SHEMAROO,-180.0,82.0,575.0,707.0
SHILCTECH,138.0,158.0,628.0,652.0
SHILPAMED,297.0,243.0,1683.0,1535.0
SHINDL,17.0,16.0,530.0,525.0
SHIVALIK,20.0,34.0,375.0,368.0
SHIVAMAUTO,-85.0,28.0,428.0,636.0
SHIVAMILLS,3.0,18.0,140.0,213.0
SHIVATEX,10.0,15.0,338.0,553.0
SHIVAUM,9.0,14.0,605.0,575.0
SHK,89.0,149.0,2450.0,2368.0
SHOPERSTOP,-35.0,214.0,5174.0,5043.0
SHRADHA,29.0,30.0,113.0,117.0
SHREDIGCEM,18.0,88.0,890.0,792.0
SHREECEM,1636.0,2396.0,21896.0,20943.0
SHREEJISPG,160.0,153.0,757.0,827.0
SHREEPUSHK,72.0,70.0,1002.0,977.0
SHREERAMA,25.0,51.0,265.0,240.0
SHRENIK,0.06,11.26,36.12,836.5
SHREYANIND,-14.0,87.0,629.0,866.0
SHRIKRISH,4.05,4.92,20.39,32.82
SHRINGARMS,121.0,115.0,2462.0,2246.0
SHRIPISTON,575.0,561.0,4970.0,4459.0
SHRIRAMFIN,11318.0,10024.0,49997.0,48135.0
SHRIRAMPPS,91.0,343.0,1249.0,1267.0
SHUKRAPHAR,34.0,22.0,75.0,57.0
SHYAMCENT,15.0,17.0,121.0,133.0
SHYAMMETL,1120.0,1724.0,19584.0,18552.0
SHYAMTEL,-3.07,0.14,0.0,324.05
SICAGEN,20.0,18.0,1055.0,973.0
SICALLOG,74.0,49.0,421.0,1732.0
SIEMENS,3277.0,2914.0,18062.0,24846.0
SIGACHI,26.0,70.0,471.0,488.0
SIGIND,24.0,18.0,1393.0,1347.0
SIGMA,31.0,24.0,98.0,96.0
SIGMAADV,167.0,268.0,861.0,492.0
SIGNATURE,1044.0,1095.0,2282.0,2596.0
SIGNPOST,74.0,70.0,591.0,576.0
SIKA,35.0,36.0,186.0,211.0
SIKKO,6.05,5.1,64.6,65.01
SIL,62.0,185.0,216.0,437.0
SILGO,6.73,5.7,48.22,47.03
SILINV,51.0,136.0,74.0,178.0
SILLYMONKS,-2.13,1.18,4.48,22.22
SILVERTUC,42.0,36.0,360.0,342.0
SIMBHALS,-33.0,24.0,736.0,1263.0
SIMPLEXINF,46.0,134.0,1069.0,6202.0
SINCLAIR,11.0,31.0,64.0,59.0
SINDHUTRAD,77.0,122.0,488.0,1731.0
SINGERIND,18.0,13.0,610.0,557.0
SINTERCOM,2.0,6.0,105.0,101.0
SIRCA,67.0,65.0,508.0,492.0
SIS,147.0,367.0,17037.0,15982.0
SITINET,-199.0,-41.0,1134.0,1608.0
SIYSIL,237.0,251.0,2629.0,2572.0
SJS,212.0,172.0,1006.0,955.0
SJVN,639.0,1677.0,5005.0,4528.0
SKFINDIA,210.0,566.0,3068.0,4920.0
SKFINDUS,208.0,218.0,3590.0,3440.0
SKIPPER,225.0,213.0,5609.0,5553.0
SKMEGGPROD,111.0,104.0,777.0,768.0
SKYGOLD,343.0,282.0,7176.0,6295.0
SMARTLINK,17.0,19.0,298.0,269.0
SMARTWORKS,28.0,11.0,1963.0,1796.0
SMCGLOBAL,110.0,188.0,1967.0,1878.0
SMLMAH,156.0,160.0,2950.0,2838.0
SMLT,5.0,30.0,201.0,457.0
SMSPHARMA,102.0,102.0,898.0,887.0
SNOWMAN,5.0,25.0,619.0,604.0
SOBHA,231.0,297.0,5617.0,5190.0
SOFTTECH,5.0,7.0,139.0,133.0
SOLARA,-2.0,221.0,1431.0,1617.0
SOLARINDS,2050.0,1737.0,11351.0,9838.0
SOLARWORLD,117.0,120.0,1476.0,1376.0
SOLEX,82.0,98.0,1619.0,1618.0
SOMANYCERA,101.0,115.0,2935.0,2790.0
SOMATEX,9.0,165.0,107.0,226.0
SOMICONVEY,4.43,5.49,90.11,102.11
SONACOMS,686.0,629.0,4897.0,4449.0
SONAL,20.0,32.0,37.0,41.0
SONAMLTD,9.0,7.0,200.0,171.0
SONATSOFTW,463.0,464.0,11015.0,10701.0
SOTL,414.0,260.0,4853.0,4360.0
SOUTHBANK,1511.0,1456.0,10112.0,9846.0
SOUTHWEST,40.0,33.0,264.0,243.0
SPAL,105.0,101.0,1576.0,1579.0
SPANDANA,-327.0,501.0,1007.0,2401.0
SPARC,1584.0,1553.0,1909.0,1879.0
SPCENET,26.0,16.0,190.0,195.0
SPECIALITY,23.0,97.0,495.0,476.0
SPECTRUM,52.0,44.0,595.0,526.0
SPENCERS,-248.0,2.0,1854.0,2645.0
SPIC,205.0,301.0,3024.0,3086.0
SPLIL,8.27,31.27,72.3,284.65
SPLPETRO,485.0,330.0,5719.0,5406.0
SPMLINFRA,85.0,75.0,995.0,2276.0
SPORTKING,162.0,409.0,2614.0,2524.0
SRD,18.0,27.0,478.0,465.0
SREEL,33.0,31.0,258.0,248.0
SRF,2162.0,2162.0,17001.0,15787.0
SRGHFL,34.0,32.0,209.0,199.0
SRHHYPOLTD,92.0,154.0,698.0,1650.0
SRM,118.0,111.0,1079.0,1026.0
SRTL,14.0,14.0,302.0,273.0
SSDL,24.0,31.0,634.0,631.0
SSWL,212.0,675.0,5506.0,5183.0
STALLION,52.0,44.0,442.0,431.0
STANLEY,6.0,35.0,410.0,432.0
STAR,634.0,3598.0,5004.0,4859.0
STARCEMENT,366.0,390.0,3807.0,3776.0
STARHEALTH,844.0,845.0,19114.0,17825.0
STARPAPER,31.0,66.0,412.0,493.0
STARTECK,24.0,38.0,39.0,76.0
STCINDIA,642.0,51.0,0.0,15539.0
STEELCAS,91.0,87.0,441.0,477.0
STEELCITY,17.0,17.0,67.0,70.0
STEELXIND,32.0,140.0,1029.0,1658.0
STEL,20.0,20.0,27.0,27.0
STERTOOLS,26.0,58.0,850.0,1026.0
STLNETWORK,-99.0,7.0,945.0,1475.0
STLTECH,243.0,578.0,5642.0,6925.0
STOVEKRAFT,49.0,81.0,1748.0,1607.0
STUDDS,75.0,83.0,655.0,634.0
STYL,264.0,240.0,1507.0,1558.0
STYLAMIND,170.0,150.0,1173.0,1129.0
STYLEBAAZA,47.0,47.0,1950.0,1841.0
STYRENIX,273.0,234.0,3505.0,3438.0
SUBEXLTD,30.0,52.0,292.0,372.0
SUBROS,166.0,166.0,3909.0,3756.0
SUDARCOLOR,48.0,943.0,792.0,1140.0
SUDARSCHEM,89.0,357.0,9922.0,9787.0
SUDEEPPHRM,184.0,174.0,676.0,642.0
SUKHJITS,34.0,73.0,1459.0,1498.0
SULA,25.0,93.0,559.0,579.0
SUMEETINDS,25.0,170.0,1074.0,1406.0
SUMICHEM,579.0,543.0,3245.0,3511.0
SUMIT,6.6,10.93,97.79,180.46
SUMMITSEC,120.0,121.0,194.0,144.0
SUNCLAY,251.0,629.0,2106.0,17903.0
SUNDARAM,4.0,6.0,146.0,137.0
SUNDARMFIN,2220.0,2059.0,10104.0,9852.0
SUNDRMBRAK,4.0,10.0,344.0,355.0
SUNDRMFAST,614.0,593.0,6602.0,6289.0
SUNDROP,28.0,37.0,1605.0,1549.0
SUNFLAG,206.0,1115.0,3995.0,3939.0
SUNPHARMA,12117.0,11509.0,59911.0,58462.0
SUNTECK,211.0,241.0,1127.0,1124.0
SUNTV,1530.0,1926.0,4502.0,4335.0
SUPERHOUSE,8.0,36.0,677.0,800.0
SUPERSPIN,-5.18,0.84,6.31,440.5
SUPRAJIT,187.0,183.0,4031.0,3825.0
SUPREME,0.68,12.88,5.87,78.33
SUPREMEENG,-9.37,6.76,24.76,173.57
SUPREMEIND,1032.0,1070.0,11326.0,11218.0
SUPREMEINF,6137.0,5796.0,81.0,1814.0
SUPRIYA,198.0,209.0,873.0,828.0
SURAJEST,92.0,100.0,568.0,556.0
SURAJLTD,8.0,22.0,195.0,367.0
SURAKSHA,35.0,31.0,325.0,310.0
SURANASOL,6.4,8.44,35.9,125.38
SURANAT&P,30.0,23.0,60.0,61.0
SURYALA,36.0,35.0,482.0,495.0
SURYALAXMI,4.0,30.0,799.0,851.0
SURYAROSNI,312.0,347.0,7982.0,7997.0
SURYODAY,192.0,216.0,2287.0,2160.0
SUTLEJTEX,-55.0,150.0,2668.0,3076.0
SUVEN,-352.0,124.0,9.0,625.0
SUVIDHAA,-7.71,0.53,4.88,284.53
SUYOG,60.0,63.0,251.0,276.0
SUZLON,3144.0,3163.0,17429.0,19954.0
SVLL,7.0,6.0,239.0,224.0
SVPGLOB,45.0,71.0,0.0,2489.0
SWANCORP,208.0,874.0,4172.0,5017.0
SWANDEF,-237.0,17937.0,312.0,912.0
SWARAJ,61.0,54.0,683.0,577.0
SWARAJENG,202.0,196.0,2111.0,2007.0
SWELECTES,44.0,63.0,611.0,657.0
SWIGGY,-3748.0,-1617.0,24904.0,23053.0
SWSOLAR,-281.0,638.0,7377.0,8240.0
SYMPHONY,-140.0,212.0,1112.0,1576.0
SYNCOMF,86.0,76.0,498.0,489.0
SYNGENE,221.0,510.0,3600.0,3739.0
SYRMA,402.0,346.0,5464.0,4819.0
SYSTMTXC,-1.0,53.0,169.0,168.0
TAALTECH,62.0,57.0,216.0,197.0
TAINWALCHM,8.01,10.79,17.77,18.03
TAJGVK,416.0,410.0,567.0,508.0
TAKE,13.0,178.0,85.0,2213.0
TALBROAUTO,112.0,110.0,902.0,870.0
TAMBOLIIN,11.0,13.0,82.0,83.0
TANLA,533.0,548.0,4603.0,4418.0
TARACHAND,23.0,28.0,291.0,285.0
TARAPUR,-2.38,16.15,0.0,37.31
TARC,-13.0,53.0,471.0,369.0
TARIL,269.0,272.0,2552.0,2509.0
TARMAT,7.0,7.0,128.0,276.0
TARSONS,11.0,101.0,441.0,423.0
TASTYBITE,36.0,42.0,583.0,554.0
TATACAP,5478.0,4891.0,32695.0,31566.0
TATACHEM,-1971.0,7228.0,15120.0,17204.0
TATACOMM,936.0,1837.0,25426.0,24803.0
TATACONSUM,1642.0,1547.0,20860.0,20290.0
TATAELXSI,655.0,792.0,3886.0,3757.0
TATAINVEST,431.0,434.0,404.0,403.0
TATAPOWER,5256.0,5118.0,63445.0,65478.0
TATASTEEL,11264.0,41749.0,239756.0,243959.0
TATATECH,557.0,679.0,5926.0,5506.0
TATVA,51.0,96.0,556.0,506.0
TBOTEK,265.0,244.0,3092.0,2677.0
TBZ,214.0,202.0,3420.0,3203.0
TCC,68.0,65.0,286.0,179.0
TCI,460.0,460.0,5026.0,4917.0
TCIEXP,82.0,139.0,1264.0,1254.0
TCIFINANCE,-1.71,6.78,0.0,13.41
TCPLPACK,115.0,143.0,1878.0,1810.0
TCS,50055.0,49454.0,275859.0,267021.0
TDPOWERSYS,275.0,239.0,2124.0,1856.0
TEAMGTY,1.09,6.55,7.12,8.74
TEAMLEASE,151.0,141.0,11982.0,11791.0
TECHM,5163.0,5630.0,59176.0,56815.0
TECHNOCRAF,,,,
TECHNOE,431.0,474.0,3356.0,3252.0
TECHNVISN,3.0,14.0,286.0,269.0
TECILCHEM,-0.55,-0.38,0.0,0.0
TEGA,-1.0,200.0,3059.0,1692.0
TEJASNET,-917.0,447.0,1303.0,8923.0
TEMBO,109.0,98.0,1144.0,1090.0
TENNIND,602.0,604.0,5663.0,5468.0
TERASOFT,25.0,25.0,255.0,238.0
TEXINFRA,9.39,26.85,17.02,23.9
TEXMOPIPES,15.0,18.0,388.0,635.0
TEXRAIL,214.0,249.0,4223.0,5107.0
TFCILTD,85.0,85.0,232.0,266.0
TFL,-3.69,1.22,13.04,19.3
TGBHOTELS,-1.41,9.04,26.92,164.01
THACKER,19.0,21.0,6.0,8.0
THAKDEV,14.0,34.0,44.0,58.0
THANGAMAYL,391.0,352.0,9622.0,8499.0
THEINVEST,37.0,80.0,274.0,640.0
THEJO,54.0,59.0,674.0,632.0
THELEELA,443.0,403.0,1604.0,1527.0
THEMISMED,40.0,73.0,332.0,406.0
THERMAX,591.0,720.0,10839.0,10774.0
THOMASCOOK,211.0,6131.0,8082.0,11248.0
THOMASCOTT,21.0,19.0,267.0,255.0
THYROCARE,176.0,176.0,876.0,829.0
TI,-36.0,270.0,3016.0,2346.0
TICL,7.04,308.33,66.75,517.38
TIGERLOGS,-29.0,11.0,172.0,330.0
TIIL,348.0,293.0,2931.0,2759.0
TIINDIA,1109.0,1723.0,23754.0,22847.0
TIJARIA,-1.39,6.19,0.0,149.53
TIL,-29.0,254.0,377.0,1472.0
TIMETECHNO,498.0,477.0,6445.0,6105.0
TIMEX,86.0,75.0,849.0,799.0
TIMKEN,426.0,462.0,3599.0,3478.0
TINNARUBR,62.0,53.0,572.0,546.0
TIPSFILMS,-50.0,24.0,111.0,158.0
TIPSMUSIC,215.0,217.0,394.0,376.0
TIRUMALCHM,-152.0,281.0,1832.0,2132.0
TIRUPATIFL,6.0,9.0,168.0,162.0
TITAGARH,188.0,286.0,3272.0,3868.0
TITAN,5760.0,5073.0,92417.0,87584.0
TMB,1444.0,1338.0,6096.0,5819.0
TMCV,4187.0,3195.0,87197.0,83855.0
TMPV,79502.0,82645.0,343703.0,434016.0
TNPETRO,142.0,175.0,1783.0,2150.0
TNPL,261.0,388.0,4649.0,5180.0
TNTELE,-15.0,-9.0,0.0,14.0
TOKYOPLAST,0.35,7.39,80.94,79.93
TOLINS,33.0,39.0,317.0,327.0
TORNTPHARM,2156.0,2138.0,15723.0,13980.0
TORNTPOWER,2390.0,3059.0,29184.0,29165.0
TOTAL,9.0,9.0,668.0,665.0
TOUCHWOOD,3.18,5.18,61.63,74.58
TPHQ,6.0,5.0,118.0,840.0
TPLPLASTEH,30.0,29.0,457.0,423.0
TRACXN,-12.0,33.0,84.0,84.0
TRANSPEK,39.0,83.0,618.0,827.0
TRANSRAILL,405.0,404.0,6956.0,6880.0
TRANSWORLD,-37.0,211.0,510.0,718.0
TRAVELFOOD,486.0,452.0,1725.0,1688.0
TREEHOUSE,-11.0,61.0,4.0,209.0
TREJHARA,13.0,20.0,177.0,142.0
TREL,41.0,250.0,85.0,136.0
TRENT,1815.0,1721.0,20945.0,20074.0
TRF,-6.1,88.58,87.65,1113.3
TRIDENT,395.0,834.0,6781.0,6998.0
TRIGYN,10.0,62.0,1005.0,1280.0
TRITURBINE,336.0,359.0,2252.0,2181.0
TRIVENI,270.0,1792.0,6173.0,6290.0
TRU,-105.0,11.0,64.0,197.0
TRUALT,159.0,147.0,2050.0,1908.0
TSFINV,497.0,533.0,1112.0,1027.0
TTKHLTCARE,74.0,640.0,888.0,857.0
TTKPRESTIG,190.0,305.0,3178.0,2974.0
TTL,1.0,15.0,190.0,698.0
TTML,38.0,-215.0,1178.0,2972.0
TURTLEMINT,,,,
TVSELECT,-2.0,16.0,464.0,4107.0
TVSHLTD,3888.0,3390.0,62488.0,58154.0
TVSMOTOR,3601.0,3186.0,60155.0,56070.0
TVSSCS,68.0,117.0,11746.0,11003.0
TVSSRICHAK,92.0,190.0,3892.0,3643.0
TVTODAY,17.0,182.0,818.0,993.0
TVVISION,-33.0,9.0,7.0,176.0
UBL,396.0,563.0,9442.0,9240.0
UCAL,-21.0,101.0,846.0,870.0
UCOBANK,2817.0,2768.0,26841.0,26281.0
UDS,84.0,119.0,3004.0,2940.0
UEL,3.93,35.93,17.02,486.35
UFBL,-43.0,19.0,1468.0,1339.0
UFLEX,682.0,1099.0,16866.0,15401.0
UFO,24.0,67.0,486.0,612.0
UGARSUGAR,68.0,103.0,1624.0,1794.0
UGROCAP,140.0,144.0,1770.0,1785.0
UJJIVANSFB,906.0,1281.0,7338.0,6931.0
ULTRACEMCO,8571.0,8188.0,91884.0,88512.0
ULTRAMAR,92.0,81.0,830.0,775.0
UMAEXPORTS,0.0,28.0,1438.0,1731.0
UMESLTD,0.39,0.39,0.86,3.43
UMIYA-MRO,11.0,79.0,76.0,123.0
UNICHEMLAB,305.0,2545.0,2308.0,2202.0
UNIDT,20.0,50.0,184.0,181.0
UNIECOM,21.0,20.0,211.0,204.0
UNIENTER,20.0,55.0,26.0,112.0
UNIINFO,-1.1,5.19,43.4,50.1
UNIMECH,72.0,83.0,285.0,243.0
UNIONBANK,20644.0,19430.0,107127.0,106799.0
UNIPARTS,180.0,205.0,1244.0,1366.0
UNITDSPR,1884.0,1838.0,12626.0,12467.0
UNITECH,-2982.0,-162.0,513.0,3431.0
UNITEDPOLY,27.0,24.0,712.0,908.0
UNITEDTEA,20.0,22.0,81.0,90.0
UNIVASTU,31.0,26.0,318.0,243.0
UNIVCABLES,200.0,163.0,3368.0,3022.0
UNIVPHOTO,-18.0,514.0,19.0,62.0
UNOMINDA,1291.0,1284.0,20725.0,19658.0
UPL,2323.0,4437.0,52804.0,53576.0
URAVIDEF,2.31,2.55,40.59,41.35
URBANCO,-334.0,240.0,1717.0,1556.0
URJA,1.46,2.04,61.65,163.56
USHAMART,508.0,466.0,3837.0,4561.0
USK,12.0,30.0,199.0,577.0
UTIAMC,512.0,813.0,1909.0,1851.0
UTKARSHBNK,-945.0,498.0,3381.0,3765.0
UTLSOLAR,294.0,304.0,3403.0,2655.0
UTTAMSUGAR,87.0,132.0,2179.0,2202.0
UYFINCORP,-0.66,11.6,63.4,185.01
V2RETAIL,179.0,162.0,3432.0,3067.0
VADILALIND,219.0,155.0,1676.0,1503.0
VAIBHAVGBL,285.0,272.0,3795.0,3692.0
VAISHALI,4.0,4.0,108.0,109.0
VAKRANGEE,10.0,680.0,242.0,6502.0
VALIANTLAB,16.0,29.0,306.0,334.0
VALIANTORG,54.0,131.0,766.0,1153.0
VAML,,,,
VARDHACRLC,42.0,46.0,327.0,498.0
VARDMNPOLY,319.0,102.0,238.0,941.0
VARROC,200.0,532.0,9497.0,12036.0
VASCONEQ,28.0,130.0,880.0,1077.0
VASWANI,-0.0,9.0,471.0,467.0
VBL,3409.0,3062.0,24126.0,21685.0
VCL,5.26,5.53,11.17,75.62
VEDL,28556.0,25096.0,88898.0,147308.0
VEDPOWER,,,,
VEEDOL,220.0,192.0,2263.0,2169.0
VELJAN,26.0,26.0,165.0,164.0
VENKEYS,173.0,268.0,3980.0,4400.0
VENTIVE,588.0,502.0,2496.0,2461.0
VENUSPIPES,104.0,102.0,1211.0,1167.0
VENUSREM,116.0,103.0,811.0,770.0
VERANDA,158.0,130.0,525.0,482.0
VERTOZ,27.0,26.0,303.0,292.0
VESUVIUS,256.0,265.0,2134.0,2104.0
VETO,27.0,29.0,411.0,387.0
VGL,-20.0,19.0,72.0,844.0
VGUARD,365.0,314.0,6310.0,5966.0
VHL,252.0,429.0,20.0,70.0
VHLTD,23.0,78.0,163.0,143.0
VIDHIING,53.0,59.0,438.0,537.0
VIDYAWIRES,63.0,58.0,1978.0,1840.0
VIJAYA,187.0,173.0,857.0,814.0
VIJIFIN,4.13,1.97,5.41,5.24
VIKASECO,,,,
VIKASLIFE,,,,
VIKRAMSOLR,357.0,469.0,5232.0,4803.0
VIKRAN,104.0,92.0,1294.0,1249.0
VIMTALABS,61.0,48.0,329.0,318.0
VINATIORGA,448.0,444.0,2381.0,2248.0
VINCOFE,79.0,72.0,612.0,553.0
VINDHYATEL,236.0,283.0,3405.0,4088.0
VINEETLAB,-10.0,7.0,55.0,243.0
VINNY,1.0,5.0,133.0,207.0
VINYLINDIA,19.0,36.0,601.0,1013.0
VIPCLOTHNG,10.0,10.0,253.0,261.0
VIPIND,-378.0,152.0,1875.0,2245.0
VIPULLTD,-28.0,234.0,63.0,284.0
VIRINCHI,-30.0,59.0,275.0,406.0
VISACHROME,1036.0,1660.0,511.0,2067.0
VISAKAIND,86.0,118.0,1762.0,1678.0
VISHNU,150.0,142.0,1696.0,1610.0
VISHWARAJ,-36.0,60.0,351.0,611.0
VISL,,,,
VITAL,,,,
VIVIANA,55.0,53.0,572.0,531.0
VIVIDHA,-1.33,1.71,0.24,102.76
VIVIMEDLAB,,,,
VIYASH,267.0,431.0,3575.0,3420.0
VLEGOV,-2.39,102.52,9.57,729.53
VLSFINANCE,47.0,324.0,64.0,4625.0
VMART,138.0,124.0,3993.0,3789.0
VMM,892.0,839.0,13493.0,12906.0
VMSTMT,17.0,21.0,874.0,882.0
VOEPL,18.0,15.0,996.0,824.0
VOGL,,,,
VOLTAMP,317.0,325.0,2274.0,2154.0
VOLTAS,442.0,834.0,14979.0,15413.0
VPRPL,-196.0,122.0,713.0,1474.0
VRAJ,36.0,57.0,643.0,588.0
VRLLOG,267.0,323.0,3356.0,3221.0
VSSL,143.0,122.0,1807.0,1764.0
VSTIND,279.0,327.0,1423.0,1465.0
VSTL,8.0,21.0,1212.0,1149.0
VSTTILLERS,109.0,121.0,1271.0,1240.0
VTL,860.0,1551.0,10186.0,10137.0
WAAREEENER,4003.0,3884.0,30043.0,26537.0
WAAREEINDO,166.0,1081.0,554.0,680.0
WAAREERTL,511.0,479.0,3652.0,3331.0
WABAG,394.0,370.0,4097.0,3944.0
WAKEFIT,193.0,189.0,1547.0,1489.0
WALCHANNAG,-3.0,20.0,317.0,802.0
WANBURY,43.0,81.0,630.0,661.0
WCIL,37.0,80.0,1878.0,1829.0
WEALTH,33.0,43.0,58.0,331.0
WEBELSOLAR,314.0,303.0,1203.0,1049.0
WEIZMANIND,6.0,9.0,128.0,135.0
WEL,12.0,19.0,734.0,894.0
WELCORP,2319.0,1902.0,17300.0,17340.0
WELENT,348.0,726.0,3544.0,3695.0
WELINV,3.08,7.33,5.29,8.3
WELSPLSOL,29.0,93.0,879.0,886.0
WELSPUNLIV,286.0,749.0,9934.0,10545.0
WENDT,17.0,41.0,255.0,236.0
WESTLIFE,32.0,112.0,2704.0,2626.0
WEWIN,4.37,5.62,96.86,93.65
WEWORK,85.0,128.0,2589.0,2440.0
WHEELS,166.0,158.0,5690.0,5465.0
WHIRLPOOL,252.0,567.0,8329.0,8034.0
WILLAMAGOR,-16.0,51.0,1.0,51.0
WINDLAS,66.0,66.0,942.0,904.0
WINDMACHIN,8.0,12.0,606.0,570.0
WIPL,-0.0,3.0,116.0,119.0
WIPRO,13285.0,13266.0,94968.0,92624.0
WOCKPHARMA,414.0,688.0,3564.0,4482.0
WONDERLA,102.0,158.0,593.0,519.0
WORTHPERI,19.0,21.0,311.0,305.0
WPIL,233.0,684.0,1977.0,1855.0
WSI,2.65,46.94,65.88,326.38
WSTCSTPAPR,237.0,1087.0,4375.0,4921.0
XCHANGING,61.0,62.0,207.0,307.0
XELPMOC,-7.91,4.08,3.92,14.74
XPROINDIA,33.0,45.0,535.0,535.0
XTGLOBAL,15.0,20.0,370.0,369.0
XTRANET,,,,
YASHO,58.0,68.0,939.0,830.0
YATHARTH,174.0,170.0,1334.0,1207.0
YATRA,31.0,47.0,985.0,1007.0
YESBANK,3775.0,4233.0,30658.0,30919.0
YUKEN,16.0,119.0,492.0,462.0
ZAGGLE,130.0,139.0,1999.0,1908.0
ZEEL,202.0,2220.0,8181.0,8637.0
ZEELEARN,45.0,156.0,406.0,517.0
ZEEMEDIA,-1.0,76.0,768.0,867.0
ZENITHEXPO,0.29,2.29,60.27,266.46
ZENITHSTL,4.02,11.63,41.91,183.63
ZENSARTECH,776.0,775.0,5811.0,5687.0
ZENTEC,197.0,299.0,671.0,974.0
ZFCVINDIA,499.0,517.0,4210.0,4119.0
ZFSTEERING,16.0,44.0,581.0,571.0
ZIMLAB,4.0,24.0,397.0,399.0
ZODIAC,25.0,21.0,587.0,544.0
ZODIACLOTH,-35.0,16.0,156.0,391.0
ZOTA,-104.0,9.0,609.0,539.0
ZSARACOM,132.0,104.0,165.0,128.0
ZUARI,974.0,982.0,2569.0,8103.0
ZUARIIND,106.0,713.0,1099.0,1045.0
ZYDUSLIFE,4593.0,5124.0,28592.0,27148.0
ZYDUSWELL,188.0,347.0,4537.0,3961.0
