Symbol,Date,TotalVolume,DeliveryQty,DeliveryPct
20MICRONS,2026-02-10,56973,30832,54.12
21STCENMGM,2026-02-10,1326,1218,91.86
360ONE,2026-02-10,1057832,371129,35.08
3IINFOLTD,2026-02-10,552473,312459,56.56
3MINDIA,2026-02-10,11004,4644,42.2
3PLAND,2026-02-10,2747,2501,91.04
5PAISA,2026-02-10,31824,14185,44.57
63MOONS,2026-02-10,218085,99738,45.73
A2ZINFRA,2026-02-10,195431,149948,76.73
AADHARHFC,2026-02-10,460769,338134,73.38
AAKASH,2026-02-10,64737,57537,88.88
AAREYDRUGS,2026-02-10,111747,86019,76.98
AARON,2026-02-10,5641,3004,53.25
AARTECH,2026-02-10,90348,30060,33.27
AARTIDRUGS,2026-02-10,130811,60643,46.36
AARTIIND,2026-02-10,1469669,740481,50.38
AARTIPHARM,2026-02-10,555308,217286,39.13
AARTISURF,2026-02-10,9719,5269,54.21
AARVI,2026-02-10,25033,14797,59.11
AAVAS,2026-02-10,161260,82899,51.41
ABB,2026-02-10,155125,77651,50.06
ABBOTINDIA,2026-02-10,10501,7754,73.84
ABCAPITAL,2026-02-10,5675126,2788407,49.13
ABCOTS,2026-02-10,38182,18942,49.61
ABDL,2026-02-10,229490,106540,46.42
ABFRL,2026-02-10,3468312,1358662,39.17
ABGSEC,2026-02-10,2376,2360,99.33
ABINFRA,2026-02-10,421681,270858,64.23
ABLBL,2026-02-10,576411,318353,55.23
ABMINTLLTD,2026-02-10,17664,8805,49.85
ABREL,2026-02-10,236166,93245,39.48
ABSLAMC,2026-02-10,397343,213093,53.63
ABSLBANETF,2026-02-10,10564,7421,70.25
ABSLLIQUID,2026-02-10,1891,924,48.86
ABSLNN50ET,2026-02-10,9240,5170,55.95
ABSLPSE,2026-02-10,7116323,6807627,95.66
ACC,2026-02-10,126437,50766,40.15
ACCELYA,2026-02-10,27156,13698,50.44
ACCURACY,2026-02-10,56207,41313,73.5
ACE,2026-02-10,127733,61521,48.16
ACEINTEG,2026-02-10,1665,1068,64.14
ACI,2026-02-10,58605,18680,31.87
ACL,2026-02-10,26353,18405,69.84
ACMESOLAR,2026-02-10,1122393,443936,39.55
ACUTAAS,2026-02-10,998376,546867,54.78
ADANIENSOL,2026-02-10,1014007,309056,30.48
ADANIENT,2026-02-10,1670672,253600,15.18
ADANIGREEN,2026-02-10,2057124,412021,20.03
ADANIPORTS,2026-02-10,1643366,563797,34.31
ADANIPOWER,2026-02-10,17009549,6287054,36.96
ADFFOODS,2026-02-10,315077,112388,35.67
ADL,2026-02-10,1383,673,48.66
ADOR,2026-02-10,53408,28864,54.04
ADROITINFO,2026-02-10,135366,124515,91.98
ADSL,2026-02-10,166435,80874,48.59
ADVAIT,2026-02-10,32802,15183,46.29
ADVANCE,2026-02-10,903401,235106,26.02
ADVANIHOTR,2026-02-10,65516,44571,68.03
ADVENTHTL,2026-02-10,37096,22404,60.39
ADVENZYMES,2026-02-10,109707,59121,53.89
AEGISLOG,2026-02-10,187425,83026,44.3
AEGISVOPAK,2026-02-10,257651,113682,44.12
AEQUS,2026-02-10,1175795,587552,49.97
AEROENTER,2026-02-10,141376,83839,59.3
AEROFLEX,2026-02-10,708898,259935,36.67
AERONEU,2026-02-10,29179,10847,37.17
AETHER,2026-02-10,124029,63141,50.91
AFCONS,2026-02-10,338739,207809,61.35
AFFLE,2026-02-10,174729,100605,57.58
AFFORDABLE,2026-02-10,37499,24153,64.41
AFIL,2026-02-10,1200767,862394,71.82
AFSL,2026-02-10,20025,8528,42.59
AGARIND,2026-02-10,13689,9014,65.85
AGARWALEYE,2026-02-10,41499,17670,42.58
AGI,2026-02-10,302845,148067,48.89
AGIIL,2026-02-10,160232,84418,52.68
AGROPHOS,2026-02-10,20088,9967,49.62
AHCL,2026-02-10,139195,60361,43.36
AHLADA,2026-02-10,32161,23904,74.33
AHLEAST,2026-02-10,7701,4920,63.89
AHLUCONT,2026-02-10,238397,155968,65.42
AIAENG,2026-02-10,52739,33033,62.63
AIIL,2026-02-10,442281,247535,55.97
AIRAN,2026-02-10,242178,221281,91.37
AIROLAM,2026-02-10,699,471,67.38
AJANTPHARM,2026-02-10,123104,89894,73.02
AJAXENGG,2026-02-10,189972,56452,29.72
AJMERA,2026-02-10,380889,183208,48.1
AJOONI,2026-02-10,427370,264041,61.78
AKASH,2026-02-10,5872,3917,66.71
AKG,2026-02-10,152880,133487,87.31
AKI,2026-02-10,44066,30939,70.21
AKSHAR,2026-02-10,740193,541138,73.11
AKSHARCHEM,2026-02-10,2404,1528,63.56
AKSHOPTFBR,2026-02-10,254279,152315,59.9
AKUMS,2026-02-10,129048,68815,53.33
AKZOINDIA,2026-02-10,19760,9496,48.06
ALANKIT,2026-02-10,289353,185795,64.21
ALBERTDAVD,2026-02-10,2892,1868,64.59
ALEMBICLTD,2026-02-10,325251,212393,65.3
ALGOQUANT,2026-02-10,662005,232490,35.12
ALICON,2026-02-10,4499,2919,64.88
ALIVUS,2026-02-10,55158,28385,51.46
ALKALI,2026-02-10,3417,2233,65.35
ALKEM,2026-02-10,84505,49877,59.02
ALKYLAMINE,2026-02-10,30520,15896,52.08
ALLCARGO,2026-02-10,6440337,3617995,56.18
ALLDIGI,2026-02-10,10231,7333,71.67
ALLTIME,2026-02-10,503322,118831,23.61
ALMONDZ,2026-02-10,59296,43157,72.78
ALOKINDS,2026-02-10,3861479,1925095,49.85
ALPA,2026-02-10,9463,7097,75.0
ALPHA,2026-02-10,1089989,716144,65.7
ALPHAETF,2026-02-10,640689,308995,48.23
ALPHAGEO,2026-02-10,3611,2499,69.21
ALPL30IETF,2026-02-10,1837799,1570486,85.45
AMAGI,2026-02-10,1423984,563382,39.56
AMANTA,2026-02-10,43293,22861,52.81
AMBER,2026-02-10,1658147,437529,26.39
AMBICAAGAR,2026-02-10,3685,2472,67.08
AMBIKCO,2026-02-10,22655,10126,44.7
AMBUJACEM,2026-02-10,1575847,648269,41.14
AMDIND,2026-02-10,13827,7662,55.41
AMJLAND,2026-02-10,33320,11108,33.34
AMNPLST,2026-02-10,6879,4218,61.32
AMRUTANJAN,2026-02-10,3578,2086,58.3
ANANDRATHI,2026-02-10,183987,122011,66.32
ANANTRAJ,2026-02-10,5162882,1531412,29.66
ANDHRAPAP,2026-02-10,97950,68147,69.57
ANDHRSUGAR,2026-02-10,114990,64989,56.52
ANGELONE,2026-02-10,870730,261115,29.99
ANIKINDS,2026-02-10,18618,11716,62.93
ANMOL,2026-02-10,41927,29581,70.55
ANTELOPUS,2026-02-10,392350,92876,23.67
ANTGRAPHIC,2026-02-10,180587,126883,70.26
ANTHEM,2026-02-10,249764,114706,45.93
ANUHPHR,2026-02-10,47189,26932,57.07
ANUP,2026-02-10,112329,25358,22.57
ANURAS,2026-02-10,225269,134011,59.49
AONEGOLD,2026-02-10,1119098,634520,56.7
AONELIQUID,2026-02-10,67664,67181,99.29
AONENIFTY,2026-02-10,392013,251645,64.19
AONETMMQ50,2026-02-10,74309,71899,96.76
AONETOTAL,2026-02-10,587602,394630,67.16
APARINDS,2026-02-10,41408,21311,51.47
APCL,2026-02-10,2358,1380,58.52
APCOTEXIND,2026-02-10,14972,8051,53.77
APEX,2026-02-10,1269206,233989,18.44
APLAPOLLO,2026-02-10,962439,695527,72.27
APLLTD,2026-02-10,23723,12144,51.19
APOLLO,2026-02-10,4379834,1660945,37.92
APOLLOHOSP,2026-02-10,277132,131546,47.47
APOLLOPIPE,2026-02-10,207032,39378,19.02
APOLLOTYRE,2026-02-10,1060494,406905,38.37
APOLSINHOT,2026-02-10,766,455,59.4
APTECHT,2026-02-10,812368,288256,35.48
APTUS,2026-02-10,1492174,791158,53.02
ARCHIDPLY,2026-02-10,4353,1319,30.3
ARCHIES,2026-02-10,35512,28811,81.13
ARE&M,2026-02-10,349964,150519,43.01
ARENTERP,2026-02-10,860,406,47.21
ARFIN,2026-02-10,544688,168454,30.93
ARIES,2026-02-10,16883,11170,66.16
ARIHANTCAP,2026-02-10,624031,305667,48.98
ARIHANTSUP,2026-02-10,176719,116761,66.07
ARIS,2026-02-10,2643896,1121591,42.42
ARKADE,2026-02-10,225053,93116,41.38
ARMANFIN,2026-02-10,31020,18069,58.25
AROGRANITE,2026-02-10,11924,7492,62.83
ARROWGREEN,2026-02-10,15448,9946,64.38
ARSSBL,2026-02-10,860386,317103,36.86
ARTEMISMED,2026-02-10,233524,122047,52.26
ARTNIRMAN,2026-02-10,21,21,100.0
ARVIND,2026-02-10,1289152,543481,42.16
ARVINDFASN,2026-02-10,215255,102863,47.79
ARVSMART,2026-02-10,26488,15978,60.32
ASAHIINDIA,2026-02-10,36278,17629,48.59
ASAHISONG,2026-02-10,8447,4737,56.08
ASAL,2026-02-10,16686,4521,27.09
ASALCBR,2026-02-10,145338,82736,56.93
ASHAPURMIN,2026-02-10,522247,329216,63.04
ASHIANA,2026-02-10,42769,28252,66.06
ASHIMASYN,2026-02-10,61272,50638,82.64
ASHOKA,2026-02-10,591931,272717,46.07
ASHOKAMET,2026-02-10,12044,9512,78.98
ASHOKLEY,2026-02-10,12114047,5456552,45.04
ASIANENE,2026-02-10,472400,139461,29.52
ASIANHOTNR,2026-02-10,28500,11846,41.56
ASIANPAINT,2026-02-10,1513620,1008195,66.61
ASIANTILES,2026-02-10,2508468,1683872,67.13
ASKAUTOLTD,2026-02-10,145984,82739,56.68
ASMS,2026-02-10,5665174,3066921,54.14
ASPINWALL,2026-02-10,3388,2171,64.08
ASTEC,2026-02-10,27672,8668,31.32
ASTERDM,2026-02-10,469978,274909,58.49
ASTRAL,2026-02-10,883095,331419,37.53
ASTRAMICRO,2026-02-10,127796,79480,62.19
ASTRAZEN,2026-02-10,10901,5121,46.98
ASTRON,2026-02-10,78416,64287,81.98
ATALREAL,2026-02-10,2644660,662325,25.04
ATAM,2026-02-10,12115,8521,70.33
ATGL,2026-02-10,380040,119832,31.53
ATHERENERG,2026-02-10,922362,276925,30.02
ATL,2026-02-10,185903,110325,59.35
ATLANTAA,2026-02-10,200507,79199,39.5
ATLANTAELE,2026-02-10,229469,73054,31.84
ATLASCYCLE,2026-02-10,1727,888,51.42
ATUL,2026-02-10,26839,16253,60.56
ATULAUTO,2026-02-10,1937197,390017,20.13
AUBANK,2026-02-10,1918068,1263402,65.87
AURIONPRO,2026-02-10,313694,91064,29.03
AUROPHARMA,2026-02-10,8584671,3390797,39.5
AURUM,2026-02-10,17194,8946,52.03
AUTOAXLES,2026-02-10,13274,6119,46.1
AUTOBEES,2026-02-10,374322,227674,60.82
AUTOIETF,2026-02-10,1064145,816066,76.69
AUTOIND,2026-02-10,98206,58358,59.42
AVADHSUGAR,2026-02-10,63356,33155,52.33
AVALON,2026-02-10,133514,66625,49.9
AVANTEL,2026-02-10,1144197,394448,34.47
AVANTIFEED,2026-02-10,2545981,627506,24.65
AVG,2026-02-10,25974,17076,65.74
AVL,2026-02-10,193242,125636,65.01
AVONMORE,2026-02-10,133197,83766,62.89
AVTNPL,2026-02-10,139750,99456,71.17
AWFIS,2026-02-10,306562,152394,49.71
AWHCL,2026-02-10,113306,42568,37.57
AWL,2026-02-10,1274817,627240,49.2
AXISBANK,2026-02-10,5478998,3567938,65.12
AXISBNKETF,2026-02-10,3612,3210,88.87
AXISBPSETF,2026-02-10,91477,55289,60.44
AXISCADES,2026-02-10,33329,33329,100.0
AXISCETF,2026-02-10,1740,1040,59.77
AXISGOLD,2026-02-10,1137599,615242,54.08
AXISHCETF,2026-02-10,2588,1525,58.93
AXISILVER,2026-02-10,1422540,693778,48.77
AXISNIFTY,2026-02-10,11942,8572,71.78
AXISTECETF,2026-02-10,3720,2954,79.41
AXISVALUE,2026-02-10,164473,141277,85.9
AXSENSEX,2026-02-10,3306,2007,60.71
AYMSYNTEX,2026-02-10,26301,14572,55.4
AZAD,2026-02-10,168443,84072,49.91
BAGFILMS,2026-02-10,124192,86100,69.33
BAIDFIN,2026-02-10,238592,199285,83.53
BAJAJ-AUTO,2026-02-10,347018,143041,41.22
BAJAJCON,2026-02-10,1077739,488486,45.33
BAJAJELEC,2026-02-10,1535102,953387,62.11
BAJAJFINSV,2026-02-10,717899,453718,63.2
BAJAJHCARE,2026-02-10,73561,40236,54.7
BAJAJHFL,2026-02-10,4976827,2378313,47.79
BAJAJHIND,2026-02-10,5982960,2518051,42.09
BAJAJHLDNG,2026-02-10,33459,17381,51.95
BAJAJINDEF,2026-02-10,93057,44891,48.24
BAJEL,2026-02-10,151807,59187,38.99
BAJFINANCE,2026-02-10,6166752,3752284,60.85
BALAJEE,2026-02-10,55799,36640,65.66
BALAJITELE,2026-02-10,346133,117070,33.82
BALAMINES,2026-02-10,190043,60490,31.83
BALAXI,2026-02-10,167884,125978,75.04
BALKRISHNA,2026-02-10,21404,11429,53.4
BALKRISIND,2026-02-10,236311,125136,52.95
BALMLAWRIE,2026-02-10,115555,66951,57.94
BALPHARMA,2026-02-10,9443,6557,69.44
BALRAMCHIN,2026-02-10,1894550,443232,23.4
BALUFORGE,2026-02-10,2397980,960872,40.07
BANARBEADS,2026-02-10,1157,761,65.77
BANARISUG,2026-02-10,676,415,61.39
BANCOINDIA,2026-02-10,183063,93359,51.0
BANDHANBNK,2026-02-10,21526686,13862326,64.4
BANG,2026-02-10,12827,7842,61.14
BANKA,2026-02-10,2757,1944,70.51
BANKADD,2026-02-10,27424,25180,91.82
BANKBARODA,2026-02-10,7522576,4484685,59.62
BANKBEES,2026-02-10,455207,307466,67.54
BANKBETA,2026-02-10,76669,67358,87.86
BANKBETF,2026-02-10,9524,6458,67.81
BANKETF,2026-02-10,1131,853,75.42
BANKIETF,2026-02-10,207318,141918,68.45
BANKINDIA,2026-02-10,6303083,2446506,38.81
BANKNIFTY1,2026-02-10,14244,11041,77.51
BANKPSU,2026-02-10,37617,26174,69.58
BANSALWIRE,2026-02-10,44210,22894,51.78
BANSWRAS,2026-02-10,33430,21785,65.17
BASF,2026-02-10,27108,14164,52.25
BASML,2026-02-10,108399,64992,59.96
BATAINDIA,2026-02-10,2023054,255312,12.62
BAYERCROP,2026-02-10,45965,21314,46.37
BBETF0432,2026-02-10,2759,1673,60.64
BBL,2026-02-10,64167,29357,45.75
BBNPNBETF,2026-02-10,607,583,96.05
BBNPPGOLD,2026-02-10,122676,109428,89.2
BBOX,2026-02-10,493370,213484,43.27
BBTC,2026-02-10,28610,12674,44.3
BBTCL,2026-02-10,3428,2411,70.33
BCG,2026-02-10,34636074,10966895,31.66
BCLIND,2026-02-10,778673,400387,51.42
BCONCEPTS,2026-02-10,7163,4032,56.29
BDL,2026-02-10,1351023,420816,31.15
BEARDSELL,2026-02-10,30593,16863,55.12
BECTORFOOD,2026-02-10,231927,118383,51.04
BEDMUTHA,2026-02-10,13970,8690,62.2
BEL,2026-02-10,10878065,5392722,49.57
BELLACASA,2026-02-10,6864,3502,51.02
BELRISE,2026-02-10,2707542,1042298,38.5
BEML,2026-02-10,337219,72447,21.48
BEPL,2026-02-10,283135,141795,50.08
BERGEPAINT,2026-02-10,1970914,1651690,83.8
BETA,2026-02-10,9209,5645,61.3
BFINVEST,2026-02-10,21342,11344,53.15
BFSI,2026-02-10,1567091,1513498,96.58
BGRENERGY,2026-02-10,62669,34363,54.83
BHAGCHEM,2026-02-10,157163,68445,43.55
BHAGERIA,2026-02-10,53276,32617,61.22
BHANDARI,2026-02-10,576654,391827,67.95
BHARATCOAL,2026-02-10,11882851,3258053,27.42
BHARATFORG,2026-02-10,918399,463148,50.43
BHARATGEAR,2026-02-10,121490,60928,50.15
BHARATRAS,2026-02-10,17103,10686,62.48
BHARATSE,2026-02-10,82001,38686,47.18
BHARATWIRE,2026-02-10,124836,78103,62.56
BHARTIARTL,2026-02-10,9077763,6197808,68.27
BHARTIHEXA,2026-02-10,228762,139975,61.19
BHEL,2026-02-10,5379904,1908300,35.47
BIGBLOC,2026-02-10,84584,45593,53.9
BIKAJI,2026-02-10,190379,125216,65.77
BIL,2026-02-10,7491,4797,64.04
BIOCON,2026-02-10,2703185,1269649,46.97
BIOFILCHEM,2026-02-10,42353,21492,50.74
BIRLACABLE,2026-02-10,74397,40336,54.22
BIRLACORPN,2026-02-10,174708,140567,80.46
BIRLAMONEY,2026-02-10,62116,34489,55.52
BIRLANU,2026-02-10,16120,7605,47.18
BLACKBUCK,2026-02-10,1596717,1166681,73.07
BLAL,2026-02-10,18864,10074,53.4
BLBLIMITED,2026-02-10,73614,43136,58.6
BLISSGVS,2026-02-10,9757684,2281295,23.38
BLKASHYAP,2026-02-10,406951,247421,60.8
BLS,2026-02-10,3225595,1006111,31.19
BLSE,2026-02-10,81455,33043,40.57
BLUECHIP,2026-02-10,103011,103011,100.0
BLUECOAST,2026-02-10,5711,3172,55.54
BLUEDART,2026-02-10,9806,5184,52.87
BLUEJET,2026-02-10,371395,186649,50.26
BLUESTARCO,2026-02-10,729715,271246,37.17
BLUESTONE,2026-02-10,388804,146686,37.73
BLUSPRING,2026-02-10,114362,53405,46.7
BMWVENTLTD,2026-02-10,211332,122270,57.86
BODALCHEM,2026-02-10,143663,87404,60.84
BOHRAIND,2026-02-10,19389,10209,52.65
BOMDYEING,2026-02-10,709022,283783,40.02
BOROLTD,2026-02-10,157174,106792,67.95
BORORENEW,2026-02-10,279307,130131,46.59
BOROSCI,2026-02-10,43181,26621,61.65
BOSCH-HCIL,2026-02-10,16748,10067,60.11
BOSCHLTD,2026-02-10,19847,5440,27.41
BPCL,2026-02-10,3114005,1411544,45.33
BPL,2026-02-10,77885,41949,53.86
BRIGADE,2026-02-10,234097,96022,41.02
BRIGHOTEL,2026-02-10,88971,51609,58.01
BRITANNIA,2026-02-10,276901,161942,58.48
BRNL,2026-02-10,40089,24118,60.16
BROOKS,2026-02-10,378201,111167,29.39
BSE,2026-02-10,17810099,3479091,19.53
BSE500IETF,2026-02-10,119745,63813,53.29
BSHSL,2026-02-10,13150,7034,53.49
BSL,2026-02-10,4851,3831,78.97
BSLGOLDETF,2026-02-10,598109,339555,56.77
BSLNIFTY,2026-02-10,230905,162337,70.3
BSLSENETFG,2026-02-10,1420,1014,71.41
BSOFT,2026-02-10,3974396,1930800,48.58
BTML,2026-02-10,72573,48728,67.14
BUILDPRO,2026-02-10,39664,25190,63.51
BUTTERFLY,2026-02-10,5418,3414,63.01
BVCL,2026-02-10,96085,48293,50.26
BYKE,2026-02-10,51334,29881,58.21
CALSOFT,2026-02-10,21695,17628,81.25
CAMLINFINE,2026-02-10,414256,208621,50.36
CAMPUS,2026-02-10,1803713,1493611,82.81
CAMS,2026-02-10,794626,360995,45.43
CANBK,2026-02-10,18264415,10332352,56.57
CANFINHOME,2026-02-10,254366,138559,54.47
CANHLIFE,2026-02-10,492612,208741,42.37
CANTABIL,2026-02-10,159279,70956,44.55
CAPACITE,2026-02-10,446117,273046,61.21
CAPILLARY,2026-02-10,141784,65257,46.03
CAPITALSFB,2026-02-10,43766,30138,68.86
CAPLIPOINT,2026-02-10,194129,79679,41.04
CAPTRUST,2026-02-10,30273,22606,74.67
CARBORUNIV,2026-02-10,64850,38086,58.73
CARERATING,2026-02-10,33857,20182,59.61
CARRARO,2026-02-10,148340,71038,47.89
CARTRADE,2026-02-10,665835,372876,56.0
CARYSIL,2026-02-10,54155,31024,57.29
CASHIETF,2026-02-10,272296,169384,62.21
CASTROLIND,2026-02-10,1502958,859489,57.19
CCAVENUE,2026-02-10,12307306,6140089,49.89
CCCL,2026-02-10,123645,85949,69.51
CCHHL,2026-02-10,14744,10160,68.91
CCL,2026-02-10,183345,116666,63.63
CDSL,2026-02-10,2540851,686111,27.0
CEATLTD,2026-02-10,157441,63428,40.29
CEIGALL,2026-02-10,1983590,508714,25.65
CELEBRITY,2026-02-10,15084,14054,93.17
CELLO,2026-02-10,75101,36840,49.05
CEMPRO,2026-02-10,418031,194519,46.53
CENTENKA,2026-02-10,17120,11968,69.91
CENTEXT,2026-02-10,137697,86169,62.58
CENTRALBK,2026-02-10,5227361,2215576,42.38
CENTRUM,2026-02-10,147073,75945,51.64
CENTUM,2026-02-10,39093,17274,44.19
CENTURYPLY,2026-02-10,51771,21332,41.2
CERA,2026-02-10,11680,5990,51.28
CESC,2026-02-10,615233,265833,43.21
CEWATER,2026-02-10,24222,13257,54.73
CGCL,2026-02-10,494289,245222,49.61
CGPOWER,2026-02-10,3481303,1770300,50.85
CHALET,2026-02-10,102713,53257,51.85
CHAMBLFERT,2026-02-10,1483662,824912,55.6
CHEMBOND,2026-02-10,20905,14461,69.17
CHEMBONDCH,2026-02-10,12351,7423,60.1
CHEMCON,2026-02-10,28557,17559,61.49
CHEMFAB,2026-02-10,5627,3796,67.46
CHEMICAL,2026-02-10,463972,398188,85.82
CHEMPLASTS,2026-02-10,2101664,369031,17.56
CHENNPETRO,2026-02-10,416630,181376,43.53
CHEVIOT,2026-02-10,1011,824,81.5
CHOICEGOLD,2026-02-10,37094,10990,29.63
CHOICEIN,2026-02-10,1299007,389627,29.99
CHOLAFIN,2026-02-10,1161279,789219,67.96
CHOLAHLDNG,2026-02-10,311500,181281,58.2
CIEINDIA,2026-02-10,682215,218959,32.1
CIFL,2026-02-10,109807,55418,50.47
CIGNITITEC,2026-02-10,60978,23451,38.46
CINELINE,2026-02-10,17446,13886,79.59
CINEVISTA,2026-02-10,11239,6244,55.56
CIPLA,2026-02-10,1053439,451363,42.85
CLEAN,2026-02-10,728201,464025,63.72
CLEDUCATE,2026-02-10,454313,308463,67.9
CLSEL,2026-02-10,41665,23657,56.78
CMSINFO,2026-02-10,336373,215454,64.05
CNL,2026-02-10,5308,4786,90.17
COALINDIA,2026-02-10,5103221,2587054,50.69
COCHINSHIP,2026-02-10,662590,193508,29.2
COFFEEDAY,2026-02-10,638114,322278,50.5
COFORGE,2026-02-10,3139868,2190735,69.77
COHANCE,2026-02-10,490998,199156,40.56
COLPAL,2026-02-10,351502,191853,54.58
COMMOIETF,2026-02-10,150823,96002,63.65
COMPUSOFT,2026-02-10,70402,47433,67.37
CONCOR,2026-02-10,1721935,947110,55.0
CONCORDBIO,2026-02-10,176529,58427,33.1
CONFIPET,2026-02-10,413127,226263,54.77
CONS,2026-02-10,3111,2702,86.85
CONSOFINVT,2026-02-10,153943,122338,79.47
CONSUMBEES,2026-02-10,120872,75270,62.27
CONSUMER,2026-02-10,235961,170011,72.05
CONSUMIETF,2026-02-10,18393,10471,56.93
CONTROLPR,2026-02-10,21767,13515,62.09
CORALFINAC,2026-02-10,18698,11356,60.73
CORDSCABLE,2026-02-10,24049,11954,49.71
COROMANDEL,2026-02-10,230539,127488,55.3
CORONA,2026-02-10,58135,21708,37.34
COSMOFIRST,2026-02-10,140235,102835,73.33
COUNCODOS,2026-02-10,37914,31353,82.7
CPCAP,2026-02-10,12406,9457,76.23
CPEDU,2026-02-10,11715,7217,61.6
CPPLUS,2026-02-10,142335,64046,45.0
CPSEETF,2026-02-10,2032037,1310838,64.51
CRAFTSMAN,2026-02-10,18557,12293,66.24
CRAMC,2026-02-10,559806,297997,53.23
CREATIVEYE,2026-02-10,14870,9158,61.59
CREDITACC,2026-02-10,210499,77401,36.77
CREST,2026-02-10,11594,9185,79.22
CRISIL,2026-02-10,21091,8814,41.79
CRIZAC,2026-02-10,205713,108623,52.8
CROMPTON,2026-02-10,5938522,2613826,44.01
CROWN,2026-02-10,4921,2169,44.08
CSBBANK,2026-02-10,346791,180940,52.18
CSLFINANCE,2026-02-10,76198,57301,75.2
CTE,2026-02-10,86368,56425,65.33
CUB,2026-02-10,800034,493052,61.63
CUBEXTUB,2026-02-10,202874,89549,44.14
CUMMINSIND,2026-02-10,660042,387626,58.73
CUPID,2026-02-10,5546126,1374346,24.78
CYBERMEDIA,2026-02-10,15443,12827,83.06
CYBERTECH,2026-02-10,50606,33880,66.95
CYIENT,2026-02-10,241572,122651,50.77
CYIENTDLM,2026-02-10,321499,150197,46.72
DABUR,2026-02-10,1143420,659684,57.69
DALBHARAT,2026-02-10,207218,125419,60.53
DALMIASUG,2026-02-10,108075,64274,59.47
DAMCAPITAL,2026-02-10,442486,191246,43.22
DAMODARIND,2026-02-10,7850,6521,83.07
DANGEE,2026-02-10,108310,85490,78.93
DATAMATICS,2026-02-10,58770,35981,61.22
DATAPATTNS,2026-02-10,709477,153775,21.67
DAVANGERE,2026-02-10,6333016,4053148,64.0
DBCORP,2026-02-10,177888,69573,39.11
DBEIL,2026-02-10,32261,20719,64.22
DBL,2026-02-10,1064789,101086,9.49
DBOL,2026-02-10,89221,45235,50.7
DBREALTY,2026-02-10,4080700,2548616,62.46
DBSTOCKBRO,2026-02-10,3934,3737,94.99
DCAL,2026-02-10,129359,65220,50.42
DCBBANK,2026-02-10,4040095,2064140,51.09
DCI,2026-02-10,8030,5170,64.38
DCM,2026-02-10,11028,8405,76.22
DCMFINSERV,2026-02-10,10807,7124,65.92
DCMNVL,2026-02-10,8399,4817,57.35
DCMSHRIRAM,2026-02-10,38160,17693,46.37
DCMSRIND,2026-02-10,138053,91612,66.36
DCW,2026-02-10,2288980,861234,37.63
DCXINDIA,2026-02-10,522433,281944,53.97
DDEVPLSTIK,2026-02-10,195617,93720,47.91
DECCANCE,2026-02-10,15127,10860,71.79
DEEDEV,2026-02-10,87127,33148,38.05
DEEPAKFERT,2026-02-10,289143,107360,37.13
DEEPAKNTR,2026-02-10,182522,71027,38.91
DEEPINDS,2026-02-10,182721,97536,53.38
DELHIVERY,2026-02-10,5370727,2767048,51.52
DELPHIFX,2026-02-10,148221,65806,44.4
DELTACORP,2026-02-10,2304741,776295,33.68
DELTAMAGNT,2026-02-10,2266,1834,80.94
DEN,2026-02-10,243369,123476,50.74
DENORA,2026-02-10,27469,9867,35.92
DENTA,2026-02-10,319607,79075,24.74
DEVIT,2026-02-10,129575,84833,65.47
DEVX,2026-02-10,185133,124086,67.03
DEVYANI,2026-02-10,5245369,1315994,25.09
DGCONTENT,2026-02-10,73748,60293,81.76
DHAMPURSUG,2026-02-10,202935,101438,49.99
DHANBANK,2026-02-10,322756,215213,66.68
DHANUKA,2026-02-10,18718,8681,46.38
DHARMAJ,2026-02-10,75706,36915,48.76
DHRUV,2026-02-10,36210,27900,77.05
DHUNINV,2026-02-10,468,350,74.79
DIACABS,2026-02-10,1919179,1146332,59.73
DIAMINESQ,2026-02-10,4908,4244,86.47
DIAMONDYD,2026-02-10,24511,12516,51.06
DICIND,2026-02-10,2137,1221,57.14
DIFFNKG,2026-02-10,82627,35774,43.3
DIGIDRIVE,2026-02-10,32542,19877,61.08
DIGISPICE,2026-02-10,75277,46321,61.53
DIGITIDE,2026-02-10,314374,148142,47.12
DIGJAMLMTD,2026-02-10,30552,10371,33.95
DISHTV,2026-02-10,5353345,2799279,52.29
DIVGIITTS,2026-02-10,5347,3554,66.47
DIVIDEND,2026-02-10,7897,5562,70.43
DIVISLAB,2026-02-10,237887,120091,50.48
DIVOPPBEES,2026-02-10,42172,25709,60.96
DIXON,2026-02-10,546495,159087,29.11
DLF,2026-02-10,2932204,1255574,42.82
DLINKINDIA,2026-02-10,91967,47699,51.87
DMART,2026-02-10,388861,169323,43.54
DMCC,2026-02-10,11776,7339,62.32
DNAMEDIA,2026-02-10,60018,32440,54.05
DODLA,2026-02-10,29273,15825,54.06
DOLATALGO,2026-02-10,188148,87801,46.67
DOLLAR,2026-02-10,81083,51840,63.93
DOLPHIN,2026-02-10,27312,22396,82.0
DOMS,2026-02-10,69741,33417,47.92
DONEAR,2026-02-10,140508,58201,41.42
DPABHUSHAN,2026-02-10,30607,18386,60.07
DPSCLTD,2026-02-10,117160,89832,76.67
DPWIRES,2026-02-10,14498,8247,56.88
DRCSYSTEMS,2026-02-10,56308,37813,67.15
DREAMFOLKS,2026-02-10,634035,148069,23.35
DREDGECORP,2026-02-10,189682,56977,30.04
DRREDDY,2026-02-10,1412804,804294,56.93
DSSL,2026-02-10,16450,7626,46.36
DTIL,2026-02-10,6052,3567,58.94
DUCON,2026-02-10,930143,598377,64.33
DVL,2026-02-10,15037,9258,61.57
DWARKESH,2026-02-10,725052,373696,51.54
DYCL,2026-02-10,85690,41255,48.14
DYNAMATECH,2026-02-10,47834,15965,33.38
DYNPRO,2026-02-10,203146,56396,27.76
E2E,2026-02-10,90959,34711,38.16
EASEMYTRIP,2026-02-10,14987035,5759699,38.43
EBANKNIFTY,2026-02-10,650,500,76.92
EBBETF0430,2026-02-10,6069,4733,77.99
EBBETF0431,2026-02-10,6026,3688,61.2
EBBETF0433,2026-02-10,2326,1840,79.11
EBGNG,2026-02-10,719192,331409,46.08
ECAPINSURE,2026-02-10,71893,49518,68.88
ECLERX,2026-02-10,342953,207209,60.42
ECOSMOBLTY,2026-02-10,311514,194913,62.57
EDELWEISS,2026-02-10,55433631,12069150,21.77
EFCIL,2026-02-10,139815,73645,52.67
EGOLD,2026-02-10,179164,112239,62.65
EICHERMOT,2026-02-10,467662,245235,52.44
EIDPARRY,2026-02-10,206543,129439,62.67
EIEL,2026-02-10,1529425,620364,40.56
EIFFL,2026-02-10,19257,10366,53.83
EIHAHOTELS,2026-02-10,27182,14642,53.87
EIHOTEL,2026-02-10,378876,108769,28.71
EIMCOELECO,2026-02-10,35993,21644,60.13
EKC,2026-02-10,713818,281902,39.49
ELDEHSG,2026-02-10,137,114,83.21
ELECON,2026-02-10,950278,474849,49.97
ELECTCAST,2026-02-10,3843396,1770173,46.06
ELECTHERM,2026-02-10,21925,11213,51.14
ELGIEQUIP,2026-02-10,278173,153182,55.07
ELGIRUBCO,2026-02-10,183542,166344,90.63
ELIN,2026-02-10,101441,73084,72.05
ELIQUID,2026-02-10,4480,3000,66.96
ELLEN,2026-02-10,211115,173832,82.34
ELM250,2026-02-10,44817,33625,75.03
EMAMILTD,2026-02-10,1008046,589655,58.49
EMAMIPAP,2026-02-10,35286,22073,62.55
EMAMIREAL,2026-02-10,14781,12390,83.82
EMCURE,2026-02-10,143895,86096,59.83
EMIL,2026-02-10,4235791,881563,20.81
EMKAY,2026-02-10,19380,13917,71.81
EMMBI,2026-02-10,26726,16077,60.15
EMMVEE,2026-02-10,1131823,492220,43.49
EMSLIMITED,2026-02-10,89971,49065,54.53
EMUDHRA,2026-02-10,100000,45627,45.63
EMULTIMQ,2026-02-10,25015,20392,81.52
ENDURANCE,2026-02-10,61222,32560,53.18
ENERGY,2026-02-10,3396002,1200538,35.35
ENGINERSIN,2026-02-10,2228103,904236,40.58
ENIFTY,2026-02-10,1710,1704,99.65
ENIL,2026-02-10,14312,10964,76.61
ENRIN,2026-02-10,174431,69543,39.87
ENTERO,2026-02-10,24334,12029,49.43
EPACK,2026-02-10,563537,232800,41.31
EPACKPEB,2026-02-10,309152,155614,50.34
EPIGRAL,2026-02-10,53031,22243,41.94
EPL,2026-02-10,455424,270528,59.4
EQUAL200,2026-02-10,7352,5681,77.27
EQUAL50,2026-02-10,1498,1356,90.52
EQUAL50ADD,2026-02-10,10769,9376,87.06
EQUITASBNK,2026-02-10,2955805,1671977,56.57
ERIS,2026-02-10,52138,33172,63.62
ESABINDIA,2026-02-10,7424,4420,59.54
ESAFSFB,2026-02-10,536340,225594,42.06
ESCORTS,2026-02-10,337295,118548,35.15
ESENSEX,2026-02-10,2795,2794,99.96
ESG,2026-02-10,6084,4729,77.73
ESILVER,2026-02-10,721289,501234,69.49
ESSARSHPNG,2026-02-10,726985,382171,52.57
ESSENTIA,2026-02-10,1013628,836229,82.5
ESTER,2026-02-10,99732,59099,59.26
ETERNAL,2026-02-10,102621684,50203346,48.92
ETHOSLTD,2026-02-10,39801,34644,87.04
EUREKAFORB,2026-02-10,85045,49663,58.4
EUROBOND,2026-02-10,4163,1244,29.88
EUROPRATIK,2026-02-10,596608,217963,36.53
EVEREADY,2026-02-10,66124,44292,66.98
EVERESTIND,2026-02-10,6969,4725,67.8
EVIETF,2026-02-10,180056,92793,51.54
EVINDIA,2026-02-10,198862,158467,79.69
EXCEL,2026-02-10,6082330,4499576,73.98
EXCELINDUS,2026-02-10,7960,3634,45.65
EXCELSOFT,2026-02-10,6223485,1359716,21.85
EXICOM,2026-02-10,251665,123917,49.24
EXIDEIND,2026-02-10,1404239,635186,45.23
EXPLEOSOL,2026-02-10,13165,9109,69.19
FABTECH,2026-02-10,585101,336555,57.52
FACT,2026-02-10,54736,23262,42.5
FAIRCHEMOR,2026-02-10,23014,16247,70.6
FAZE3Q,2026-02-10,172025,74292,43.19
FCL,2026-02-10,1888216,934157,49.47
FCSSOFT,2026-02-10,1794682,1086997,60.57
FDC,2026-02-10,115064,59544,51.75
FEDERALBNK,2026-02-10,5142766,3200183,62.23
FEDFINA,2026-02-10,769815,305590,39.7
FIBERWEB,2026-02-10,91152,60018,65.84
FIEMIND,2026-02-10,148418,62130,41.86
FILATEX,2026-02-10,873032,537984,61.62
FILATFASH,2026-02-10,131017405,56454875,43.09
FINCABLES,2026-02-10,1204687,379420,31.5
FINEORG,2026-02-10,17158,9341,54.44
FINIETF,2026-02-10,389861,258203,66.23
FINKURVE,2026-02-10,22670,7506,33.11
FINOPB,2026-02-10,144381,53652,37.16
FINPIPE,2026-02-10,287311,95815,33.35
FIRSTCRY,2026-02-10,2683114,988797,36.85
FISCHER,2026-02-10,1952566,848647,43.46
FIVESTAR,2026-02-10,1355628,662268,48.85
FLAIR,2026-02-10,67328,22204,32.98
FLEXIADD,2026-02-10,82575,68754,83.26
FLEXITUFF,2026-02-10,5030,4630,92.05
FLUOROCHEM,2026-02-10,42662,16613,38.94
FMCGIETF,2026-02-10,1024475,611211,59.66
FMGOETZE,2026-02-10,151841,86266,56.81
FMNL,2026-02-10,15989,13072,81.76
FOCUS,2026-02-10,247448,93341,37.72
FOODSIN,2026-02-10,166894,80950,48.5
FORCEMOT,2026-02-10,180647,40582,22.46
FORTIS,2026-02-10,1062353,555606,52.3
FOSECOIND,2026-02-10,1752,781,44.58
FSL,2026-02-10,462698,235894,50.98
FUSION,2026-02-10,439649,297313,67.63
GABRIEL,2026-02-10,407287,129652,31.83
GAEL,2026-02-10,582185,278667,47.87
GAIL,2026-02-10,14629394,8668028,59.25
GALAPREC,2026-02-10,15939,8189,51.38
GALAXYSURF,2026-02-10,19969,9635,48.25
GALLANTT,2026-02-10,144431,85230,59.01
GANDHAR,2026-02-10,286802,111948,39.03
GANDHITUBE,2026-02-10,31540,20003,63.42
GANECOS,2026-02-10,618592,119898,19.38
GANESHBE,2026-02-10,591519,501641,84.81
GANESHCP,2026-02-10,204864,181250,88.47
GANESHHOU,2026-02-10,46749,26833,57.4
GANGAFORGE,2026-02-10,344515,268463,77.92
GANGESSECU,2026-02-10,1871,1119,59.81
GARFIBRES,2026-02-10,55425,28923,52.18
GARUDA,2026-02-10,1524444,391438,25.68
GATECH,2026-02-10,4317548,3153645,73.04
GATECHDVR,2026-02-10,1267827,883195,69.66
GATEWAY,2026-02-10,1851466,1098246,59.32
GAYAHWS,2026-02-10,162861,152712,93.77
GEECEE,2026-02-10,19023,8352,43.9
GEEKAYWIRE,2026-02-10,55525,41818,75.31
GEMAROMA,2026-02-10,185901,66239,35.63
GENCON,2026-02-10,83173,55484,66.71
GENESYS,2026-02-10,650708,223026,34.27
GENUSPAPER,2026-02-10,79653,70046,87.94
GEOJITFSL,2026-02-10,522282,279169,53.45
GESHIP,2026-02-10,865941,418539,48.33
GFLLIMITED,2026-02-10,124587,102709,82.44
GHCL,2026-02-10,52453,30021,57.23
GHCLTEXTIL,2026-02-10,434852,247274,56.86
GICHSGFIN,2026-02-10,127319,77869,61.16
GICRE,2026-02-10,1458486,697480,47.82
GILLANDERS,2026-02-10,3598,1754,48.75
GILLETTE,2026-02-10,22629,10888,48.12
GILT10BETA,2026-02-10,1075,1074,99.91
GILT5BETA,2026-02-10,1895,1608,84.85
GILT5YBEES,2026-02-10,342870,281424,82.08
GINNIFILA,2026-02-10,54785,28731,52.44
GIPCL,2026-02-10,249019,140180,56.29
GKENERGY,2026-02-10,888103,371662,41.85
GKSL,2026-02-10,1256682,586391,46.66
GKWLIMITED,2026-02-10,249,210,84.34
GLAND,2026-02-10,250061,231675,92.65
GLAXO,2026-02-10,356548,118584,33.26
GLENMARK,2026-02-10,278908,134172,48.11
GLFL,2026-02-10,3040,3040,100.0
GLOBALE,2026-02-10,88973,87488,98.33
GLOBALVECT,2026-02-10,13264,6907,52.07
GLOBE,2026-02-10,566498,471632,83.25
GLOBECIVIL,2026-02-10,70301,54148,77.02
GLOBUSSPR,2026-02-10,78989,38326,48.52
GLOSTERLTD,2026-02-10,4491,3911,87.09
GLOTTIS,2026-02-10,135475,66433,49.04
GMBREW,2026-02-10,160237,35145,21.93
GMDCLTD,2026-02-10,5027036,1605671,31.94
GMMPFAUDLR,2026-02-10,95611,64260,67.21
GMRAIRPORT,2026-02-10,7299407,3546691,48.59
GMRP&UI,2026-02-10,762158,402696,52.84
GNA,2026-02-10,202521,132256,65.3
GNFC,2026-02-10,272472,146922,53.92
GOACARBON,2026-02-10,25220,8458,33.54
GOCLCORP,2026-02-10,46472,28951,62.3
GOCOLORS,2026-02-10,174185,67520,38.76
GODAVARIB,2026-02-10,331821,136603,41.17
GODFRYPHLP,2026-02-10,260340,82490,31.69
GODIGIT,2026-02-10,183676,108280,58.95
GODREJAGRO,2026-02-10,201905,85105,42.15
GODREJCP,2026-02-10,581843,355163,61.04
GODREJIND,2026-02-10,52916,19650,37.13
GODREJPROP,2026-02-10,1486492,880680,59.25
GOKEX,2026-02-10,2896751,752110,25.96
GOKUL,2026-02-10,50426,37287,73.94
GOKULAGRO,2026-02-10,419505,127828,30.47
GOLD1,2026-02-10,3371794,2056813,61.0
GOLD360,2026-02-10,76815,37408,48.7
GOLDADD,2026-02-10,234280,162472,69.35
GOLDBEES,2026-02-10,48442393,24230612,50.02
GOLDBETA,2026-02-10,947146,560145,59.14
GOLDBND,2026-02-10,101663,91566,90.07
GOLDCASE,2026-02-10,10470336,5071957,48.44
GOLDETF,2026-02-10,1446077,865340,59.84
GOLDIAM,2026-02-10,6042330,1146345,18.97
GOLDIETF,2026-02-10,9056252,5219858,57.64
GOLDTECH,2026-02-10,104179,70498,67.67
GOODLUCK,2026-02-10,33718,19366,57.44
GOPAL,2026-02-10,81088,50830,62.68
GPIL,2026-02-10,3862719,1462776,37.87
GPPL,2026-02-10,1813462,1012906,55.85
GPTHEALTH,2026-02-10,118072,80044,67.79
GPTINFRA,2026-02-10,1266536,566163,44.7
GRANULES,2026-02-10,963042,599496,62.25
GRAPHITE,2026-02-10,2721867,728125,26.75
GRASIM,2026-02-10,624992,305998,48.96
GRAVITA,2026-02-10,442130,150044,33.94
GREAVESCOT,2026-02-10,834570,305789,36.64
GREENLAM,2026-02-10,71757,31103,43.34
GREENPANEL,2026-02-10,112951,66695,59.05
GREENPLY,2026-02-10,159795,79982,50.05
GREENPOWER,2026-02-10,2188684,920098,42.04
GRINDWELL,2026-02-10,57482,28894,50.27
GRINFRA,2026-02-10,24031,13108,54.55
GRMOVER,2026-02-10,1658016,501529,30.25
GROBTEA,2026-02-10,11,6,54.55
GROWW,2026-02-10,27460952,9826660,35.78
GROWWCAPM,2026-02-10,729123,464060,63.65
GROWWCHEM,2026-02-10,48027,34719,72.29
GROWWDEFNC,2026-02-10,302368,212124,70.15
GROWWEV,2026-02-10,157713,105059,66.61
GROWWGOLD,2026-02-10,4913184,2394614,48.74
GROWWLIQID,2026-02-10,217479,140426,64.57
GROWWLOVOL,2026-02-10,11901,11822,99.34
GROWWMC150,2026-02-10,7328,3374,46.04
GROWWMETAL,2026-02-10,927882,514610,55.46
GROWWMOM50,2026-02-10,162908,117904,72.37
GROWWN200,2026-02-10,41917,39203,93.53
GROWWNET,2026-02-10,430569,197564,45.88
GROWWNIFTY,2026-02-10,470397,320181,68.07
GROWWNXT50,2026-02-10,4087,2187,53.51
GROWWPOWER,2026-02-10,865785,675914,78.07
GROWWRAIL,2026-02-10,561549,417049,74.27
GROWWRLTY,2026-02-10,260087,179351,68.96
GROWWSC250,2026-02-10,134871,109998,81.56
GROWWSLVR,2026-02-10,7036681,2270707,32.27
GRPLTD,2026-02-10,730,345,47.26
GRSE,2026-02-10,1340856,318572,23.76
GRWRHITECH,2026-02-10,69942,34977,50.01
GSEC10ABSL,2026-02-10,110,109,99.09
GSEC10IETF,2026-02-10,247,246,99.6
GSEC10YEAR,2026-02-10,3729,3138,84.15
GSEC5IETF,2026-02-10,5193,4672,89.97
GSFC,2026-02-10,1158786,482623,41.65
GSPL,2026-02-10,273829,156163,57.03
GSS,2026-02-10,108179,71288,65.9
GTECJAINX,2026-02-10,4124,3726,90.35
GTL,2026-02-10,176667,119651,67.73
GTLINFRA,2026-02-10,42757495,21452477,50.17
GTPL,2026-02-10,36237,16692,46.06
GUFICBIO,2026-02-10,40449,16966,41.94
GUJALKALI,2026-02-10,25882,16377,63.28
GUJAPOLLO,2026-02-10,9073,4819,53.11
GUJGASLTD,2026-02-10,229696,102052,44.43
GUJTHEM,2026-02-10,34394,22610,65.74
GULFOILLUB,2026-02-10,89278,41476,46.46
GULFPETRO,2026-02-10,98124,54956,56.01
GULPOLY,2026-02-10,176167,99995,56.76
GVPIL,2026-02-10,189713,95818,50.51
GVPTECH,2026-02-10,15144,13812,91.2
GVT&D,2026-02-10,545172,307618,56.43
HAL,2026-02-10,1000376,428138,42.8
HAPPSTMNDS,2026-02-10,699107,238121,34.06
HAPPYFORGE,2026-02-10,175604,125186,71.29
HARIOMPIPE,2026-02-10,123298,57264,46.44
HARRMALAYA,2026-02-10,6663,4485,67.31
HARSHA,2026-02-10,122848,69826,56.84
HATHWAY,2026-02-10,2692577,1580866,58.71
HATSUN,2026-02-10,12355,6412,51.9
HAVELLS,2026-02-10,418360,202634,48.44
HAVISHA,2026-02-10,7760,4709,60.68
HBLENGINE,2026-02-10,940137,315210,33.53
HCC,2026-02-10,36546888,15512678,42.45
HCG,2026-02-10,198126,94421,47.66
HCL-INSYS,2026-02-10,704826,513821,72.9
HCLTECH,2026-02-10,3234785,2105729,65.1
HDBFS,2026-02-10,828972,510888,61.63
HDFCAMC,2026-02-10,916277,439075,47.92
HDFCBANK,2026-02-10,31525385,18244866,57.87
HDFCBSE500,2026-02-10,11767,7840,66.63
HDFCGOLD,2026-02-10,6524569,3687414,56.52
HDFCGROWTH,2026-02-10,12547,5852,46.64
HDFCLIFE,2026-02-10,2320888,1598976,68.9
HDFCLIQUID,2026-02-10,36207,33885,93.59
HDFCLOWVOL,2026-02-10,15915,10543,66.25
HDFCMID150,2026-02-10,428408,244878,57.16
HDFCMOMENT,2026-02-10,185686,162610,87.57
HDFCNEXT50,2026-02-10,48759,30255,62.05
HDFCNIF100,2026-02-10,88853,51259,57.69
HDFCNIFBAN,2026-02-10,135743,130165,95.89
HDFCNIFIT,2026-02-10,103381,56583,54.73
HDFCNIFTY,2026-02-10,77120,56243,72.93
HDFCPSUBK,2026-02-10,43820,29092,66.39
HDFCPVTBAN,2026-02-10,76853,40936,53.27
HDFCQUAL,2026-02-10,8821,4435,50.28
HDFCSENSEX,2026-02-10,30729,14028,45.65
HDFCSILVER,2026-02-10,7223883,2051812,28.4
HDFCSML250,2026-02-10,2412899,2022924,83.84
HDFCVALUE,2026-02-10,1420,914,64.37
HEADSUP,2026-02-10,12944,10723,82.84
HEALTHADD,2026-02-10,3831,3377,88.15
HEALTHIETF,2026-02-10,85703,52113,60.81
HEALTHY,2026-02-10,299424,242545,81.0
HECPROJECT,2026-02-10,9246,6360,68.79
HEG,2026-02-10,1349039,470665,34.89
HEIDELBERG,2026-02-10,46941,27240,58.03
HEMIPROP,2026-02-10,1952123,754762,38.66
HERANBA,2026-02-10,36394,20430,56.14
HERITGFOOD,2026-02-10,716250,471846,65.88
HEROMOTOCO,2026-02-10,816528,504409,61.77
HESTERBIO,2026-02-10,13077,10692,81.76
HEXATRADEX,2026-02-10,975,641,65.74
HEXT,2026-02-10,1674473,1217577,72.71
HFCL,2026-02-10,13387936,4668848,34.87
HGINFRA,2026-02-10,142926,78027,54.59
HGM,2026-02-10,4668,1916,41.05
HGS,2026-02-10,22814,15027,65.87
HIKAL,2026-02-10,784128,175690,22.41
HILINFRA,2026-02-10,242836,109666,45.16
HILTON,2026-02-10,190811,113859,59.67
HIMATSEIDE,2026-02-10,1072973,607471,56.62
HINDALCO,2026-02-10,4101779,2276785,55.51
HINDCOMPOS,2026-02-10,2537,1757,69.26
HINDCON,2026-02-10,39645,28852,72.78
HINDCOPPER,2026-02-10,12379419,2750899,22.22
HINDOILEXP,2026-02-10,388183,256041,65.96
HINDPETRO,2026-02-10,2618235,1059712,40.47
HINDUNILVR,2026-02-10,792532,374284,47.23
HINDWAREAP,2026-02-10,77087,43685,56.67
HINDZINC,2026-02-10,7580536,2248481,29.66
HIRECT,2026-02-10,24954,15051,60.31
HISARMETAL,2026-02-10,7741,4477,57.83
HITECH,2026-02-10,2854309,1125144,39.42
HITECHCORP,2026-02-10,15278,11983,78.43
HLEGLAS,2026-02-10,177496,101693,57.29
HLVLTD,2026-02-10,391028,282927,72.35
HMAAGRO,2026-02-10,183366,112762,61.5
HMVL,2026-02-10,12162,7901,64.96
HNDFDS,2026-02-10,26091,11864,45.47
HNGSNGBEES,2026-02-10,44033,44033,100.0
HOMEFIRST,2026-02-10,143970,81630,56.7
HONASA,2026-02-10,558193,270483,48.46
HONAUT,2026-02-10,3524,2085,59.17
HONDAPOWER,2026-02-10,11444,4293,37.51
HPAL,2026-02-10,65446,39662,60.6
HPIL,2026-02-10,11616,8001,68.88
HPL,2026-02-10,694824,202625,29.16
HSCL,2026-02-10,837127,331912,39.65
HTMEDIA,2026-02-10,41840,25344,60.57
HUBTOWN,2026-02-10,545316,216035,39.62
HUDCO,2026-02-10,2218744,809639,36.49
HUHTAMAKI,2026-02-10,253844,169754,66.87
HYBRIDFIN,2026-02-10,18966,13377,70.53
HYUNDAI,2026-02-10,300261,170497,56.78
IBULLSLTD,2026-02-10,5713923,4389815,76.83
ICEMAKE,2026-02-10,16840,8906,52.89
ICICIAMC,2026-02-10,215393,104163,48.36
ICICIB22,2026-02-10,2045151,1530900,74.86
ICICIBANK,2026-02-10,16497628,9390267,56.92
ICICIGI,2026-02-10,244596,95304,38.96
ICICIPRULI,2026-02-10,1431592,880918,61.53
ICIL,2026-02-10,660521,200040,30.29
ICRA,2026-02-10,2345,1455,62.05
IDBI,2026-02-10,40233297,8615752,21.41
IDEA,2026-02-10,392199772,104207077,26.57
IDEAFORGE,2026-02-10,103658,49987,48.22
IDFCFIRSTB,2026-02-10,16522740,9683615,58.61
IDFNIFTYET,2026-02-10,1152,867,75.26
IEX,2026-02-10,9592050,4789755,49.93
IFBAGRO,2026-02-10,28944,13117,45.32
IFBIND,2026-02-10,37637,16851,44.77
IFCI,2026-02-10,60406866,10184654,16.86
IFGLEXPOR,2026-02-10,30238,16735,55.34
IGARASHI,2026-02-10,63314,28319,44.73
IGCL,2026-02-10,64598,41347,64.01
IGIL,2026-02-10,1011987,562397,55.57
IGL,2026-02-10,1328637,666010,50.13
IGPL,2026-02-10,39193,22488,57.38
IIFL,2026-02-10,997444,409404,41.05
IIFLCAPS,2026-02-10,630391,355079,56.33
IITL,2026-02-10,239419,214201,89.47
IKIO,2026-02-10,47378,27477,58.0
IKS,2026-02-10,262496,161510,61.53
IMAGICAA,2026-02-10,887489,513404,57.85
IMFA,2026-02-10,147276,41147,27.94
IMPAL,2026-02-10,1047,689,65.81
INCREDIBLE,2026-02-10,7367,5861,79.56
INDBANK,2026-02-10,82242,48380,58.83
INDGN,2026-02-10,392540,309800,78.92
INDHOTEL,2026-02-10,1303615,574737,44.09
INDIACEM,2026-02-10,205778,81531,39.62
INDIAGLYCO,2026-02-10,217203,93960,43.26
INDIAMART,2026-02-10,127060,90512,71.24
INDIANB,2026-02-10,1698438,786756,46.32
INDIANCARD,2026-02-10,2695,2434,90.32
INDIANHUME,2026-02-10,26765,15056,56.25
INDIASHLTR,2026-02-10,228037,129188,56.65
INDIGO,2026-02-10,1115549,781715,70.07
INDIGOPNTS,2026-02-10,61354,30123,49.1
INDIQUBE,2026-02-10,13501,8837,65.45
INDNIPPON,2026-02-10,12106,7215,59.6
INDOAMIN,2026-02-10,51083,30682,60.06
INDOBORAX,2026-02-10,52752,33101,62.75
INDOCO,2026-02-10,41758,19990,47.87
INDOFARM,2026-02-10,243074,154752,63.66
INDORAMA,2026-02-10,423712,225470,53.21
INDOSTAR,2026-02-10,164231,53394,32.51
INDOTECH,2026-02-10,11457,6192,54.05
INDOTHAI,2026-02-10,510532,320044,62.69
INDOUS,2026-02-10,210948,126224,59.84
INDOWIND,2026-02-10,2116980,328395,15.51
INDRAMEDCO,2026-02-10,262241,155503,59.3
INDSWFTLAB,2026-02-10,741317,316620,42.71
INDTERRAIN,2026-02-10,10566,8403,79.53
INDUSINDBK,2026-02-10,2768617,1821151,65.78
INDUSTOWER,2026-02-10,12345910,7857186,63.64
INFOBEAN,2026-02-10,2219240,223342,10.06
INFOMEDIA,2026-02-10,9794,5782,59.04
INFRABEES,2026-02-10,21212,12006,56.6
INFRAIETF,2026-02-10,127004,82414,64.89
INFY,2026-02-10,8657000,4028941,46.54
INGERRAND,2026-02-10,14249,7866,55.2
INNOVACAP,2026-02-10,16029,9207,57.44
INNOVANA,2026-02-10,7665,6287,82.02
INOXGREEN,2026-02-10,478721,259682,54.24
INOXINDIA,2026-02-10,25456,14906,58.56
INOXWIND,2026-02-10,6616423,2079889,31.44
INSECTICID,2026-02-10,24562,17506,71.27
INSPIRISYS,2026-02-10,33707,21164,62.79
INTELLECT,2026-02-10,334583,163370,48.83
INTENTECH,2026-02-10,19364,11259,58.14
INTERARCH,2026-02-10,204889,119872,58.51
INTERNET,2026-02-10,94725,47311,49.95
INTLCONV,2026-02-10,133580,51953,38.89
INVENTURE,2026-02-10,640556,490388,76.56
IOB,2026-02-10,4380036,1836164,41.92
IOC,2026-02-10,21506950,14483844,67.34
IOLCP,2026-02-10,2434992,840853,34.53
IONEXCHANG,2026-02-10,224473,121823,54.27
IPCALAB,2026-02-10,112117,58831,52.47
IPL,2026-02-10,650943,193834,29.78
IRB,2026-02-10,7534726,3693952,49.03
IRCON,2026-02-10,5624504,1344677,23.91
IRCTC,2026-02-10,1938170,721464,37.22
IREDA,2026-02-10,4986434,1706650,34.23
IRFC,2026-02-10,12744272,3219285,25.26
IRIS,2026-02-10,64116,49159,76.67
IRISDOREME,2026-02-10,2550095,2140457,83.94
IRMENERGY,2026-02-10,76149,45963,60.36
ISFT,2026-02-10,16582,11097,66.92
ISGEC,2026-02-10,2053135,326574,15.91
ISHANCH,2026-02-10,5179,3141,60.65
IT,2026-02-10,189987,115646,60.87
ITADD,2026-02-10,24608,13549,55.06
ITBEES,2026-02-10,12396363,6839686,55.17
ITBETA,2026-02-10,458,334,72.93
ITC,2026-02-10,11489090,6004276,52.26
ITCHOTELS,2026-02-10,3103026,1783527,57.48
ITDC,2026-02-10,538843,68501,12.71
ITETF,2026-02-10,374154,171767,45.91
ITI,2026-02-10,737642,194560,26.38
ITIETF,2026-02-10,656021,302526,46.12
IVALUE,2026-02-10,252582,112199,44.42
IVC,2026-02-10,158480,92535,58.39
IVP,2026-02-10,8310,6219,74.84
IVZINGOLD,2026-02-10,3630,3142,86.56
IVZINNIFTY,2026-02-10,10,8,80.0
IXIGO,2026-02-10,650855,255807,39.3
IZMO,2026-02-10,409686,71193,17.38
J&KBANK,2026-02-10,1539650,774566,50.31
JAGRAN,2026-02-10,95880,60167,62.75
JAGSNPHARM,2026-02-10,89596,45444,50.72
JAIBALAJI,2026-02-10,1210093,474805,39.24
JAICORPLTD,2026-02-10,396989,143954,36.26
JAINREC,2026-02-10,5557271,1747422,31.44
JAIPURKURT,2026-02-10,131573,47746,36.29
JAMNAAUTO,2026-02-10,2192451,982863,44.83
JARO,2026-02-10,145895,67418,46.21
JASH,2026-02-10,74740,42398,56.73
JAYAGROGN,2026-02-10,26932,19253,71.49
JAYBARMARU,2026-02-10,4520807,869348,19.23
JAYKAY,2026-02-10,69754,33412,47.9
JAYNECOIND,2026-02-10,6255743,2803815,44.82
JAYSREETEA,2026-02-10,33887,15424,45.52
JBCHEPHARM,2026-02-10,180635,98861,54.73
JBMA,2026-02-10,335319,118679,35.39
JGCHEM,2026-02-10,86609,41520,47.94
JHS,2026-02-10,103138,74917,72.64
JINDALPHOT,2026-02-10,2997,1398,46.65
JINDALPOLY,2026-02-10,26778,11380,42.5
JINDALSAW,2026-02-10,3835639,1561659,40.71
JINDALSTEL,2026-02-10,677182,251942,37.2
JINDRILL,2026-02-10,57999,34476,59.44
JINDWORLD,2026-02-10,483579,222082,45.92
JIOFIN,2026-02-10,12632673,6753670,53.46
JISLDVREQS,2026-02-10,75872,51096,67.35
JISLJALEQS,2026-02-10,1525703,839686,55.04
JITFINFRA,2026-02-10,23813,22303,93.66
JKCEMENT,2026-02-10,57076,34176,59.88
JKIL,2026-02-10,78574,39979,50.88
JKIPL,2026-02-10,118515,72432,61.12
JKLAKSHMI,2026-02-10,777516,637930,82.05
JKPAPER,2026-02-10,192193,102397,53.28
JKTYRE,2026-02-10,2738362,764959,27.93
JLHL,2026-02-10,17262,6044,35.01
JMA,2026-02-10,5207,2814,54.04
JMFINANCIL,2026-02-10,18667456,3030323,16.23
JNKINDIA,2026-02-10,3991772,617417,15.47
JOCIL,2026-02-10,18350,17068,93.01
JPOLYINVST,2026-02-10,3358,1718,51.16
JPPOWER,2026-02-10,21587029,10480734,48.55
JSFB,2026-02-10,1222682,716936,58.64
JSL,2026-02-10,178880,87865,49.12
JSLL,2026-02-10,788077,299172,37.96
JSWCEMENT,2026-02-10,1807130,692973,38.35
JSWENERGY,2026-02-10,1165204,469622,40.3
JSWHL,2026-02-10,2505,829,33.09
JSWINFRA,2026-02-10,1244474,660398,53.07
JSWSTEEL,2026-02-10,1150559,485658,42.21
JTEKTINDIA,2026-02-10,149379,81823,54.78
JTLIND,2026-02-10,2032283,688789,33.89
JUBLCPL,2026-02-10,40646,20089,49.42
JUBLFOOD,2026-02-10,1906312,912947,47.89
JUBLINGREA,2026-02-10,210665,88679,42.09
JUBLPHARMA,2026-02-10,106196,54989,51.78
JUNIORBEES,2026-02-10,393463,263938,67.08
JUNIPER,2026-02-10,300241,179056,59.64
JUSTDIAL,2026-02-10,83280,40154,48.22
JWL,2026-02-10,2312889,527192,22.79
JYOTHYLAB,2026-02-10,1120874,666385,59.45
JYOTICNC,2026-02-10,1128843,328713,29.12
JYOTISTRUC,2026-02-10,40623481,13904129,34.23
KABRAEXTRU,2026-02-10,21795,14092,64.66
KAJARIACER,2026-02-10,179014,113114,63.19
KAKATCEM,2026-02-10,3990,2511,62.93
KALAMANDIR,2026-02-10,405567,207975,51.28
KALPATARU,2026-02-10,19229,10593,55.09
KALYANIFRG,2026-02-10,3716,2077,55.89
KALYANKJIL,2026-02-10,27651390,3740387,13.53
KAMATHOTEL,2026-02-10,93809,42613,45.43
KAMDHENU,2026-02-10,1614469,878474,54.41
KAMOPAINTS,2026-02-10,1903188,1205846,63.36
KANANIIND,2026-02-10,71070,58955,82.95
KANORICHEM,2026-02-10,30909,25521,82.57
KANPRPLA,2026-02-10,21885,13918,63.6
KANSAINER,2026-02-10,506242,296367,58.54
KARMAENG,2026-02-10,4954,3654,73.76
KARURVYSYA,2026-02-10,3536711,2213083,62.57
KAUSHALYA,2026-02-10,466,285,61.16
KAVDEFENCE,2026-02-10,431741,242444,56.15
KAYA,2026-02-10,4315,2056,47.65
KAYNES,2026-02-10,2764396,349986,12.66
KCP,2026-02-10,226714,107596,47.46
KCPSUGIND,2026-02-10,231185,142583,61.67
KDDL,2026-02-10,14233,10325,72.54
KEC,2026-02-10,574606,282019,49.08
KECL,2026-02-10,157108,69817,44.44
KEEPLEARN,2026-02-10,161823,119014,73.55
KEI,2026-02-10,147718,75216,50.92
KELLTONTEC,2026-02-10,7900115,2296286,29.07
KERNEX,2026-02-10,131654,74122,56.3
KEYFINSERV,2026-02-10,20320,8416,41.42
KFINTECH,2026-02-10,1353818,198889,14.69
KHADIM,2026-02-10,100019,45329,45.32
KHAICHEM,2026-02-10,176542,101707,57.61
KHAITANLTD,2026-02-10,2673,1373,51.37
KHANDSE,2026-02-10,15150,9382,61.93
KICL,2026-02-10,1030,498,48.35
KILITCH,2026-02-10,23089,10705,46.36
KIMS,2026-02-10,1038979,527871,50.81
KINGFA,2026-02-10,2624,1634,62.27
KIOCL,2026-02-10,217326,64038,29.47
KIRIINDUS,2026-02-10,3352737,1034842,30.87
KIRLOSBROS,2026-02-10,43894,15567,35.46
KIRLOSENG,2026-02-10,290173,145298,50.07
KIRLOSIND,2026-02-10,2229,1050,47.11
KIRLPNU,2026-02-10,59043,31823,53.9
KITEX,2026-02-10,3096388,1113733,35.97
KKCL,2026-02-10,64871,36866,56.83
KMEW,2026-02-10,95192,38673,40.63
KMSUGAR,2026-02-10,146884,106338,72.4
KNAGRI,2026-02-10,4114,1893,46.01
KNRCON,2026-02-10,916580,353819,38.6
KOHINOOR,2026-02-10,117563,59448,50.57
KOKUYOCMLN,2026-02-10,66283,45826,69.14
KOLTEPATIL,2026-02-10,84967,54146,63.73
KOPRAN,2026-02-10,147465,59075,40.06
KOTAKBANK,2026-02-10,18428055,14407414,78.18
KOTARISUG,2026-02-10,72287,43940,60.79
KOTHARIPET,2026-02-10,21183,14302,67.52
KOTHARIPRO,2026-02-10,9258,7649,82.62
KPEL,2026-02-10,195772,104893,53.58
KPIGREEN,2026-02-10,1055083,378714,35.89
KPIL,2026-02-10,305935,216222,70.68
KPITTECH,2026-02-10,1028511,347776,33.81
KPRMILL,2026-02-10,1041234,349136,33.53
KRBL,2026-02-10,221445,119675,54.04
KREBSBIO,2026-02-10,10138,5959,58.78
KRIDHANINF,2026-02-10,50467,48993,97.08
KRISHANA,2026-02-10,91385,48870,53.48
KRISHIVAL,2026-02-10,92577,74287,80.24
KRISHNADEF,2026-02-10,102984,38501,37.39
KRITI,2026-02-10,48200,36650,76.04
KRITIKA,2026-02-10,108437,78457,72.35
KRITINUT,2026-02-10,21282,10883,51.14
KRN,2026-02-10,266668,102992,38.62
KRONOX,2026-02-10,36390,18282,50.24
KROSS,2026-02-10,212919,92467,43.43
KRSNAA,2026-02-10,173360,140373,80.97
KRYSTAL,2026-02-10,100033,46290,46.27
KSB,2026-02-10,44346,24730,55.77
KSCL,2026-02-10,125132,46353,37.04
KSHINTL,2026-02-10,180349,102716,56.95
KSHITIJPOL,2026-02-10,1223713,1049640,85.78
KSL,2026-02-10,34401,15594,45.33
KSOLVES,2026-02-10,160785,68033,42.31
KTKBANK,2026-02-10,2416960,1193529,49.38
KUANTUM,2026-02-10,33234,24217,72.87
LAGNAM,2026-02-10,13934,10187,73.11
LAL,2026-02-10,7954,6297,79.17
LALPATHLAB,2026-02-10,282978,153850,54.37
LAMBODHARA,2026-02-10,34088,22313,65.46
LANDMARK,2026-02-10,123039,52301,42.51
LAOPALA,2026-02-10,32530,19846,61.01
LASA,2026-02-10,60865,39653,65.15
LATENTVIEW,2026-02-10,494411,257718,52.13
LATTEYS,2026-02-10,58677,40933,69.76
LAURUSLABS,2026-02-10,1173485,662366,56.44
LAXMICOT,2026-02-10,259645,142016,54.7
LAXMIDENTL,2026-02-10,193665,69990,36.14
LAXMIINDIA,2026-02-10,1016155,268439,26.42
LEMERITE,2026-02-10,64873,34065,52.51
LEMONTREE,2026-02-10,6083781,3534444,58.1
LENSKART,2026-02-10,2145040,1144125,53.34
LEXUS,2026-02-10,788690,493864,62.62
LFIC,2026-02-10,7980,4576,57.34
LGBBROSLTD,2026-02-10,40149,18623,46.38
LGEINDIA,2026-02-10,784324,373196,47.58
LGHL,2026-02-10,93085,11829,12.71
LIBAS,2026-02-10,21730,16792,77.28
LIBERTSHOE,2026-02-10,54025,22290,41.26
LICHSGFIN,2026-02-10,936081,560586,59.89
LICI,2026-02-10,1107801,485848,43.86
LICMFGOLD,2026-02-10,1755,961,54.76
LICNETFGSC,2026-02-10,60775,51783,85.2
LICNETFN50,2026-02-10,427,410,96.02
LICNETFSEN,2026-02-10,13,5,38.46
LICNFNHGP,2026-02-10,220,216,98.18
LICNMID100,2026-02-10,5320,3069,57.69
LIKHITHA,2026-02-10,35425,21161,59.73
LINC,2026-02-10,17739,8987,50.66
LINCOLN,2026-02-10,87814,50821,57.87
LINDEINDIA,2026-02-10,688417,107585,15.63
LIQGRWBEES,2026-02-10,52430,28340,54.05
LIQUID,2026-02-10,75784,40926,54.0
LIQUID1,2026-02-10,464219,250062,53.87
LIQUIDADD,2026-02-10,341627,195347,57.18
LIQUIDBEES,2026-02-10,3055840,2435582,79.7
LIQUIDBETF,2026-02-10,110447,88366,80.01
LIQUIDCASE,2026-02-10,18808997,14191999,75.45
LIQUIDETF,2026-02-10,90249,63533,70.4
LIQUIDIETF,2026-02-10,248361,192841,77.65
LIQUIDPLUS,2026-02-10,171749,120580,70.21
LIQUIDSBI,2026-02-10,7799,5267,67.53
LIQUIDSHRI,2026-02-10,8491,6086,71.68
LLOYDSENGG,2026-02-10,6131488,2617959,42.7
LLOYDSENT,2026-02-10,2235146,881741,39.45
LLOYDSME,2026-02-10,287764,121765,42.31
LMW,2026-02-10,5023,3852,76.69
LODHA,2026-02-10,1030861,448462,43.5
LOKESHMACH,2026-02-10,30043,13698,45.59
LORDSCHLO,2026-02-10,53756,33414,62.16
LOTUSDEV,2026-02-10,1140125,653499,57.32
LOTUSEYE,2026-02-10,10578,6116,57.82
LOVABLE,2026-02-10,10569,6309,59.69
LOWVOL,2026-02-10,1014,1013,99.9
LOWVOL1,2026-02-10,263993,218673,82.83
LOWVOLIETF,2026-02-10,2152403,1896923,88.13
LOYALTEX,2026-02-10,13012,6167,47.39
LPDC,2026-02-10,11073,8390,75.77
LT,2026-02-10,1890409,1056385,55.88
LTF,2026-02-10,3691851,1859485,50.37
LTFOODS,2026-02-10,1085943,645853,59.47
LTGILTBEES,2026-02-10,1135200,980925,86.41
LTGILTCASE,2026-02-10,94599,64956,68.66
LTIM,2026-02-10,309623,181923,58.76
LTTS,2026-02-10,40724,20158,49.5
LUMAXIND,2026-02-10,202114,37736,18.67
LUMAXTECH,2026-02-10,509852,134277,26.34
LUPIN,2026-02-10,692201,304622,44.01
LUXIND,2026-02-10,192133,170292,88.63
LXCHEM,2026-02-10,584786,442568,75.68
LYKALABS,2026-02-10,49128,32098,65.34
LYPSAGEMS,2026-02-10,102612,58540,57.05
M&M,2026-02-10,1917432,1038059,54.14
M&MFIN,2026-02-10,2928837,1410523,48.16
MACPOWER,2026-02-10,361474,111136,30.75
MADHAV,2026-02-10,4022,2064,51.32
MADHUCON,2026-02-10,22679,17237,76.0
MADRASFERT,2026-02-10,62406,35435,56.78
MAFANG,2026-02-10,97159,97159,100.0
MAGADSUGAR,2026-02-10,7686,5270,68.57
MAGNUM,2026-02-10,107914,68360,63.35
MAHABANK,2026-02-10,16462825,7035420,42.74
MAHAPEXLTD,2026-02-10,3422,2509,73.32
MAHEPC,2026-02-10,54466,36711,67.4
MAHESHWARI,2026-02-10,40940,24655,60.22
MAHKTECH,2026-02-10,458358,458358,100.0
MAHLIFE,2026-02-10,229377,122950,53.6
MAHLOG,2026-02-10,1630079,862659,52.92
MAHSCOOTER,2026-02-10,2825,1497,52.99
MAHSEAMLES,2026-02-10,103032,53297,51.73
MAITHANALL,2026-02-10,25005,14209,56.82
MAKEINDIA,2026-02-10,35139,23207,66.04
MALLCOM,2026-02-10,2673,1844,68.99
MALUPAPER,2026-02-10,6770,5088,75.16
MAMATA,2026-02-10,68779,30141,43.82
MANAKCOAT,2026-02-10,53143,33485,63.01
MANAKSIA,2026-02-10,15407,10027,65.08
MANAKSTEEL,2026-02-10,77707,44410,57.15
MANALIPETC,2026-02-10,481310,269718,56.04
MANAPPURAM,2026-02-10,4686621,1568028,33.46
MANBA,2026-02-10,33245,16660,50.11
MANCREDIT,2026-02-10,38324,7806,20.37
MANGLMCEM,2026-02-10,79831,55764,69.85
MANINDS,2026-02-10,397740,170762,42.93
MANINFRA,2026-02-10,689454,279572,40.55
MANKIND,2026-02-10,260205,149781,57.56
MANORAMA,2026-02-10,220995,109921,49.74
MANORG,2026-02-10,11550,6327,54.78
MANUFGBEES,2026-02-10,6281,5146,81.93
MANUGRAPH,2026-02-10,337481,95516,28.3
MANYAVAR,2026-02-10,110885,48912,44.11
MAPMYINDIA,2026-02-10,125930,51792,41.13
MARALOVER,2026-02-10,28502,18072,63.41
MARATHON,2026-02-10,31714,20546,64.79
MARICO,2026-02-10,1514663,961267,63.46
MARINE,2026-02-10,170928,97199,56.87
MARKOLINES,2026-02-10,279419,113420,40.59
MARKSANS,2026-02-10,750535,325621,43.39
MARUTI,2026-02-10,360240,139318,38.67
MASFIN,2026-02-10,187692,74796,39.85
MASKINVEST,2026-02-10,50,50,100.0
MASPTOP50,2026-02-10,91734,91734,100.0
MASTEK,2026-02-10,353159,263461,74.6
MASTERTR,2026-02-10,76438,36081,47.2
MATRIMONY,2026-02-10,13256,6220,46.92
MAWANASUG,2026-02-10,49219,27253,55.37
MAXESTATES,2026-02-10,991679,180007,18.15
MAXHEALTH,2026-02-10,4458942,3173413,71.17
MAXIND,2026-02-10,22659,13940,61.52
MAYURUNIQ,2026-02-10,79411,48547,61.13
MAZDA,2026-02-10,9352,6841,73.15
MAZDOCK,2026-02-10,932887,291043,31.2
MBAPL,2026-02-10,469903,255433,54.36
MBEL,2026-02-10,200178,80759,40.34
MBLINFRA,2026-02-10,46054,21618,46.94
MCLEODRUSS,2026-02-10,475743,231628,48.69
MCLOUD,2026-02-10,6564372,3871582,58.98
MCX,2026-02-10,3096524,1285012,41.5
MEDANTA,2026-02-10,114020,58040,50.9
MEDIASSIST,2026-02-10,155586,73525,47.26
MEDICAMEQ,2026-02-10,7396,3667,49.58
MEDICO,2026-02-10,407515,160562,39.4
MEDPLUS,2026-02-10,292211,168231,57.57
MEESHO,2026-02-10,2219922,1080219,48.66
MEIL,2026-02-10,79668,49649,62.32
MENONBE,2026-02-10,19077,11652,61.08
METAL,2026-02-10,6384578,3846224,60.24
METALIETF,2026-02-10,18877595,10580074,56.05
METROBRAND,2026-02-10,62209,33346,53.6
METROPOLIS,2026-02-10,15287,8564,56.02
MFML,2026-02-10,2344,2084,88.91
MFSL,2026-02-10,818309,466109,56.96
MGEL,2026-02-10,301317,175603,58.28
MGL,2026-02-10,292826,142745,48.75
MHLXMIRU,2026-02-10,404479,99235,24.53
MHRIL,2026-02-10,111967,65206,58.24
MICEL,2026-02-10,1787835,1396059,78.09
MID150,2026-02-10,57131,32956,57.68
MID150BEES,2026-02-10,740337,408138,55.13
MID150CASE,2026-02-10,1871882,1332335,71.18
MIDCAP,2026-02-10,109570,78843,71.96
MIDCAPADD,2026-02-10,17987,16606,92.32
MIDCAPBETA,2026-02-10,19535,12259,62.75
MIDCAPETF,2026-02-10,11320962,9946432,87.86
MIDCAPIETF,2026-02-10,9358390,8744256,93.44
MIDHANI,2026-02-10,856007,338502,39.54
MIDQ50ADD,2026-02-10,5258,3336,63.45
MIDSELIETF,2026-02-10,188119,129106,68.63
MIDSMALL,2026-02-10,292340,210546,72.02
MIDWESTLTD,2026-02-10,58410,13941,23.87
MINDACORP,2026-02-10,370257,188841,51.0
MINDTECK,2026-02-10,48985,31659,64.63
MIRCELECTR,2026-02-10,1980860,1081468,54.6
MIRZAINT,2026-02-10,270545,147021,54.34
MITCON,2026-02-10,5041,3262,64.71
MITTAL,2026-02-10,444137,299837,67.51
MKPL,2026-02-10,181316,89535,49.38
MMFL,2026-02-10,150614,76743,50.95
MMP,2026-02-10,16820,11687,69.48
MMTC,2026-02-10,3014794,918561,30.47
MNC,2026-02-10,140644,115794,82.33
MOALPHA50,2026-02-10,3038,1721,56.65
MOBIKWIK,2026-02-10,651256,206704,31.74
MOCAPITAL,2026-02-10,1822398,1345426,73.83
MODEFENCE,2026-02-10,2608454,1441827,55.28
MODINATUR,2026-02-10,1993,1027,51.53
MODIRUBBER,2026-02-10,9341,5060,54.17
MODIS,2026-02-10,4591,3051,66.46
MODISONLTD,2026-02-10,69864,39788,56.95
MODTHREAD,2026-02-10,855,587,68.65
MOENERGY,2026-02-10,326577,262354,80.33
MOGOLD,2026-02-10,125475,50394,40.16
MOGSEC,2026-02-10,83352,81214,97.43
MOHEALTH,2026-02-10,85238,64051,75.14
MOHITIND,2026-02-10,10685,7390,69.16
MOIL,2026-02-10,683182,276400,40.46
MOINFRA,2026-02-10,4881,3874,79.37
MOIPO,2026-02-10,1097,1096,99.91
MOKSH,2026-02-10,70288,36120,51.39
MOL,2026-02-10,654991,328643,50.18
MOLDTECH,2026-02-10,37744,19677,52.13
MOLDTKPAC,2026-02-10,382219,178646,46.74
MOLOWVOL,2026-02-10,520622,415157,79.74
MOM100,2026-02-10,357684,235919,65.96
MOM30IETF,2026-02-10,932395,756596,81.15
MOM50,2026-02-10,3875,3489,90.04
MOMENTUM,2026-02-10,25031,18745,74.89
MOMENTUM30,2026-02-10,23106,14364,62.17
MOMENTUM50,2026-02-10,275522,178844,64.91
MOMGF,2026-02-10,1045,498,47.66
MOMIDMTM,2026-02-10,47890,41329,86.3
MOMNC,2026-02-10,5807,4684,80.66
MOMOMENTUM,2026-02-10,66540,54911,82.52
MON100,2026-02-10,1011910,485297,47.96
MON50EQUAL,2026-02-10,8970,6293,70.16
MONARCH,2026-02-10,57882,23615,40.8
MONEXT50,2026-02-10,959,652,67.99
MONEYBOXX,2026-02-10,84873,23617,27.83
MONIFTY100,2026-02-10,47846,43860,91.67
MONIFTY500,2026-02-10,1748057,1604815,91.81
MONQ50,2026-02-10,77427,47020,60.73
MONTECARLO,2026-02-10,17788,8030,45.14
MOPSE,2026-02-10,24131,15715,65.12
MOQUALITY,2026-02-10,567,253,44.62
MOREALTY,2026-02-10,686936,443637,64.58
MOREPENLAB,2026-02-10,5874531,1735210,29.54
MOSCHIP,2026-02-10,1249101,460105,36.83
MOSERVICE,2026-02-10,1193,1188,99.58
MOSILVER,2026-02-10,149660,46687,31.2
MOSMALL250,2026-02-10,2747335,1482151,53.95
MOTHERSON,2026-02-10,55014074,13529392,24.59
MOTILALOFS,2026-02-10,950799,414962,43.64
MOTISONS,2026-02-10,36713768,7015860,19.11
MOTOGENFIN,2026-02-10,41154,22597,54.91
MOTOUR,2026-02-10,35484,25058,70.62
MOVALUE,2026-02-10,118263,74441,62.95
MPHASIS,2026-02-10,442632,254411,57.48
MPSLTD,2026-02-10,23465,10324,44.0
MRF,2026-02-10,15161,5001,32.99
MRPL,2026-02-10,8310410,1960171,23.59
MSCIADD,2026-02-10,3136,3124,99.62
MSCIINDIA,2026-02-10,5729,4890,85.36
MSPL,2026-02-10,590108,355770,60.29
MSTCLTD,2026-02-10,405813,179892,44.33
MSUMI,2026-02-10,8558483,4517887,52.79
MTARTECH,2026-02-10,865656,274332,31.69
MTNL,2026-02-10,2024887,763741,37.72
MUFIN,2026-02-10,1686969,509345,30.19
MUFTI,2026-02-10,574551,287879,50.11
MUKANDLTD,2026-02-10,501329,201701,40.23
MUKKA,2026-02-10,810568,511557,63.11
MUKTAARTS,2026-02-10,9257,8082,87.31
MULTICAP,2026-02-10,160753,115968,72.14
MUNJALAU,2026-02-10,134296,67711,50.42
MUNJALSHOW,2026-02-10,45292,22416,49.49
MURUDCERA,2026-02-10,24439,19521,79.88
MUTHOOTCAP,2026-02-10,15716,10158,64.63
MUTHOOTFIN,2026-02-10,542510,175569,32.36
MUTHOOTMF,2026-02-10,1439787,514764,35.75
MVGJL,2026-02-10,169725,78391,46.19
MWL,2026-02-10,117973,54772,46.43
NACLIND,2026-02-10,623273,472588,75.82
NAGAFERT,2026-02-10,476572,347557,72.93
NAGREEKCAP,2026-02-10,186601,88303,47.32
NAGREEKEXP,2026-02-10,32699,16108,49.26
NAHARCAP,2026-02-10,9944,6662,67.0
NAHARINDUS,2026-02-10,12476,6308,50.56
NAHARPOLY,2026-02-10,7933,3631,45.77
NAHARSPING,2026-02-10,57936,40004,69.05
NAM-INDIA,2026-02-10,787813,453649,57.58
NARMADA,2026-02-10,501255,321340,64.11
NATCAPSUQ,2026-02-10,2736,1811,66.19
NATCOPHARM,2026-02-10,447090,181510,40.6
NATHBIOGEN,2026-02-10,12862,6787,52.77
NATIONALUM,2026-02-10,8272261,3391368,41.0
NAUKRI,2026-02-10,1984470,1185333,59.73
NAVA,2026-02-10,245731,127352,51.83
NAVINFLUOR,2026-02-10,1756061,453385,25.82
NAVKARCORP,2026-02-10,367107,158074,43.06
NAVNETEDUL,2026-02-10,112238,76092,67.8
NAZARA,2026-02-10,1842899,738891,40.09
NBCC,2026-02-10,6738195,2355796,34.96
NBIFIN,2026-02-10,822,737,89.66
NCC,2026-02-10,3335418,1367477,41.0
NCLIND,2026-02-10,47924,24805,51.76
NDGL,2026-02-10,108,85,78.7
NDL,2026-02-10,1836471,1075798,58.58
NDLVENTURE,2026-02-10,58132,47208,81.21
NDRAUTO,2026-02-10,53931,20258,37.56
NDTV,2026-02-10,221269,109687,49.57
NECCLTD,2026-02-10,50801,35896,70.66
NELCAST,2026-02-10,2255054,572706,25.4
NELCO,2026-02-10,110110,53938,48.99
NEOGEN,2026-02-10,27332,11011,40.29
NEPHROPLUS,2026-02-10,104446,52156,49.94
NESCO,2026-02-10,79763,40531,50.81
NESTLEIND,2026-02-10,936331,579078,61.85
NETF,2026-02-10,4472,2559,57.22
NETWEB,2026-02-10,839008,236248,28.16
NETWORK18,2026-02-10,4516648,1856340,41.1
NEULANDLAB,2026-02-10,169477,39256,23.16
NEWGEN,2026-02-10,414589,176023,42.46
NEXT30ADD,2026-02-10,6101,3300,54.09
NEXT50,2026-02-10,10165,6037,59.39
NEXT50ADD,2026-02-10,14476,14276,98.62
NEXT50BETA,2026-02-10,41124,21842,53.11
NEXT50ETF,2026-02-10,4903,2643,53.91
NEXT50IETF,2026-02-10,606149,376742,62.15
NEXTMEDIA,2026-02-10,28612,23832,83.29
NFL,2026-02-10,459770,198466,43.17
NGIL,2026-02-10,7616,3806,49.97
NGLFINE,2026-02-10,8819,4992,56.61
NH,2026-02-10,468522,212053,45.26
NHPC,2026-02-10,25051448,14534120,58.02
NIACL,2026-02-10,2371398,667843,28.16
NIBE,2026-02-10,40776,23104,56.66
NIBL,2026-02-10,189850,76990,40.55
NIF100BEES,2026-02-10,44680,25893,57.95
NIF100IETF,2026-02-10,84043,56517,67.25
NIFTY1,2026-02-10,482287,284889,59.07
NIFTY100EW,2026-02-10,47750,37125,77.75
NIFTYADD,2026-02-10,21086,14771,70.05
NIFTYBEES,2026-02-10,8451744,5944314,70.33
NIFTYBETA,2026-02-10,10807,7379,68.28
NIFTYBETF,2026-02-10,3547,3111,87.71
NIFTYCASE,2026-02-10,690557,451383,65.37
NIFTYETF,2026-02-10,126509,98708,78.02
NIFTYIETF,2026-02-10,727694,434329,59.69
NIFTYQLITY,2026-02-10,23059,17547,76.1
NIITLTD,2026-02-10,688212,219017,31.82
NIITMTS,2026-02-10,142279,114624,80.56
NILAINFRA,2026-02-10,286101,188305,65.82
NILASPACES,2026-02-10,332340,238982,71.91
NILKAMAL,2026-02-10,34343,21751,63.33
NINSYS,2026-02-10,6788,3704,54.57
NIPPOBATRY,2026-02-10,3986,2856,71.65
NIRAJ,2026-02-10,174126,96405,55.37
NIRAJISPAT,2026-02-10,7004,5324,76.01
NITCO,2026-02-10,115893,68731,59.31
NITINSPIN,2026-02-10,348306,234760,67.4
NITIRAJ,2026-02-10,2844,2128,74.82
NIVABUPA,2026-02-10,933229,546767,58.59
NKIND,2026-02-10,360,192,53.33
NLCINDIA,2026-02-10,1151998,429420,37.28
NMDC,2026-02-10,46795269,17262237,36.89
NOCIL,2026-02-10,574510,292966,50.99
NOIDATOLL,2026-02-10,86851,62905,72.43
NORTHARC,2026-02-10,236073,144126,61.05
NOVAAGRI,2026-02-10,121077,67801,56.0
NPBET,2026-02-10,673,403,59.88
NPST,2026-02-10,38387,15189,39.57
NRAIL,2026-02-10,15541,7448,47.92
NRBBEARING,2026-02-10,1001532,380020,37.94
NRL,2026-02-10,22081,13351,60.46
NSIL,2026-02-10,5046,3016,59.77
NSLNISP,2026-02-10,3402804,1270648,37.34
NTPC,2026-02-10,8319282,5238310,62.97
NTPCGREEN,2026-02-10,3978229,1986105,49.92
NUCLEUS,2026-02-10,103837,19618,18.89
NURECA,2026-02-10,12455,6392,51.32
NUVAMA,2026-02-10,266150,90269,33.92
NUVOCO,2026-02-10,306921,181524,59.14
NV20,2026-02-10,6759,4363,64.55
NV20BEES,2026-02-10,72660,65121,89.62
NV20IETF,2026-02-10,379527,226985,59.81
NYKAA,2026-02-10,14436655,8130340,56.32
OAL,2026-02-10,59731,24480,40.98
OBCL,2026-02-10,287,241,83.97
OBEROIRLTY,2026-02-10,252206,97200,38.54
OCCLLTD,2026-02-10,60305,38321,63.55
ODIGMA,2026-02-10,16942,14074,83.07
OFSS,2026-02-10,125045,62574,50.04
OIL,2026-02-10,2054107,801138,39.0
OILCOUNTUB,2026-02-10,59411,42075,70.82
OILIETF,2026-02-10,8252903,6636837,80.42
OLAELEC,2026-02-10,57753079,24159300,41.83
OLECTRA,2026-02-10,262080,110518,42.17
OMAXAUTO,2026-02-10,77010,37825,49.12
OMAXE,2026-02-10,160301,84987,53.02
OMFREIGHT,2026-02-10,17285,11930,69.02
OMINFRAL,2026-02-10,236907,87340,36.87
ONEPOINT,2026-02-10,1017658,394706,38.79
ONESOURCE,2026-02-10,195783,126867,64.8
ONGC,2026-02-10,13459684,7499897,55.72
ONMOBILE,2026-02-10,247780,106472,42.97
ONWARDTEC,2026-02-10,46576,29621,63.6
OPTIEMUS,2026-02-10,127036,58217,45.83
ORBTEXP,2026-02-10,9191,4626,50.33
ORCHASP,2026-02-10,150047,108950,72.61
ORCHPHARMA,2026-02-10,49277,25829,52.42
ORIENTALTL,2026-02-10,177336,112257,63.3
ORIENTBELL,2026-02-10,23453,19263,82.13
ORIENTCEM,2026-02-10,328700,186570,56.76
ORIENTCER,2026-02-10,65503,29016,44.3
ORIENTELEC,2026-02-10,744133,475017,63.83
ORIENTHOT,2026-02-10,220882,95543,43.26
ORIENTLTD,2026-02-10,2914,2367,81.23
ORIENTPPR,2026-02-10,261778,146145,55.83
ORIENTTECH,2026-02-10,306026,101814,33.27
ORISSAMINE,2026-02-10,8875,5397,60.81
ORKLAINDIA,2026-02-10,153906,103699,67.38
OSIAHYPER,2026-02-10,110246,83155,75.43
OSWALAGRO,2026-02-10,58845,37287,63.36
OSWALGREEN,2026-02-10,81651,46238,56.63
OSWALPUMPS,2026-02-10,1074364,448521,41.75
OSWALSEEDS,2026-02-10,15699,11574,73.72
PACEDIGITK,2026-02-10,529809,246419,46.51
PAGEIND,2026-02-10,14181,7508,52.94
PAISALO,2026-02-10,7781635,5366586,68.96
PAKKA,2026-02-10,139019,59051,42.48
PALASHSECU,2026-02-10,261,151,57.85
PALREDTEC,2026-02-10,5932,4853,81.81
PANACEABIO,2026-02-10,48008,23107,48.13
PANACHE,2026-02-10,27131,26931,99.26
PANAMAPET,2026-02-10,197588,53742,27.2
PAR,2026-02-10,8070,5680,70.38
PARACABLES,2026-02-10,1057092,533809,50.5
PARADEEP,2026-02-10,5670652,2442844,43.08
PARAGMILK,2026-02-10,329368,128234,38.93
PARAS,2026-02-10,349425,148586,42.52
PARKHOSPS,2026-02-10,6400577,2510627,39.23
PARKHOTELS,2026-02-10,920324,463030,50.31
PARSVNATH,2026-02-10,661552,497201,75.16
PASHUPATI,2026-02-10,1281,352,27.48
PASUPTAC,2026-02-10,205499,115839,56.37
PATANJALI,2026-02-10,2795550,1412697,50.53
PATELENG,2026-02-10,5327924,2418626,45.4
PATELRMART,2026-02-10,119068,80949,67.99
PATINTLOG,2026-02-10,116381,86422,74.26
PAUSHAKLTD,2026-02-10,85793,24344,28.38
PAVNAIND,2026-02-10,792496,551500,69.59
PAYTM,2026-02-10,4291123,2084759,48.58
PCBL,2026-02-10,1776874,473082,26.62
PCJEWELLER,2026-02-10,38854059,10683155,27.5
PDMJEPAPER,2026-02-10,92425,57585,62.3
PDSL,2026-02-10,117135,60726,51.84
PEARLPOLY,2026-02-10,6463,5588,86.46
PENIND,2026-02-10,311236,159008,51.09
PENINLAND,2026-02-10,724289,304850,42.09
PERSISTENT,2026-02-10,347608,151300,43.53
PETRONET,2026-02-10,2451713,1348710,55.01
PFC,2026-02-10,8675871,4220488,48.65
PFIZER,2026-02-10,944762,94472,10.0
PFOCUS,2026-02-10,9497140,1186884,12.5
PFS,2026-02-10,439129,221868,50.52
PGEL,2026-02-10,3360946,922437,27.45
PGHH,2026-02-10,10851,5423,49.98
PGHL,2026-02-10,43150,24433,56.62
PGIL,2026-02-10,302783,121361,40.08
PHARMABEES,2026-02-10,4153906,3116489,75.03
PHOENIXLTD,2026-02-10,175930,97029,55.15
PICCADIL,2026-02-10,399417,128960,32.29
PIDILITIND,2026-02-10,509638,269023,52.79
PIGL,2026-02-10,82817,63714,76.93
PIIND,2026-02-10,350115,192920,55.1
PILANIINVS,2026-02-10,1940,1123,57.89
PILITA,2026-02-10,116307,101311,87.11
PINELABS,2026-02-10,3757863,2178295,57.97
PIONEEREMB,2026-02-10,7595,6109,80.43
PIRAMALFIN,2026-02-10,150875,91895,60.91
PITTIENG,2026-02-10,109848,42507,38.7
PIXTRANS,2026-02-10,5041,2821,55.96
PKTEA,2026-02-10,596,588,98.66
PLASTIBLEN,2026-02-10,7794,5222,67.0
PLATIND,2026-02-10,60772,30678,50.48
PLAZACABLE,2026-02-10,47446,18185,38.33
PNB,2026-02-10,12024413,5425029,45.12
PNBGILTS,2026-02-10,321971,170698,53.02
PNBHOUSING,2026-02-10,1409806,751386,53.3
PNC,2026-02-10,5823,4903,84.2
PNCINFRA,2026-02-10,544361,222612,40.89
PNGJL,2026-02-10,1143771,339347,29.67
POCL,2026-02-10,140893,64885,46.05
PODDARMENT,2026-02-10,278,234,84.17
POKARNA,2026-02-10,980944,241411,24.61
POLICYBZR,2026-02-10,5601462,2580964,46.08
POLYCAB,2026-02-10,131347,68961,52.5
POLYMED,2026-02-10,445403,219518,49.29
POLYPLEX,2026-02-10,50824,28199,55.48
PONNIERODE,2026-02-10,18736,11357,60.62
POONAWALLA,2026-02-10,4126476,1692948,41.03
POWERGRID,2026-02-10,21823214,16022503,73.42
POWERINDIA,2026-02-10,123059,38074,30.94
POWERMECH,2026-02-10,114636,51492,44.92
PPAP,2026-02-10,10549,7118,67.48
PPL,2026-02-10,40446,22818,56.42
PPLPHARMA,2026-02-10,6187075,2834482,45.81
PRABHA,2026-02-10,54359,12494,22.98
PRAENG,2026-02-10,30224,20875,69.07
PRAJIND,2026-02-10,44558250,3370399,7.56
PRAKASH,2026-02-10,354235,159718,45.09
PRAXIS,2026-02-10,94915,94914,100.0
PRECAM,2026-02-10,300085,99234,33.07
PRECOT,2026-02-10,30364,20189,66.49
PRECWIRE,2026-02-10,747271,197132,26.38
PREMEXPLN,2026-02-10,169897,57656,33.94
PREMIERENE,2026-02-10,1277319,297214,23.27
PREMIERPOL,2026-02-10,141284,71635,50.7
PRESTIGE,2026-02-10,271664,149002,54.85
PRICOLLTD,2026-02-10,233817,114654,49.04
PRIMESECU,2026-02-10,20686,15950,77.11
PRIMO,2026-02-10,58377,38232,65.49
PRINCEPIPE,2026-02-10,169266,74612,44.08
PRITI,2026-02-10,9022,7076,78.43
PRITIKAUTO,2026-02-10,265263,184959,69.73
PRIVISCL,2026-02-10,212226,126924,59.81
PROSTARM,2026-02-10,202401,73991,36.56
PROTEAN,2026-02-10,527350,322884,61.23
PROZONER,2026-02-10,890237,413032,46.4
PRSMJOHNSN,2026-02-10,310893,183560,59.04
PRUDENT,2026-02-10,51222,29678,57.94
PRUDMOULI,2026-02-10,26108,16033,61.41
PSB,2026-02-10,1315268,568972,43.26
PSPPROJECT,2026-02-10,73972,36676,49.58
PSUBANK,2026-02-10,28130,19870,70.64
PSUBANKADD,2026-02-10,35111,20976,59.74
PSUBNKBEES,2026-02-10,6971435,5350576,76.75
PSUBNKIETF,2026-02-10,197388,101992,51.67
PTC,2026-02-10,1863088,938895,50.39
PTCIL,2026-02-10,12056,3416,28.33
PTL,2026-02-10,228742,133822,58.5
PUNJABCHEM,2026-02-10,9810,6392,65.16
PURVA,2026-02-10,224623,103688,46.16
PVP,2026-02-10,263096,158898,60.4
PVRINOX,2026-02-10,464891,226249,48.67
PVSL,2026-02-10,41124,20475,49.79
PVTBANIETF,2026-02-10,758398,508364,67.03
PVTBANKADD,2026-02-10,25611,22760,88.87
PWL,2026-02-10,13615028,6172085,45.33
PYRAMID,2026-02-10,62812,24305,38.69
QGOLDHALF,2026-02-10,41682,27882,66.89
QNIFTY,2026-02-10,1254,607,48.41
QPOWER,2026-02-10,586607,194878,33.22
QUADFUTURE,2026-02-10,462942,133121,28.76
QUAL30IETF,2026-02-10,558380,542317,97.12
QUALITY30,2026-02-10,11477,1541,13.43
QUESS,2026-02-10,426367,165865,38.9
QUICKHEAL,2026-02-10,246347,104204,42.3
RACE,2026-02-10,21256,10252,48.23
RACLGEAR,2026-02-10,25949,10405,40.1
RADAAN,2026-02-10,28707,25345,88.29
RADHIKAJWE,2026-02-10,862679,215461,24.98
RADIANTCMS,2026-02-10,148965,103721,69.63
RADICO,2026-02-10,399620,245463,61.42
RADIOCITY,2026-02-10,181045,146493,80.92
RAILTEL,2026-02-10,11135460,1022242,9.18
RAIN,2026-02-10,8938609,3380665,37.82
RAINBOW,2026-02-10,341832,111861,32.72
RAJMET,2026-02-10,392025,277407,70.76
RAJOOENG,2026-02-10,390911,185825,47.54
RAJRATAN,2026-02-10,109209,57429,52.59
RAJSREESUG,2026-02-10,79301,46289,58.37
RAJTV,2026-02-10,2114,1261,59.65
RALLIS,2026-02-10,331925,141138,42.52
RAMANEWS,2026-02-10,18312,8816,48.14
RAMAPHO,2026-02-10,48232,26957,55.89
RAMASTEEL,2026-02-10,4544683,2852809,62.77
RAMCOCEM,2026-02-10,1039444,327004,31.46
RAMCOIND,2026-02-10,56091,32643,58.2
RAMCOSYS,2026-02-10,445834,122209,27.41
RAMKY,2026-02-10,38289,21867,57.11
RAMRAT,2026-02-10,246055,67161,27.3
RANASUG,2026-02-10,124269,93104,74.92
RANEHOLDIN,2026-02-10,4859,3264,67.17
RATEGAIN,2026-02-10,221528,124093,56.02
RATNAMANI,2026-02-10,42834,25852,60.35
RATNAVEER,2026-02-10,270897,127756,47.16
RAYMOND,2026-02-10,570676,319525,55.99
RAYMONDLSL,2026-02-10,70185,34059,48.53
RAYMONDREL,2026-02-10,180337,82164,45.56
RBA,2026-02-10,3788797,2064756,54.5
RBLBANK,2026-02-10,1973036,742035,37.61
RBZJEWEL,2026-02-10,192577,72087,37.43
RCF,2026-02-10,686296,295978,43.13
RECLTD,2026-02-10,9568613,4222603,44.13
REDINGTON,2026-02-10,1469462,733172,49.89
REDTAPE,2026-02-10,348036,141024,40.52
REFEX,2026-02-10,1460589,413331,28.3
REGAAL,2026-02-10,347004,167297,48.21
REGENCERAM,2026-02-10,6898,4972,72.08
RELAXO,2026-02-10,124827,56861,45.55
RELCHEMQ,2026-02-10,12995,6688,51.47
RELIANCE,2026-02-10,10259630,3096776,30.18
RELIGARE,2026-02-10,3242638,1803540,55.62
RELTD,2026-02-10,88720,54494,61.42
REMSONSIND,2026-02-10,161318,82539,51.17
RENUKA,2026-02-10,3710340,1636473,44.11
REPCOHOME,2026-02-10,117956,65337,55.39
REPL,2026-02-10,15027,6690,44.52
REPRO,2026-02-10,11975,9930,82.92
RESPONIND,2026-02-10,152927,23388,15.29
RETAIL,2026-02-10,992,954,96.17
RGL,2026-02-10,1151928,629056,54.61
RHETAN,2026-02-10,374074,140798,37.64
RHIM,2026-02-10,324242,149886,46.23
RHL,2026-02-10,48202,40888,84.83
RICOAUTO,2026-02-10,10332306,2248609,21.76
RIIL,2026-02-10,61434,18955,30.85
RISHABH,2026-02-10,121289,97919,80.73
RITCO,2026-02-10,54253,40143,73.99
RITES,2026-02-10,564176,194453,34.47
RKDL,2026-02-10,38682,23649,61.14
RKEC,2026-02-10,21117,14451,68.43
RKFORGE,2026-02-10,328803,171439,52.14
RKSWAMY,2026-02-10,53848,28188,52.35
RMDRIP,2026-02-10,6463208,1856564,28.73
RML,2026-02-10,13156,7988,60.72
RNBDENIMS,2026-02-10,5405931,1386790,25.65
ROHLTD,2026-02-10,59273,34030,57.41
ROLEXRINGS,2026-02-10,1527094,570155,37.34
ROML,2026-02-10,7787,4107,52.74
ROSSARI,2026-02-10,40760,21436,52.59
ROSSELLIND,2026-02-10,63380,37851,59.72
ROSSTECH,2026-02-10,74472,33752,45.32
ROTO,2026-02-10,372321,177476,47.67
ROUTE,2026-02-10,4230167,970303,22.94
RPEL,2026-02-10,15561,8991,57.78
RPGLIFE,2026-02-10,15526,8599,55.38
RPOWER,2026-02-10,33121117,9689939,29.26
RPPINFRA,2026-02-10,62938,38100,60.54
RPPL,2026-02-10,121315,87993,72.53
RPSGVENT,2026-02-10,21574,10731,49.74
RPTECH,2026-02-10,122646,69320,56.52
RRKABEL,2026-02-10,210524,118937,56.5
RSSOFTWARE,2026-02-10,32067,16766,52.28
RSWM,2026-02-10,56466,33890,60.02
RSYSTEMS,2026-02-10,93253,59774,64.1
RTNINDIA,2026-02-10,1498717,470128,31.37
RTNPOWER,2026-02-10,12493726,5615343,44.95
RUBFILA,2026-02-10,26432,16270,61.55
RUBICON,2026-02-10,234483,149192,63.63
RUBYMILLS,2026-02-10,39213,19350,49.35
RUCHINFRA,2026-02-10,76374,63239,82.8
RUCHIRA,2026-02-10,52388,36593,69.85
RUDRA,2026-02-10,119715,85901,71.75
RUPA,2026-02-10,194229,115041,59.23
RUSHIL,2026-02-10,623578,318439,51.07
RUSTOMJEE,2026-02-10,27610,19835,71.84
RVHL,2026-02-10,44491,33091,74.38
RVNL,2026-02-10,9489579,1510064,15.91
RVTH,2026-02-10,798,784,98.25
S&SPOWER,2026-02-10,1832,1779,97.11
SAATVIKGL,2026-02-10,122316,52178,42.66
SADBHAV,2026-02-10,37912,37912,100.0
SADBHIN,2026-02-10,928830,680597,73.27
SADHNANIQ,2026-02-10,1413492,1084286,76.71
SAFARI,2026-02-10,83197,24513,29.46
SAGARDEEP,2026-02-10,6877,5141,74.76
SAGCEM,2026-02-10,462959,202852,43.82
SAGILITY,2026-02-10,17231555,8712064,50.56
SAHYADRI,2026-02-10,3416,3214,94.09
SAIL,2026-02-10,28657528,12711504,44.36
SAILIFE,2026-02-10,1055977,498440,47.2
SAKAR,2026-02-10,179384,85708,47.78
SAKHTISUG,2026-02-10,126014,83588,66.33
SAKSOFT,2026-02-10,352902,149516,42.37
SAKUMA,2026-02-10,962132,814852,84.69
SALASAR,2026-02-10,6151573,2845640,46.26
SALONA,2026-02-10,509,367,72.1
SALZERELEC,2026-02-10,97030,48591,50.08
SAMBHV,2026-02-10,1084679,495120,45.65
SAMHI,2026-02-10,887070,526622,59.37
SAMMAANCAP,2026-02-10,4596318,2281135,49.63
SAMPANN,2026-02-10,40061,20211,50.45
SANATHAN,2026-02-10,52203,28749,55.07
SANDESH,2026-02-10,457,369,80.74
SANDHAR,2026-02-10,330531,253594,76.72
SANDUMA,2026-02-10,1135697,455778,40.13
SANGAMIND,2026-02-10,13517,6328,46.82
SANGHIIND,2026-02-10,2181154,1214893,55.7
SANGHVIMOV,2026-02-10,234346,118273,50.47
SANGINITA,2026-02-10,1151290,594930,51.68
SANOFI,2026-02-10,21426,11379,53.11
SANOFICONR,2026-02-10,1917,910,47.47
SANSERA,2026-02-10,1463227,402377,27.5
SANSTAR,2026-02-10,351996,198292,56.33
SAPPHIRE,2026-02-10,1372626,267130,19.46
SARDAEN,2026-02-10,432603,163304,37.75
SAREGAMA,2026-02-10,247905,89230,35.99
SARLAPOLY,2026-02-10,395616,192363,48.62
SARVESHWAR,2026-02-10,4664343,2288270,49.06
SASKEN,2026-02-10,120105,83754,69.73
SASTASUNDR,2026-02-10,14240,9934,69.76
SATIA,2026-02-10,70660,33877,47.94
SATIN,2026-02-10,89049,53697,60.3
SAURASHCEM,2026-02-10,69528,47984,69.01
SBC,2026-02-10,10828052,3497966,32.3
SBCL,2026-02-10,98108,48209,49.14
SBFC,2026-02-10,1269654,686786,54.09
SBGLP,2026-02-10,893229,686905,76.9
SBIBPB,2026-02-10,361195,276378,76.52
SBICARD,2026-02-10,830688,506616,60.99
SBIETFCON,2026-02-10,7985,5546,69.46
SBIETFIT,2026-02-10,18450,9195,49.84
SBIETFPB,2026-02-10,6520,4846,74.33
SBIETFQLTY,2026-02-10,131452,128089,97.44
SBILIFE,2026-02-10,570843,304688,53.38
SBILIQETF,2026-02-10,4630,2601,56.18
SBIN,2026-02-10,17280036,10516689,60.86
SBINEQWETF,2026-02-10,26707,20415,76.44
SBISILVER,2026-02-10,3275780,1117020,34.1
SCHAEFFLER,2026-02-10,35705,19900,55.73
SCHAND,2026-02-10,12911,8393,65.01
SCHNEIDER,2026-02-10,335533,148223,44.18
SCI,2026-02-10,39071557,4526354,11.58
SCILAL,2026-02-10,1018993,355921,34.93
SCODATUBES,2026-02-10,84449,39692,47.0
SDBL,2026-02-10,782632,416623,53.23
SDL26BEES,2026-02-10,2413,1838,76.17
SEAMECLTD,2026-02-10,291025,133805,45.98
SECMARK,2026-02-10,3456,2456,71.06
SEJALLTD,2026-02-10,7232,4468,61.78
SELECTIPO,2026-02-10,16996,13787,81.12
SEMAC,2026-02-10,476,211,44.33
SENCO,2026-02-10,1453204,506763,34.87
SENORES,2026-02-10,93173,39217,42.09
SENSEXADD,2026-02-10,233,159,68.24
SENSEXBETA,2026-02-10,2161,1459,67.52
SENSEXETF,2026-02-10,17100,12351,72.23
SENSEXIETF,2026-02-10,11464,6364,55.51
SEPC,2026-02-10,50500521,9615826,19.04
SERVOTECH,2026-02-10,2653407,831319,31.33
SESHAPAPER,2026-02-10,36864,21024,57.03
SETCO,2026-02-10,245553,142459,58.02
SETF10GILT,2026-02-10,15780,13864,87.86
SETFGOLD,2026-02-10,10164182,6552324,64.46
SETFNIF50,2026-02-10,1465976,945367,64.49
SETFNIFBK,2026-02-10,42344,22057,52.09
SETFNN50,2026-02-10,22745,15562,68.42
SETL,2026-02-10,397871,219510,55.17
SFL,2026-02-10,129809,57059,43.96
SGFIN,2026-02-10,104002,62332,59.93
SGIL,2026-02-10,10335,8244,79.77
SGL,2026-02-10,5376,5023,93.43
SGMART,2026-02-10,497814,370893,74.5
SHADOWFAX,2026-02-10,7330989,2460859,33.57
SHAH,2026-02-10,1190352,1015480,85.31
SHAHALLOYS,2026-02-10,6033,4539,75.24
SHAILY,2026-02-10,243095,115922,47.69
SHAKTIPUMP,2026-02-10,678767,240521,35.43
SHALBY,2026-02-10,143782,91054,63.33
SHALPAINTS,2026-02-10,61263,36929,60.28
SHANKARA,2026-02-10,318083,148241,46.6
SHANTI,2026-02-10,33633,22450,66.75
SHANTIGEAR,2026-02-10,12322,6216,50.45
SHANTIGOLD,2026-02-10,4371792,1256335,28.74
SHARDACROP,2026-02-10,235921,99384,42.13
SHARDAMOTR,2026-02-10,23927,12703,53.09
SHAREINDIA,2026-02-10,787842,163734,20.78
SHARIABEES,2026-02-10,8660,4722,54.53
SHEKHAWATI,2026-02-10,16294,13976,85.77
SHEMAROO,2026-02-10,27526,18312,66.53
SHILCTECH,2026-02-10,74637,53468,71.64
SHILPAMED,2026-02-10,1103202,559852,50.75
SHIVALIK,2026-02-10,101709,51660,50.79
SHIVAMAUTO,2026-02-10,43041,28167,65.44
SHIVAMILLS,2026-02-10,4080,2455,60.17
SHIVATEX,2026-02-10,18907,12639,66.85
SHK,2026-02-10,718721,495493,68.94
SHOPERSTOP,2026-02-10,35314,16244,46.0
SHRADHA,2026-02-10,12124,11178,92.2
SHREDIGCEM,2026-02-10,110330,52253,47.36
SHREECEM,2026-02-10,38471,15341,39.88
SHREEJISPG,2026-02-10,2411535,721643,29.92
SHREEPUSHK,2026-02-10,20267,10135,50.01
SHREERAMA,2026-02-10,82181,41663,50.7
SHREYANIND,2026-02-10,43340,32006,73.85
SHRINGARMS,2026-02-10,1700455,401624,23.62
SHRIPISTON,2026-02-10,102490,63670,62.12
SHRIRAMFIN,2026-02-10,4345362,2410048,55.46
SHRIRAMPPS,2026-02-10,446391,193412,43.33
SHYAMMETL,2026-02-10,339147,163719,48.27
SHYAMTEL,2026-02-10,4045,1454,35.95
SIEMENS,2026-02-10,223168,91256,40.89
SIGACHI,2026-02-10,8679378,2193070,25.27
SIGIND,2026-02-10,11108,9734,87.63
SIGMA,2026-02-10,79419,39436,49.66
SIGMAADV,2026-02-10,76022,42829,56.34
SIGNATURE,2026-02-10,366948,50872,13.86
SIGNPOST,2026-02-10,2085083,264150,12.67
SIKKO,2026-02-10,617369,507584,82.22
SIL,2026-02-10,49215,39072,79.39
SILGO,2026-02-10,259254,46935,18.1
SILINV,2026-02-10,1132,838,74.03
SILVER,2026-02-10,3387606,849992,25.09
SILVER1,2026-02-10,1489959,477875,32.07
SILVER360,2026-02-10,129675,42988,33.15
SILVERADD,2026-02-10,550154,287711,52.3
SILVERAG,2026-02-10,703763,304742,43.3
SILVERBEES,2026-02-10,64114549,16348522,25.5
SILVERBETA,2026-02-10,1488602,456202,30.65
SILVERBND,2026-02-10,229995,104925,45.62
SILVERCASE,2026-02-10,21649847,6138315,28.35
SILVERIETF,2026-02-10,7638708,2438864,31.93
SILVERTUC,2026-02-10,63846,16079,25.18
SIMPLEXINF,2026-02-10,54023,26680,49.39
SINCLAIR,2026-02-10,59275,32593,54.99
SINDHUTRAD,2026-02-10,2712393,1227598,45.26
SINTERCOM,2026-02-10,52672,51525,97.82
SIRCA,2026-02-10,278768,44901,16.11
SIS,2026-02-10,60590,36590,60.39
SIYSIL,2026-02-10,78601,43469,55.3
SJS,2026-02-10,89731,43614,48.61
SJVN,2026-02-10,3603081,1766868,49.04
SKFINDIA,2026-02-10,30804,15155,49.2
SKFINDUS,2026-02-10,6818,3526,51.72
SKIPPER,2026-02-10,179483,86509,48.2
SKMEGGPROD,2026-02-10,190622,86137,45.19
SKYGOLD,2026-02-10,2128173,918465,43.16
SMALL250,2026-02-10,250750,200150,79.82
SMALLADD,2026-02-10,36848,23344,63.35
SMALLCAP,2026-02-10,1789752,1085410,60.65
SMARTLINK,2026-02-10,7411,6563,88.56
SMARTWORKS,2026-02-10,37936,22983,60.58
SMCGLOBAL,2026-02-10,956691,380895,39.81
SML100CASE,2026-02-10,1004435,786492,78.3
SMLMAH,2026-02-10,238269,102620,43.07
SMLT,2026-02-10,61845,15481,25.03
SMSPHARMA,2026-02-10,109056,55475,50.87
SNOWMAN,2026-02-10,442639,246397,55.67
SNXT30BEES,2026-02-10,9115,8003,87.8
SNXT50BETA,2026-02-10,4109,2932,71.36
SOBHA,2026-02-10,79455,37593,47.31
SOFTTECH,2026-02-10,3226,2410,74.71
SOLARA,2026-02-10,151423,54084,35.72
SOLARINDS,2026-02-10,72552,22967,31.66
SOLARWORLD,2026-02-10,232581,131619,56.59
SOLEX,2026-02-10,89211,29972,33.6
SOMANYCERA,2026-02-10,259156,210228,81.12
SOMICONVEY,2026-02-10,148898,65293,43.85
SONACOMS,2026-02-10,1224152,614446,50.19
SONAMLTD,2026-02-10,31490,18890,59.99
SONATSOFTW,2026-02-10,446003,192115,43.07
SOTL,2026-02-10,19313,12684,65.68
SOUTHBANK,2026-02-10,10444731,4118671,39.43
SPAL,2026-02-10,117810,43593,37.0
SPANDANA,2026-02-10,179740,100561,55.95
SPARC,2026-02-10,766919,256192,33.41
SPCENET,2026-02-10,3874298,2880765,74.36
SPECIALITY,2026-02-10,47235,37022,78.38
SPECTRUM,2026-02-10,1048,543,51.81
SPENCERS,2026-02-10,63248,37322,59.01
SPIC,2026-02-10,384608,203454,52.9
SPLIL,2026-02-10,10136,6317,62.32
SPLPETRO,2026-02-10,35544,17503,49.24
SPMLINFRA,2026-02-10,467714,214690,45.9
SPORTKING,2026-02-10,408726,216656,53.01
SRD,2026-02-10,38535,21228,55.09
SREEL,2026-02-10,11414,9695,84.94
SRF,2026-02-10,220571,118059,53.52
SRGHFL,2026-02-10,1177,1119,95.07
SRHHYPOLTD,2026-02-10,16311,10775,66.06
SRM,2026-02-10,234895,110874,47.2
SSDL,2026-02-10,45236,24788,54.8
SSWL,2026-02-10,220594,133574,60.55
STALLION,2026-02-10,1420079,787230,55.44
STANLEY,2026-02-10,5049765,484957,9.6
STAR,2026-02-10,271067,120652,44.51
STARCEMENT,2026-02-10,561751,223843,39.85
STARHEALTH,2026-02-10,331078,207546,62.69
STARPAPER,2026-02-10,14803,9254,62.51
STARTECK,2026-02-10,8488,412,4.85
STCINDIA,2026-02-10,48459,24387,50.33
STEELCAS,2026-02-10,29390,15206,51.74
STEELCITY,2026-02-10,8941,7465,83.49
STEELXIND,2026-02-10,695247,510131,73.37
STEL,2026-02-10,4147,2694,64.96
STERTOOLS,2026-02-10,50054,29743,59.42
STLNETWORK,2026-02-10,5347890,2420537,45.26
STLTECH,2026-02-10,50208737,6560928,13.07
STOVEKRAFT,2026-02-10,131717,105882,80.39
STUDDS,2026-02-10,46208,26041,56.36
STYL,2026-02-10,103907,57337,55.18
STYLAMIND,2026-02-10,54551,41553,76.17
STYLEBAAZA,2026-02-10,1043076,450030,43.14
STYRENIX,2026-02-10,50941,24776,48.64
SUBEXLTD,2026-02-10,3979992,1817814,45.67
SUBROS,2026-02-10,37214,18150,48.77
SUDARCOLOR,2026-02-10,10264,6516,63.48
SUDARSCHEM,2026-02-10,46661,22500,48.22
SUDEEPPHRM,2026-02-10,52939,27885,52.67
SUKHJITS,2026-02-10,8407,4732,56.29
SULA,2026-02-10,325955,164213,50.38
SUMEETINDS,2026-02-10,132655,83774,63.15
SUMICHEM,2026-02-10,309994,172930,55.78
SUMIT,2026-02-10,150284,118707,78.99
SUMMITSEC,2026-02-10,5073,2842,56.02
SUNCLAY,2026-02-10,19587,10816,55.22
SUNDARAM,2026-02-10,334628,277351,82.88
SUNDARMFIN,2026-02-10,48859,22959,46.99
SUNDRMBRAK,2026-02-10,1602,916,57.18
SUNDRMFAST,2026-02-10,34840,21461,61.6
SUNDROP,2026-02-10,12114,6798,56.12
SUNFLAG,2026-02-10,121342,56123,46.25
SUNPHARMA,2026-02-10,1869988,1396481,74.68
SUNTECK,2026-02-10,98866,46945,47.48
SUNTV,2026-02-10,3137958,912030,29.06
SUPERHOUSE,2026-02-10,8601,4274,49.69
SUPERSPIN,2026-02-10,84259,77817,92.35
SUPRAJIT,2026-02-10,356799,129043,36.17
SUPREME,2026-02-10,236660,70018,29.59
SUPREMEIND,2026-02-10,439128,221370,50.41
SUPRIYA,2026-02-10,309980,139277,44.93
SURAJEST,2026-02-10,211328,44304,20.96
SURAJLTD,2026-02-10,523,357,68.26
SURAKSHA,2026-02-10,16003,9678,60.48
SURANASOL,2026-02-10,47948,38185,79.64
SURANAT&P,2026-02-10,93310,53217,57.03
SURYALAXMI,2026-02-10,6973,5524,79.22
SURYAROSNI,2026-02-10,1255831,709335,56.48
SURYODAY,2026-02-10,58698,30349,51.7
SUTLEJTEX,2026-02-10,46633,28425,60.95
SUVEN,2026-02-10,148601,99607,67.03
SUVIDHAA,2026-02-10,117468,100749,85.77
SUYOG,2026-02-10,25625,16725,65.27
SUZLON,2026-02-10,40362194,18273877,45.27
SVLL,2026-02-10,416,296,71.15
SWANCORP,2026-02-10,574624,253329,44.09
SWARAJENG,2026-02-10,29095,16696,57.38
SWELECTES,2026-02-10,13630,6626,48.61
SWIGGY,2026-02-10,31081429,13410545,43.15
SWSOLAR,2026-02-10,3282448,1081520,32.95
SYMPHONY,2026-02-10,49612,28212,56.87
SYNCOMF,2026-02-10,1740176,880740,50.61
SYNGENE,2026-02-10,1212306,669959,55.26
SYRMA,2026-02-10,809307,291179,35.98
SYSTMTXC,2026-02-10,417559,359394,86.07
TAINWALCHM,2026-02-10,72922,29720,40.76
TAJGVK,2026-02-10,254768,100193,39.33
TALBROAUTO,2026-02-10,90090,39446,43.79
TANLA,2026-02-10,352039,138113,39.23
TARACHAND,2026-02-10,127385,76254,59.86
TARAPUR,2026-02-10,18530,13749,74.2
TARC,2026-02-10,1466154,543971,37.1
TARIL,2026-02-10,7936809,1536923,19.36
TARMAT,2026-02-10,4350,2992,68.78
TARSONS,2026-02-10,171484,108640,63.35
TASTYBITE,2026-02-10,6602,2749,41.64
TATACAP,2026-02-10,2242653,1489513,66.42
TATACHEM,2026-02-10,807629,263272,32.6
TATACOMM,2026-02-10,507715,165564,32.61
TATACONSUM,2026-02-10,978264,619622,63.34
TATAELXSI,2026-02-10,213253,66167,31.03
TATAGOLD,2026-02-10,94172550,41974995,44.57
TATAINVEST,2026-02-10,1069358,268994,25.15
TATAPOWER,2026-02-10,1910161,741021,38.79
TATASTEEL,2026-02-10,82443790,29304576,35.54
TATATECH,2026-02-10,1054949,336494,31.9
TATSILV,2026-02-10,155225295,41772636,26.91
TATVA,2026-02-10,37920,18582,49.0
TBOTEK,2026-02-10,63009,27320,43.36
TBZ,2026-02-10,1241513,388973,31.33
TCI,2026-02-10,20768,9669,46.56
TCIEXP,2026-02-10,13045,9090,69.68
TCPLPACK,2026-02-10,101806,17134,16.83
TCS,2026-02-10,3547763,2015776,56.82
TDPOWERSYS,2026-02-10,4348735,1288371,29.63
TEAMGTY,2026-02-10,602,453,75.25
TEAMLEASE,2026-02-10,17949,9639,53.7
TECH,2026-02-10,143734,94736,65.91
TECHM,2026-02-10,1527966,760228,49.75
TECHNOE,2026-02-10,201397,105963,52.61
TECILCHEM,2026-02-10,6116,4390,71.78
TEGA,2026-02-10,44347,21854,49.28
TEJASNET,2026-02-10,1262879,410144,32.48
TEMBO,2026-02-10,61964,30027,48.46
TENNIND,2026-02-10,771304,243295,31.54
TERASOFT,2026-02-10,36750,25505,69.4
TEXINFRA,2026-02-10,85066,38112,44.8
TEXMOPIPES,2026-02-10,24946,16462,65.99
TEXRAIL,2026-02-10,2348817,1074362,45.74
TFCILTD,2026-02-10,5132685,2337724,45.55
TFL,2026-02-10,14202,10833,76.28
TGBHOTELS,2026-02-10,26182,17711,67.65
THANGAMAYL,2026-02-10,135280,34766,25.7
THEINVEST,2026-02-10,16150,10081,62.42
THEJO,2026-02-10,19043,12267,64.42
THELEELA,2026-02-10,269768,138832,51.46
THEMISMED,2026-02-10,68111,36156,53.08
THERMAX,2026-02-10,60500,34695,57.35
THOMASCOOK,2026-02-10,799928,401535,50.2
THOMASCOTT,2026-02-10,11675,6206,53.16
THYROCARE,2026-02-10,205255,86880,42.33
TI,2026-02-10,866024,639610,73.86
TIGERLOGS,2026-02-10,67449,44775,66.38
TIIL,2026-02-10,8361,4048,48.42
TIINDIA,2026-02-10,1362296,977894,71.78
TIL,2026-02-10,21594,13307,61.62
TIMETECHNO,2026-02-10,3608546,903337,25.03
TIMKEN,2026-02-10,44507,20790,46.71
TINNARUBR,2026-02-10,180043,34923,19.4
TIPSFILMS,2026-02-10,1391,1286,92.45
TIPSMUSIC,2026-02-10,124149,52397,42.2
TIRUMALCHM,2026-02-10,143942,70372,48.89
TIRUPATIFL,2026-02-10,428867,239309,55.8
TITAGARH,2026-02-10,439830,148446,33.75
TITAN,2026-02-10,1713633,764856,44.63
TMB,2026-02-10,760388,325158,42.76
TMCV,2026-02-10,4679330,2581946,55.18
TMPV,2026-02-10,8921719,4726337,52.98
TNIDETF,2026-02-10,49195,34734,70.6
TNPETRO,2026-02-10,96290,68535,71.18
TNPL,2026-02-10,143805,71426,49.67
TNTELE,2026-02-10,38420,24514,63.81
TOKYOPLAST,2026-02-10,1439,1222,84.92
TOLINS,2026-02-10,184695,123143,66.67
TOP100CASE,2026-02-10,896029,779436,86.99
TOP10ADD,2026-02-10,27113,20511,75.65
TOP15IETF,2026-02-10,37338,30882,82.71
TOP20,2026-02-10,69244,54534,78.76
TORNTPHARM,2026-02-10,192731,100425,52.11
TORNTPOWER,2026-02-10,1320083,418988,31.74
TOTAL,2026-02-10,1712,1315,76.81
TOUCHWOOD,2026-02-10,4620,3672,79.48
TPHQ,2026-02-10,1119220,794964,71.03
TPLPLASTEH,2026-02-10,107903,43055,39.9
TRACXN,2026-02-10,3720203,1287367,34.6
TRANSRAILL,2026-02-10,425439,154572,36.33
TRANSWORLD,2026-02-10,11158,4908,43.99
TRAVELFOOD,2026-02-10,78658,64823,82.41
TREEHOUSE,2026-02-10,51638,37399,72.43
TREL,2026-02-10,146417,108466,74.08
TRENT,2026-02-10,649920,366836,56.44
TRF,2026-02-10,14026,5491,39.15
TRIDENT,2026-02-10,16732093,5274798,31.53
TRIGYN,2026-02-10,29781,21887,73.49
TRITURBINE,2026-02-10,1113644,729611,65.52
TRIVENI,2026-02-10,361747,205749,56.88
TRU,2026-02-10,59350,50271,84.7
TRUALT,2026-02-10,236200,132019,55.89
TSFINV,2026-02-10,93287,38144,40.89
TTKHLTCARE,2026-02-10,3820,2751,72.02
TTKPRESTIG,2026-02-10,11037,7484,67.81
TTL,2026-02-10,213360,135903,63.7
TTML,2026-02-10,7082897,1495026,21.11
TVSHLTD,2026-02-10,3806,2056,54.02
TVSMOTOR,2026-02-10,816771,540668,66.2
TVSSCS,2026-02-10,606831,293945,48.44
TVSSRICHAK,2026-02-10,8853,4713,53.24
TVTODAY,2026-02-10,120643,55999,46.42
TWCGOLDETF,2026-02-10,21231,17092,80.5
UBL,2026-02-10,158265,63027,39.82
UCAL,2026-02-10,29253,16439,56.2
UCOBANK,2026-02-10,8337562,4396562,52.73
UDS,2026-02-10,480934,225639,46.92
UEL,2026-02-10,6568,6568,100.0
UFBL,2026-02-10,81931,52137,63.64
UFLEX,2026-02-10,24900,16274,65.36
UFO,2026-02-10,57091,28386,49.72
UGARSUGAR,2026-02-10,99109,62076,62.63
UGROCAP,2026-02-10,456438,250246,54.83
UJJIVANSFB,2026-02-10,7926958,4585077,57.84
ULTRACEMCO,2026-02-10,167157,92365,55.26
UMAEXPORTS,2026-02-10,132624,35645,26.88
UMESLTD,2026-02-10,17946,12436,69.3
UMIYA-MRO,2026-02-10,17691,9126,51.59
UNICHEMLAB,2026-02-10,46710,26380,56.48
UNIDT,2026-02-10,6939,3431,49.45
UNIECOM,2026-02-10,365460,189759,51.92
UNIENTER,2026-02-10,7016,3525,50.24
UNIINFO,2026-02-10,1285,922,71.75
UNIMECH,2026-02-10,47229,24566,52.01
UNIONBANK,2026-02-10,8405977,4138365,49.23
UNIONGOLD,2026-02-10,20683,5805,28.07
UNIPARTS,2026-02-10,480573,168057,34.97
UNITDSPR,2026-02-10,309157,174623,56.48
UNITECH,2026-02-10,32058656,11844308,36.95
UNITEDTEA,2026-02-10,6392,4794,75.0
UNIVASTU,2026-02-10,33446,17910,53.55
UNIVCABLES,2026-02-10,58641,35432,60.42
UNIVPHOTO,2026-02-10,931,665,71.43
UNOMINDA,2026-02-10,850875,457372,53.75
UPL,2026-02-10,1977229,1177082,59.53
URAVIDEF,2026-02-10,14619,5449,37.27
URBANCO,2026-02-10,3353115,1894170,56.49
URJA,2026-02-10,1420744,618218,43.51
USHAMART,2026-02-10,495125,281948,56.94
USK,2026-02-10,113172,73699,65.12
UTIAMC,2026-02-10,85430,34270,40.11
UTKARSHBNK,2026-02-10,4567162,2418888,52.96
UTLSOLAR,2026-02-10,319489,220176,68.92
UTTAMSUGAR,2026-02-10,53634,26639,49.67
V2RETAIL,2026-02-10,77126,48502,62.89
VADILALIND,2026-02-10,81325,25246,31.04
VAIBHAVGBL,2026-02-10,1466722,579791,39.53
VAISHALI,2026-02-10,70041,46035,65.73
VAKRANGEE,2026-02-10,3692317,2405759,65.16
VAL30IETF,2026-02-10,328224,184157,56.11
VALIANTLAB,2026-02-10,23487,16502,70.26
VALIANTORG,2026-02-10,35272,18652,52.88
VARDHACRLC,2026-02-10,11612,7451,64.17
VARDMNPOLY,2026-02-10,728723,477962,65.59
VARROC,2026-02-10,91525,38369,41.92
VASCONEQ,2026-02-10,691837,287908,41.62
VASWANI,2026-02-10,295077,142779,48.39
VBL,2026-02-10,5289731,2853025,53.94
VEDL,2026-02-10,10605218,4935338,46.54
VEEDOL,2026-02-10,16143,8194,50.76
VENKEYS,2026-02-10,368218,90965,24.7
VENTIVE,2026-02-10,97328,54355,55.85
VENUSPIPES,2026-02-10,66940,31765,47.45
VERANDA,2026-02-10,147761,82094,55.56
VERTOZ,2026-02-10,187054,73585,39.34
VESUVIUS,2026-02-10,353951,102433,28.94
VETO,2026-02-10,27769,19769,71.19
VGL,2026-02-10,38586,16772,43.47
VGUARD,2026-02-10,353902,157534,44.51
VHL,2026-02-10,846,586,69.27
VIDHIING,2026-02-10,8829,5509,62.4
VIDYAWIRES,2026-02-10,951306,444120,46.69
VIJAYA,2026-02-10,74241,33170,44.68
VIJIFIN,2026-02-10,1018358,863496,84.79
VIKASECO,2026-02-10,1835757,916212,49.91
VIKASLIFE,2026-02-10,3287466,1739483,52.91
VIKRAMSOLR,2026-02-10,1565736,552915,35.31
VIKRAN,2026-02-10,2385831,1285995,53.9
VIMTALABS,2026-02-10,374521,86806,23.18
VINATIORGA,2026-02-10,55688,40696,73.08
VINCOFE,2026-02-10,1471462,253153,17.2
VINDHYATEL,2026-02-10,23417,11261,48.09
VINEETLAB,2026-02-10,105198,69550,66.11
VINNY,2026-02-10,449729,266971,59.36
VINYLINDIA,2026-02-10,11979,6454,53.88
VIPCLOTHNG,2026-02-10,212873,135063,63.45
VIPIND,2026-02-10,420749,193317,45.95
VIRINCHI,2026-02-10,57976,36277,62.57
VISAKAIND,2026-02-10,113573,73854,65.03
VISASTEEL,2026-02-10,21969,18672,84.99
VISHNU,2026-02-10,59094,34100,57.7
VISHWARAJ,2026-02-10,775218,613382,79.12
VIVIDHA,2026-02-10,336935,296297,87.94
VIVIMEDLAB,2026-02-10,1224439,870766,71.12
VIYASH,2026-02-10,532524,294518,55.31
VLEGOV,2026-02-10,536698,383609,71.48
VLSFINANCE,2026-02-10,12558,8997,71.64
VMART,2026-02-10,158080,86370,54.64
VMM,2026-02-10,9315434,5125999,55.03
VMSTMT,2026-02-10,74160,36594,49.34
VOLTAMP,2026-02-10,41648,17481,41.97
VOLTAS,2026-02-10,1416129,764991,54.02
VPRPL,2026-02-10,2414596,867006,35.91
VRAJ,2026-02-10,14985,10524,70.23
VRLLOG,2026-02-10,391923,266992,68.12
VSSL,2026-02-10,16476,7997,48.54
VSTIND,2026-02-10,125090,70208,56.13
VSTL,2026-02-10,14599,10039,68.76
VSTTILLERS,2026-02-10,13489,6900,51.15
VTL,2026-02-10,781952,211367,27.03
WAAREEENER,2026-02-10,1075296,333144,30.98
WAAREERTL,2026-02-10,250596,95663,38.17
WABAG,2026-02-10,378998,197867,52.21
WAKEFIT,2026-02-10,9482885,2051897,21.64
WALCHANNAG,2026-02-10,419773,200617,47.79
WANBURY,2026-02-10,158033,107396,67.96
WCIL,2026-02-10,140897,75741,53.76
WEALTH,2026-02-10,16877,6683,39.6
WEBELSOLAR,2026-02-10,3592815,1390022,38.69
WEIZMANIND,2026-02-10,1678,1294,77.12
WEL,2026-02-10,56346,29539,52.42
WELCORP,2026-02-10,242838,126900,52.26
WELENT,2026-02-10,427100,283534,66.39
WELINV,2026-02-10,961,529,55.05
WELSPUNLIV,2026-02-10,7572284,2879344,38.02
WENDT,2026-02-10,3389,2175,64.18
WESTLIFE,2026-02-10,337093,55243,16.39
WEWIN,2026-02-10,6268,5524,88.13
WEWORK,2026-02-10,51557,28882,56.02
WHEELS,2026-02-10,28194,16856,59.79
WHIRLPOOL,2026-02-10,398711,129188,32.4
WILLAMAGOR,2026-02-10,298,268,89.93
WINDLAS,2026-02-10,26618,14335,53.85
WINDMACHIN,2026-02-10,43191,17754,41.11
WIPL,2026-02-10,2287,1742,76.17
WIPRO,2026-02-10,12435622,5401805,43.44
WOCKPHARMA,2026-02-10,2152371,479760,22.29
WONDERLA,2026-02-10,50520,19961,39.51
WORTHPERI,2026-02-10,10426,8506,81.58
WSI,2026-02-10,120229,34458,28.66
WSTCSTPAPR,2026-02-10,66876,44173,66.05
XCHANGING,2026-02-10,109582,57288,52.28
XELPMOC,2026-02-10,15459,10271,66.44
XPROINDIA,2026-02-10,8792,5646,64.22
XTGLOBAL,2026-02-10,14551,9699,66.66
YASHO,2026-02-10,13033,7207,55.3
YATHARTH,2026-02-10,376992,179983,47.74
YATRA,2026-02-10,526648,282537,53.65
YESBANK,2026-02-10,54079341,25184687,46.57
YUKEN,2026-02-10,4697,3315,70.58
ZAGGLE,2026-02-10,2102227,930313,44.25
ZEEL,2026-02-10,7560819,3189319,42.18
ZEELEARN,2026-02-10,720094,629996,87.49
ZEEMEDIA,2026-02-10,6412003,3516632,54.84
ZENITHEXPO,2026-02-10,670,306,45.67
ZENITHSTL,2026-02-10,102654,92044,89.66
ZENSARTECH,2026-02-10,243299,110402,45.38
ZENTEC,2026-02-10,356588,138908,38.95
ZFCVINDIA,2026-02-10,6678,2867,42.93
ZIMLAB,2026-02-10,124328,78968,63.52
ZODIAC,2026-02-10,242552,61100,25.19
ZODIACLOTH,2026-02-10,3294,2348,71.28
ZOTA,2026-02-10,76159,39957,52.47
ZUARI,2026-02-10,142261,74155,52.13
ZUARIIND,2026-02-10,50053,27496,54.93
ZYDUSLIFE,2026-02-10,2273207,756641,33.29
ZYDUSWELL,2026-02-10,160190,77356,48.29
