Symbol,Date,TotalVolume,DeliveryQty,DeliveryPct
20MICRONS,2026-07-27,151604,49942,32.94
21STCENMGM,2026-07-27,4700,4700,100.0
360ONE,2026-07-27,928617,548118,59.03
3BBLACKBIO,2026-07-27,9178,4974,54.19
3IINFOLTD,2026-07-27,1627856,864729,53.12
3MINDIA,2026-07-27,1279,602,47.07
3PLAND,2026-07-27,5697,2684,47.11
5PAISA,2026-07-27,34073,20152,59.14
63MOONS,2026-07-27,227517,99099,43.56
A2ZINFRA,2026-07-27,290010,221579,76.4
AAATECH,2026-07-27,4946,1951,39.45
AADHARHFC,2026-07-27,223206,126835,56.82
AAKASH,2026-07-27,102950,64242,62.4
AARNAV,2026-07-27,164190,66050,40.23
AARON,2026-07-27,476997,89051,18.67
AARTIDRUGS,2026-07-27,83432,45480,54.51
AARTIIND,2026-07-27,357510,152781,42.73
AARTIPHARM,2026-07-27,105041,54639,52.02
AARTISURF,2026-07-27,23122,12418,53.71
AARVI,2026-07-27,16612,6560,39.49
AASTHA,2026-07-27,10078967,596612,5.92
AAVAS,2026-07-27,20553,10091,49.1
ABB,2026-07-27,370848,171781,46.32
ABBOTINDIA,2026-07-27,6597,3440,52.14
ABCAPITAL,2026-07-27,1675500,743366,44.37
ABCOTS,2026-07-27,2750,1512,54.98
ABDL,2026-07-27,246389,108268,43.94
ABFRL,2026-07-27,2012834,879187,43.68
ABGSEC,2026-07-27,44,44,100.0
ABINFRA,2026-07-27,379560,130328,34.34
ABLBL,2026-07-27,287808,157113,54.59
ABMINTLLTD,2026-07-27,2935,1768,60.24
ABMKNO,2026-07-27,620,392,63.23
ABREL,2026-07-27,93552,33942,36.28
ABSL10BANK,2026-07-27,11415,11244,98.5
ABSLAMC,2026-07-27,469490,226121,48.16
ABSLBANETF,2026-07-27,18454,12396,67.17
ABSLLIQUID,2026-07-27,1207,1150,95.28
ABSLMSCIN,2026-07-27,1355,1355,100.0
ABSLNN50ET,2026-07-27,5537,4058,73.29
ABSLPSE,2026-07-27,41417,34098,82.33
ACC,2026-07-27,206361,73351,35.54
ACCELYA,2026-07-27,21267,12506,58.8
ACE,2026-07-27,716079,279922,39.09
ACEINTEG,2026-07-27,306,211,68.95
ACI,2026-07-27,261051,131440,50.35
ACL,2026-07-27,71611,32042,44.74
ACMESOLAR,2026-07-27,2262264,1078717,47.68
ACSTECH,2026-07-27,222692,166995,74.99
ACUTAAS,2026-07-27,526067,170335,32.38
ADANIENSOL,2026-07-27,2632783,1342405,50.99
ADANIENT,2026-07-27,636870,165620,26.01
ADANIGREEN,2026-07-27,1695918,486300,28.67
ADANIPORTS,2026-07-27,2266975,1444861,63.74
ADANIPOWER,2026-07-27,14546955,5253501,36.11
ADFFOODS,2026-07-27,196201,84085,42.86
ADL,2026-07-27,146,138,94.52
ADOR,2026-07-27,41485,22117,53.31
ADROITINFO,2026-07-27,35328,23075,65.32
ADSL,2026-07-27,167478,74392,44.42
ADVAIT,2026-07-27,32104,16935,52.75
ADVANCE,2026-07-27,136656,93784,68.63
ADVANIHOTR,2026-07-27,28086,9334,33.23
ADVENTHTL,2026-07-27,619826,222798,35.95
ADVENZYMES,2026-07-27,185177,104838,56.62
AEGISLOG,2026-07-27,1130343,393232,34.79
AEGISVOPAK,2026-07-27,3083157,1216909,39.47
AEPL,2026-07-27,4688,4443,94.77
AEQUS,2026-07-27,1793039,748460,41.74
AEROENTER,2026-07-27,502369,224605,44.71
AEROFLEX,2026-07-27,1478407,612988,41.46
AERONEU,2026-07-27,41956,8209,19.57
AEROPLANE,2026-07-27,351325,222599,63.36
AETHER,2026-07-27,224382,103042,45.92
AFCONS,2026-07-27,271429,141684,52.2
AFFLE,2026-07-27,159012,66186,41.62
AFIL,2026-07-27,606017,344774,56.89
AFSL,2026-07-27,20213,13498,66.78
AGARIND,2026-07-27,27672,15524,56.1
AGARWALEYE,2026-07-27,114369,79843,69.81
AGI,2026-07-27,273122,122386,44.81
AGIIL,2026-07-27,794976,147563,18.56
AGL,2026-07-27,2310534,1801953,77.99
AGROPHOS,2026-07-27,6909,6421,92.94
AHCL,2026-07-27,5852235,2804772,47.93
AHLADA,2026-07-27,24231,14538,60.0
AHLEAST,2026-07-27,5777,3974,68.79
AHLUCONT,2026-07-27,25094,12762,50.86
AIAENG,2026-07-27,70317,42351,60.23
AIIL,2026-07-27,283202,116274,41.06
AIRAN,2026-07-27,65571,55085,84.01
AIROLAM,2026-07-27,309,272,88.03
AJANTPHARM,2026-07-27,81968,42481,51.83
AJAXENGG,2026-07-27,35689,17615,49.36
AJMERA,2026-07-27,281078,142054,50.54
AJOONI,2026-07-27,341800,241464,70.64
AKASH,2026-07-27,8450,7038,83.29
AKCAPIT,2026-07-27,607,525,86.49
AKG,2026-07-27,34939,9879,28.27
AKI,2026-07-27,72212,55215,76.46
AKSHAR,2026-07-27,770271,727347,94.43
AKUMS,2026-07-27,178763,86618,48.45
ALANKIT,2026-07-27,65841,51907,78.84
ALBERTDAVD,2026-07-27,1714,1128,65.81
ALEMBICLTD,2026-07-27,223367,120295,53.86
ALGOQUANT,2026-07-27,1276401,318773,24.97
ALICON,2026-07-27,41877,26332,62.88
ALIVUS,2026-07-27,59581,28002,47.0
ALKEM,2026-07-27,112113,64114,57.19
ALKYLAMINE,2026-07-27,50513,20286,40.16
ALLCARGO,2026-07-27,2633753,1219935,46.32
ALLDIGI,2026-07-27,103621,54497,52.59
ALLTIME,2026-07-27,33287,16009,48.09
ALMONDZ,2026-07-27,37496,30807,82.16
ALOKINDS,2026-07-27,2353541,1344114,57.11
ALPA,2026-07-27,19033,7486,39.33
ALPHA,2026-07-27,1376218,769887,55.94
ALPHAETF,2026-07-27,300245,187622,62.49
ALPHAGEO,2026-07-27,4114,2071,50.34
ALPL30IETF,2026-07-27,136783,82110,60.03
AMAGI,2026-07-27,231373,55956,24.18
AMBALALSA,2026-07-27,58849,40991,69.65
AMBER,2026-07-27,171342,53061,30.97
AMBICAAGAR,2026-07-27,2845,2493,87.63
AMBIKCO,2026-07-27,3539,2247,63.49
AMBUJACEM,2026-07-27,1140841,381963,33.48
AMDIND,2026-07-27,33076,18818,56.89
AMJLAND,2026-07-27,9066,5847,64.49
AMNPLST,2026-07-27,7794,3000,38.49
AMRUTANJAN,2026-07-27,67931,45219,66.57
ANANDRATHI,2026-07-27,110241,55573,50.41
ANANTRAJ,2026-07-27,4640775,2045872,44.08
ANDHRAPAP,2026-07-27,472813,271882,57.5
ANDHRSUGAR,2026-07-27,345153,175844,50.95
ANGELONE,2026-07-27,7603595,3520054,46.29
ANIKINDS,2026-07-27,14299,8904,62.27
ANMOL,2026-07-27,39972,31316,78.34
ANTELOPUS,2026-07-27,138813,68105,49.06
ANTGRAPHIC,2026-07-27,138013,127230,92.19
ANTHEM,2026-07-27,527906,339018,64.22
ANUHPHR,2026-07-27,27827,17753,63.8
ANUP,2026-07-27,11690,7411,63.4
ANURAS,2026-07-27,145811,102313,70.17
AONEGOLD,2026-07-27,221136,112118,50.7
AONELIQUID,2026-07-27,7573,3797,50.14
AONENIFTY,2026-07-27,104928,78933,75.23
AONESILVER,2026-07-27,531136,304438,57.32
AONETMMQ50,2026-07-27,73842,63372,85.82
AONETOTAL,2026-07-27,164774,106263,64.49
APARINDS,2026-07-27,193959,43912,22.64
APCL,2026-07-27,2369,1518,64.08
APCOTEXIND,2026-07-27,278947,135259,48.49
APEX,2026-07-27,60966,27832,45.65
APLAPOLLO,2026-07-27,282780,149680,52.93
APLLTD,2026-07-27,50274,24905,49.54
APOLLO,2026-07-27,3984153,1034821,25.97
APOLLOHOSP,2026-07-27,135186,72686,53.77
APOLLOPIPE,2026-07-27,116605,53901,46.23
APOLLOTYRE,2026-07-27,529821,261377,49.33
APOLSINHOT,2026-07-27,535,402,75.14
APTUS,2026-07-27,410392,208896,50.9
AQYLON,2026-07-27,776545,367474,47.32
ARCHIDPLY,2026-07-27,10904,8726,80.03
ARCHIES,2026-07-27,5341,3125,58.51
ARE&M,2026-07-27,273424,139218,50.92
ARENTERP,2026-07-27,54339,14490,26.67
ARFIN,2026-07-27,1762784,273203,15.5
ARIES,2026-07-27,10356,7459,72.03
ARIHANT,2026-07-27,7647,4690,61.33
ARIHANTCAP,2026-07-27,1279834,507261,39.63
ARIHANTSUP,2026-07-27,2030,1308,64.43
ARIS,2026-07-27,1090248,391691,35.93
ARKADE,2026-07-27,228642,67562,29.55
ARMANFIN,2026-07-27,40012,22794,56.97
AROGRANITE,2026-07-27,14513,8365,57.64
ARSSBL,2026-07-27,94216,50390,53.48
ARTEMISMED,2026-07-27,142749,85256,59.72
ARTNIRMAN,2026-07-27,599,562,93.82
ARVEE,2026-07-27,46,42,91.3
ARVIND,2026-07-27,404881,192004,47.42
ARVINDFASN,2026-07-27,130445,59916,45.93
ARVSMART,2026-07-27,18714,11052,59.06
ASAHIINDIA,2026-07-27,119814,73831,61.62
ASAHISONG,2026-07-27,248295,118384,47.68
ASAL,2026-07-27,46710,21472,45.97
ASALCBR,2026-07-27,77400,38646,49.93
ASHAPURMIN,2026-07-27,522020,248894,47.68
ASHIANA,2026-07-27,49299,19695,39.95
ASHIKAG,2026-07-27,991103,702477,70.88
ASHIMASYN,2026-07-27,567851,195059,34.35
ASHOKA,2026-07-27,680173,244398,35.93
ASHOKAMET,2026-07-27,7014,5167,73.67
ASHOKLEY,2026-07-27,9544585,5087018,53.3
ASIANENE,2026-07-27,1432312,454213,31.71
ASIANHOTNR,2026-07-27,9876,4410,44.65
ASIANPAINT,2026-07-27,715239,271777,38.0
ASIANTILES,2026-07-27,15658699,1709428,10.92
ASKAUTOLTD,2026-07-27,327078,178357,54.53
ASPINWALL,2026-07-27,1339,1105,82.52
ASTAR,2026-07-27,17,8,47.06
ASTEC,2026-07-27,8266,4450,53.83
ASTERDM,2026-07-27,485747,314690,64.78
ASTRAL,2026-07-27,385986,131852,34.16
ASTRAMICRO,2026-07-27,270091,114472,42.38
ASTRAZEN,2026-07-27,6363,3521,55.34
ATALREAL,2026-07-27,7529736,1828119,24.28
ATAM,2026-07-27,8034,2218,27.61
ATGL,2026-07-27,671241,193844,28.88
ATHERENERG,2026-07-27,1911132,615789,32.22
ATL,2026-07-27,152896,89460,58.51
ATLANTAA,2026-07-27,27048,12443,46.0
ATLANTAELE,2026-07-27,111916,57688,51.55
ATLASCYCLE,2026-07-27,10387,8229,79.22
ATUL,2026-07-27,328187,86818,26.45
ATULAUTO,2026-07-27,51508,25971,50.42
AUBANK,2026-07-27,5047131,2173580,43.07
AURIONPRO,2026-07-27,101294,49047,48.42
AUROPHARMA,2026-07-27,850225,440070,51.76
AURUM,2026-07-27,162652,79512,48.88
AURUS,2026-07-27,16484,13391,81.24
AUTOAXLES,2026-07-27,6712,4006,59.68
AUTOBEES,2026-07-27,233833,137875,58.96
AUTOIETF,2026-07-27,594311,404134,68.0
AVADHSUGAR,2026-07-27,32832,15935,48.53
AVALON,2026-07-27,278018,106850,38.43
AVANTEL,2026-07-27,879462,309337,35.17
AVANTIFEED,2026-07-27,313085,121759,38.89
AVL,2026-07-27,61129,28537,46.68
AVONMORE,2026-07-27,98601,76071,77.15
AVROIND,2026-07-27,393381,220555,56.07
AVTNPL,2026-07-27,28276,17648,62.41
AWFIS,2026-07-27,771559,182386,23.64
AWHCL,2026-07-27,36238,17468,48.2
AWL,2026-07-27,790854,372954,47.16
AXISBANK,2026-07-27,5967502,4070389,68.21
AXISCADES,2026-07-27,184831,114548,61.97
AXITA,2026-07-27,189022,132678,70.19
AYE,2026-07-27,574279,271946,47.35
AYMSYNTEX,2026-07-27,18228,10049,55.13
AZAD,2026-07-27,579495,194991,33.65
BAGFILMS,2026-07-27,141060,87242,61.85
BAIDFIN,2026-07-27,41221,19804,48.04
BAJAJ-AUTO,2026-07-27,270544,142176,52.55
BAJAJCON,2026-07-27,600626,297080,49.46
BAJAJELEC,2026-07-27,42350,19363,45.72
BAJAJFINSV,2026-07-27,651274,304983,46.83
BAJAJHCARE,2026-07-27,249558,83196,33.34
BAJAJHFL,2026-07-27,2127865,1262918,59.35
BAJAJHIND,2026-07-27,4178249,2057258,49.24
BAJAJHLDNG,2026-07-27,69044,41833,60.59
BAJAJINDEF,2026-07-27,14350,10965,76.41
BAJAJST,2026-07-27,10315,7445,72.18
BAJEL,2026-07-27,89792,52640,58.62
BAJFINANCE,2026-07-27,7610916,4861021,63.87
BALAJEE,2026-07-27,17501,12767,72.95
BALAJITELE,2026-07-27,72465,38912,53.7
BALAMINES,2026-07-27,323794,96303,29.74
BALAXI,2026-07-27,10773,8986,83.41
BALKRISHNA,2026-07-27,12176,10814,88.81
BALKRISIND,2026-07-27,177608,109711,61.77
BALMLAWRIE,2026-07-27,46117,27734,60.14
BALPHARMA,2026-07-27,164269,83372,50.75
BALRAMCHIN,2026-07-27,208287,65400,31.4
BALUFORGE,2026-07-27,257865,126790,49.17
BANARBEADS,2026-07-27,10400,6784,65.23
BANARISUG,2026-07-27,204,183,89.71
BANCOINDIA,2026-07-27,165884,62752,37.83
BANDHANBNK,2026-07-27,13639409,4596177,33.7
BANG,2026-07-27,5741,3225,56.17
BANK10ADD,2026-07-27,179631,152809,85.07
BANK10BETF,2026-07-27,14201,14189,99.92
BANKADD,2026-07-27,13270,6404,48.26
BANKBARODA,2026-07-27,14707217,4807796,32.69
BANKBEES,2026-07-27,631908,315641,49.95
BANKBETA,2026-07-27,52390,25456,48.59
BANKBETF,2026-07-27,4269,2936,68.77
BANKETF,2026-07-27,5298,3509,66.23
BANKIETF,2026-07-27,815088,551354,67.64
BANKINDIA,2026-07-27,26282058,10991295,41.82
BANKNIFTY1,2026-07-27,397580,212496,53.45
BANKPSU,2026-07-27,6593,3855,58.47
BANSALWIRE,2026-07-27,83438,46443,55.66
BANSWRAS,2026-07-27,43662,25366,58.1
BASF,2026-07-27,6605,3579,54.19
BATAINDIA,2026-07-27,192036,85433,44.49
BATLIBOI,2026-07-27,12928,8502,65.76
BAYERCROP,2026-07-27,14477,7162,49.47
BBETF0432,2026-07-27,1149,747,65.01
BBL,2026-07-27,22173,12926,58.3
BBNPNBETF,2026-07-27,1040,804,77.31
BBNPPGOLD,2026-07-27,2410,1459,60.54
BBOX,2026-07-27,205754,95869,46.59
BBTC,2026-07-27,28710,15580,54.27
BBTCL,2026-07-27,10918,7036,64.44
BCG,2026-07-27,2716706,1336525,49.2
BCLIND,2026-07-27,780267,329045,42.17
BCONCEPTS,2026-07-27,6405,2937,45.85
BCPL,2026-07-27,3028,1889,62.38
BDL,2026-07-27,667606,201663,30.21
BEARDSELL,2026-07-27,2036,1362,66.9
BECTORFOOD,2026-07-27,3219598,811866,25.22
BEDMUTHA,2026-07-27,6765,5877,86.87
BEEKAY,2026-07-27,528,217,41.1
BEL,2026-07-27,9683515,5721537,59.09
BELLACASA,2026-07-27,4787,3266,68.23
BELRISE,2026-07-27,3264364,1799406,55.12
BEML,2026-07-27,224432,92931,41.41
BENGALASM,2026-07-27,278,180,64.75
BEPL,2026-07-27,4964378,1702389,34.29
BERGEPAINT,2026-07-27,173146,83500,48.23
BESTAGRO,2026-07-27,427040,291282,68.21
BETA,2026-07-27,29565,17363,58.73
BFINVEST,2026-07-27,26054,14476,55.56
BFSI,2026-07-27,264968,180878,68.26
BFUTILITIE,2026-07-27,43437,19651,45.24
BHAGCHEM,2026-07-27,49552,30928,62.42
BHARATCOAL,2026-07-27,4197348,1863556,44.4
BHARATFORG,2026-07-27,704988,389996,55.32
BHARATRAS,2026-07-27,6619,4110,62.09
BHARATSE,2026-07-27,441091,200611,45.48
BHARATWIRE,2026-07-27,124310,62403,50.2
BHARTIARTL,2026-07-27,5230299,3777560,72.22
BHARTIHEXA,2026-07-27,175287,140165,79.96
BHEL,2026-07-27,9042974,4173421,46.15
BI,2026-07-27,4056,2507,61.81
BIGBLOC,2026-07-27,43396,20640,47.56
BIKAJI,2026-07-27,54084,32997,61.01
BIL,2026-07-27,854,686,80.33
BIMETAL,2026-07-27,1196,1099,91.89
BIOCON,2026-07-27,2570388,1612004,62.71
BIOFILCHEM,2026-07-27,6289,3570,56.77
BIRLACORPN,2026-07-27,462709,249718,53.97
BIRLAMONEY,2026-07-27,61022,27561,45.17
BIRLANU,2026-07-27,15526,9264,59.67
BIRLAPREC,2026-07-27,14104,9257,65.63
BLACKBUCK,2026-07-27,221110,63966,28.93
BLAL,2026-07-27,5695,2530,44.42
BLBLIMITED,2026-07-27,49420,29303,59.29
BLIL,2026-07-27,35697,30596,85.71
BLKASHYAP,2026-07-27,261009,176757,67.72
BLS,2026-07-27,1010794,375453,37.14
BLSE,2026-07-27,1807981,349378,19.32
BLUEDART,2026-07-27,37705,17712,46.98
BLUEJET,2026-07-27,509908,253770,49.77
BLUESTARCO,2026-07-27,135209,57725,42.69
BLUESTONE,2026-07-27,20293817,1738426,8.57
BLUSPRING,2026-07-27,120858,51926,42.96
BMWVENTLTD,2026-07-27,247389,137059,55.4
BNKETFAXIS,2026-07-27,1459,218,14.94
BOHRAIND,2026-07-27,16496,9946,60.29
BOMDYEING,2026-07-27,261611,126712,48.44
BONLON,2026-07-27,7188,3454,48.05
BORANA,2026-07-27,9141,3781,41.36
BOROLTD,2026-07-27,83179,39715,47.75
BORORENEW,2026-07-27,321533,157093,48.86
BOROSCI,2026-07-27,24215,13930,57.53
BOSCH-HCIL,2026-07-27,18246,10853,59.48
BOSCHLTD,2026-07-27,22295,10649,47.76
BPCL,2026-07-27,5954256,3081614,51.75
BPL,2026-07-27,109201,68607,62.83
BRIGADE,2026-07-27,410222,218264,53.21
BRIGHOTEL,2026-07-27,186725,141980,76.04
BRITANNIA,2026-07-27,238867,131701,55.14
BRNL,2026-07-27,31146,21865,70.2
BSE,2026-07-27,2557303,996519,38.97
BSE500IETF,2026-07-27,58842,38466,65.37
BSL,2026-07-27,2714,1434,52.84
BSLGOLDETF,2026-07-27,52366,34469,65.82
BSLNIFTY,2026-07-27,1536042,1322326,86.09
BSLSENETFG,2026-07-27,1148,802,69.86
BSOFT,2026-07-27,1999905,1022933,51.15
BTML,2026-07-27,378521,150399,39.73
BUILDPRO,2026-07-27,34679,17778,51.26
BUTTERFLY,2026-07-27,51425,23957,46.59
BVCL,2026-07-27,5617,4011,71.41
CAMLINFINE,2026-07-27,593377,296020,49.89
CAMPUS,2026-07-27,434471,151737,34.92
CAMS,2026-07-27,1440127,639892,44.43
CANBK,2026-07-27,48778366,13433105,27.54
CANFINHOME,2026-07-27,373838,203549,54.45
CANHLIFE,2026-07-27,488467,230742,47.24
CANTABIL,2026-07-27,59716,35803,59.96
CAPACITE,2026-07-27,352848,150073,42.53
CAPILLARY,2026-07-27,8291808,316751,3.82
CAPITALSFB,2026-07-27,75000,43926,58.57
CAPLIPOINT,2026-07-27,354020,108872,30.75
CAPTRUST,2026-07-27,76021,59594,78.39
CARBORUNIV,2026-07-27,79889,34350,43.0
CARERATING,2026-07-27,138919,90898,65.43
CARRARO,2026-07-27,65915,37243,56.5
CARTRADE,2026-07-27,3555902,686003,19.29
CARYSIL,2026-07-27,43284,20350,47.02
CASHIETF,2026-07-27,446572,340305,76.2
CASTROLIND,2026-07-27,1187995,835456,70.32
CCAVENUE,2026-07-27,7999020,2924022,36.55
CCCL,2026-07-27,424342,297043,70.0
CCHHL,2026-07-27,12626,11477,90.9
CCL,2026-07-27,138419,65223,47.12
CDSL,2026-07-27,835504,323141,38.68
CEATLTD,2026-07-27,65031,29963,46.07
CEIGALL,2026-07-27,228583,130639,57.15
CEINSYS,2026-07-27,67485,46152,68.39
CELEBRITY,2026-07-27,15600,11342,72.71
CELLO,2026-07-27,140965,63713,45.2
CEMPRO,2026-07-27,558725,316839,56.71
CENTENKA,2026-07-27,117955,64975,55.08
CENTEXT,2026-07-27,53987,37654,69.75
CENTRALBK,2026-07-27,7486343,3694626,49.35
CENTRUM,2026-07-27,250326,141017,56.33
CENTUM,2026-07-27,33847,19259,56.9
CENTURYPLY,2026-07-27,37113,24575,66.22
CERA,2026-07-27,9821,5223,53.18
CESC,2026-07-27,766356,385856,50.35
CEWATER,2026-07-27,99000,47192,47.67
CGCL,2026-07-27,2052332,932305,45.43
CGPOWER,2026-07-27,4921275,2517852,51.16
CHALET,2026-07-27,81960,47034,57.39
CHAMBLFERT,2026-07-27,240525,108013,44.91
CHEMICAL,2026-07-27,412980,270688,65.55
CHEMPLASTS,2026-07-27,193300,76425,39.54
CHENNPETRO,2026-07-27,1629065,685204,42.06
CHEVIOT,2026-07-27,2113,1253,59.3
CHOICEGOLD,2026-07-27,4401,2124,48.26
CHOICEIN,2026-07-27,505379,151084,29.9
CHOLAFIN,2026-07-27,1963093,1159092,59.04
CHOLAHLDNG,2026-07-27,107079,56944,53.18
CIEINDIA,2026-07-27,411200,180328,43.85
CIFL,2026-07-27,58357,32291,55.33
CINELINE,2026-07-27,82731,34300,41.46
CINEVISTA,2026-07-27,16198,9779,60.37
CIPLA,2026-07-27,1162030,542978,46.73
CLEAN,2026-07-27,79303,38670,48.76
CLEANMAX,2026-07-27,111773,48143,43.07
CLSEL,2026-07-27,19609,8437,43.03
CMLL,2026-07-27,25880974,2077262,8.03
CMPDI,2026-07-27,1341702,495221,36.91
CMRGREEN,2026-07-27,755516,332673,44.03
CMSINFO,2026-07-27,179511,100106,55.77
CNL,2026-07-27,2031199,136431,6.72
COALINDIA,2026-07-27,5241433,3099204,59.13
COASTCORP,2026-07-27,91336,70336,77.01
COCHINSHIP,2026-07-27,847899,331964,39.15
COCKERILL,2026-07-27,3922,1803,45.97
COFORGE,2026-07-27,3779933,2181894,57.72
COHANCE,2026-07-27,505417,234228,46.34
COLPAL,2026-07-27,381885,158412,41.48
COMFINTE,2026-07-27,103097,71159,69.02
COMMOIETF,2026-07-27,42678,26303,61.63
COMPUSOFT,2026-07-27,9171,5170,56.37
COMSYN,2026-07-27,71832,36417,50.7
CONCOR,2026-07-27,13227175,4259417,32.2
CONCORDBIO,2026-07-27,79408,41832,52.68
CONFIPET,2026-07-27,8619919,2971341,34.47
CONS,2026-07-27,85874,51635,60.13
CONSUMAXIS,2026-07-27,317,223,70.35
CONSUMBEES,2026-07-27,129495,74691,57.68
CONSUMER,2026-07-27,189276,153732,81.22
CONSUMIETF,2026-07-27,22849,12418,54.35
CONTROLPR,2026-07-27,50615,32677,64.56
CORALFINAC,2026-07-27,22993,15466,67.26
CORDELIA,2026-07-27,182658,50893,27.86
COROMANDEL,2026-07-27,85074,47128,55.4
CORONA,2026-07-27,20186,10318,51.11
COSMOFIRST,2026-07-27,162543,79475,48.89
COUNCODOS,2026-07-27,58858,51099,86.82
CPEDU,2026-07-27,61588,22924,37.22
CPL,2026-07-27,16526,6348,38.41
CPPLUS,2026-07-27,134944,69657,51.62
CPSEETF,2026-07-27,524348,298724,56.97
CRAFTSMAN,2026-07-27,16833,8210,48.77
CRAMC,2026-07-27,382782,150707,39.37
CREATIVEYE,2026-07-27,106526,58641,55.05
CREDITACC,2026-07-27,3825382,998293,26.1
CREST,2026-07-27,8217,7081,86.18
CRISIL,2026-07-27,59947,28774,48.0
CRIZAC,2026-07-27,612160,281262,45.95
CROMPTON,2026-07-27,2359921,1327807,56.26
CROWN,2026-07-27,14628,10653,72.83
CSBBANK,2026-07-27,489401,262125,53.56
CSLFINANCE,2026-07-27,12113,8608,71.06
CSM,2026-07-27,178019,135403,76.06
CTE,2026-07-27,8441,5911,70.03
CUB,2026-07-27,1372673,727865,53.03
CUBEXTUB,2026-07-27,35436,17561,49.56
CUMMINSIND,2026-07-27,343112,244484,71.25
CUPID,2026-07-27,24777700,8601787,34.72
CURAA,2026-07-27,243,131,53.91
CYIENT,2026-07-27,559577,294915,52.7
CYIENTDLM,2026-07-27,315550,122107,38.7
DABUR,2026-07-27,853775,487461,57.09
DALBHARAT,2026-07-27,305803,97577,31.91
DALMIASUG,2026-07-27,43852,16050,36.6
DAMCAPITAL,2026-07-27,575685,295953,51.41
DANGEE,2026-07-27,44359,35350,79.69
DATAMATICS,2026-07-27,85941,41969,48.83
DATAPATTNS,2026-07-27,657193,116177,17.68
DAVANGERE,2026-07-27,13131742,7023319,53.48
DBCORP,2026-07-27,167446,83302,49.75
DBL,2026-07-27,2647147,394774,14.91
DBOL,2026-07-27,63340,39596,62.51
DCAL,2026-07-27,190451,92920,48.79
DCBBANK,2026-07-27,10927140,2568624,23.51
DCI,2026-07-27,40862,8196,20.06
DCMFINSERV,2026-07-27,2305,1870,81.13
DCMSHRIRAM,2026-07-27,23674,13859,58.54
DCMSRIND,2026-07-27,66805,31530,47.2
DCW,2026-07-27,409937,174925,42.67
DCXINDIA,2026-07-27,311198,138564,44.53
DDEVPLSTIK,2026-07-27,109584,63277,57.74
DECCANCE,2026-07-27,19411,15279,78.71
DECNGOLD,2026-07-27,1053771,411159,39.02
DEEPAKFERT,2026-07-27,326561,143677,44.0
DEEPAKNTR,2026-07-27,95397,36433,38.19
DEEPINDS,2026-07-27,1633199,352024,21.55
DEFENCE,2026-07-27,106924,81315,76.05
DELHIVERY,2026-07-27,2718387,1584660,58.29
DELTACORP,2026-07-27,649761,372781,57.37
DELTAMAGNT,2026-07-27,1864,1126,60.41
DEN,2026-07-27,247039,126773,51.32
DENORA,2026-07-27,4116,2336,56.75
DENTA,2026-07-27,146523,60585,41.35
DEVIT,2026-07-27,21903,14859,67.84
DEVX,2026-07-27,29916,25033,83.68
DEVYANI,2026-07-27,4449216,2273195,51.09
DGCONTENT,2026-07-27,28749,25283,87.94
DHAMPURSUG,2026-07-27,145357,72629,49.97
DHANBANK,2026-07-27,3148881,1044296,33.16
DHANUKA,2026-07-27,90838,61862,68.1
DHARMAJ,2026-07-27,17825,11481,64.41
DHUNINV,2026-07-27,633,472,74.57
DIACABS,2026-07-27,8209562,2972474,36.21
DIAMINESQ,2026-07-27,1824,1347,73.85
DIAMONDYD,2026-07-27,17731,10502,59.23
DICIND,2026-07-27,2888,2658,92.04
DIFFNKG,2026-07-27,76782,35026,45.62
DIGIDRIVE,2026-07-27,9965,7222,72.47
DIGITIDE,2026-07-27,228422,71154,31.15
DIGJAMLMTD,2026-07-27,135836,64661,47.6
DISAQ,2026-07-27,516,117,22.67
DIVGIITTS,2026-07-27,25653,9883,38.53
DIVIDEND,2026-07-27,4051,2877,71.02
DIVISLAB,2026-07-27,544701,285601,52.43
DIVOPPBEES,2026-07-27,61486,32566,52.96
DIXON,2026-07-27,205726,53040,25.78
DJML,2026-07-27,367828,85921,23.36
DLF,2026-07-27,2658172,1216729,45.77
DLINKINDIA,2026-07-27,77120,39428,51.13
DMART,2026-07-27,384728,186771,48.55
DMCC,2026-07-27,29552,14421,48.8
DNAMEDIA,2026-07-27,10753,8197,76.23
DODLA,2026-07-27,55675,21487,38.59
DOLATALGO,2026-07-27,51681,31321,60.6
DOLLAR,2026-07-27,103287,63913,61.88
DOLPHIN,2026-07-27,6399,3846,60.1
DOMS,2026-07-27,42006,32326,76.96
DONEAR,2026-07-27,9061,5106,56.35
DPABHUSHAN,2026-07-27,96545,24057,24.92
DRAGARWQ,2026-07-27,476,299,62.82
DRCSYSTEMS,2026-07-27,24048,14073,58.52
DREAMFOLKS,2026-07-27,28055,14986,53.42
DREDGECORP,2026-07-27,219789,100930,45.92
DRREDDY,2026-07-27,1053461,490685,46.58
DSSL,2026-07-27,33482,16018,47.84
DTIL,2026-07-27,3038,2404,79.13
DUCON,2026-07-27,190189,158040,83.1
DVL,2026-07-27,9015,6107,67.74
DWARKESH,2026-07-27,683323,317008,46.39
DYCL,2026-07-27,680337,179684,26.41
DYNAMATECH,2026-07-27,13287,6953,52.33
DYNPRO,2026-07-27,15783,11321,71.73
E2E,2026-07-27,429556,359916,83.79
EASEMYTRIP,2026-07-27,11033467,3918585,35.52
EBANKNIFTY,2026-07-27,342,180,52.63
EBBETF0430,2026-07-27,12830,9430,73.5
EBBETF0431,2026-07-27,4759,4527,95.13
EBBETF0433,2026-07-27,3269,2173,66.47
EBGNG,2026-07-27,343611,155338,45.21
ECAPINSURE,2026-07-27,202782,151052,74.49
ECLERX,2026-07-27,436178,161206,36.96
EDELWEISS,2026-07-27,2138758,1033494,48.32
EFCIL,2026-07-27,140108,80348,57.35
EGOLD,2026-07-27,300098,253660,84.53
EICHERMOT,2026-07-27,367549,185272,50.41
EIDPARRY,2026-07-27,149486,86776,58.05
EIEL,2026-07-27,646608,252149,39.0
EIHAHOTELS,2026-07-27,6800,4085,60.07
EIHOTEL,2026-07-27,98370,60378,61.38
EIMCOELECO,2026-07-27,17827,8942,50.16
EKC,2026-07-27,103914,53163,51.16
ELANTAS,2026-07-27,720,424,58.89
ELCIDIN,2026-07-27,11,8,72.73
ELDEHSG,2026-07-27,1155,925,80.09
ELECON,2026-07-27,1284270,711765,55.42
ELECTCAST,2026-07-27,637363,322563,50.61
ELECTHERM,2026-07-27,15666,6938,44.29
ELGIEQUIP,2026-07-27,95386,49905,52.32
ELGIRUBCO,2026-07-27,22265,11136,50.02
ELIN,2026-07-27,122496,61672,50.35
ELIQUID,2026-07-27,19851,14351,72.29
ELITECON,2026-07-27,1784679,699537,39.2
ELLEN,2026-07-27,240990,125711,52.16
ELM250,2026-07-27,39273,23676,60.29
ELPROINTL,2026-07-27,189067,123666,65.41
EMAMILTD,2026-07-27,548841,314941,57.38
EMBDL,2026-07-27,1122374,565208,50.36
EMCURE,2026-07-27,253294,161321,63.69
EMIL,2026-07-27,2168808,1447887,66.76
EMKAY,2026-07-27,108351,36380,33.58
EMMVEE,2026-07-27,2340536,1030684,44.04
EMSLIMITED,2026-07-27,218786,80340,36.72
EMUDHRA,2026-07-27,72386,36788,50.82
EMULTIMQ,2026-07-27,16747,15378,91.83
ENDURANCE,2026-07-27,60908,33064,54.29
ENERGY,2026-07-27,137410,114012,82.97
ENERGYDEV,2026-07-27,9005,6888,76.49
ENEXT50,2026-07-27,14057,13968,99.37
ENGINERSIN,2026-07-27,837874,399987,47.74
ENIFTY,2026-07-27,1605,1463,91.15
ENIL,2026-07-27,8037,3546,44.12
ENRIN,2026-07-27,327391,143502,43.83
ENTERO,2026-07-27,165836,113255,68.29
EPACK,2026-07-27,209862,90887,43.31
EPACKPEB,2026-07-27,374100,129870,34.72
EPIGRAL,2026-07-27,649654,107601,16.56
EPL,2026-07-27,231791,116383,50.21
EQUAL200,2026-07-27,2298,1144,49.78
EQUAL50,2026-07-27,5947,5604,94.23
EQUAL50ADD,2026-07-27,6661,4018,60.32
EQUITASBNK,2026-07-27,2138413,1078801,50.45
ERIS,2026-07-27,38227,22029,57.63
ESABINDIA,2026-07-27,2031,1100,54.16
ESAFSFB,2026-07-27,4228358,1429733,33.81
ESCORTS,2026-07-27,53545,28508,53.24
ESENSEX,2026-07-27,14180,14017,98.85
ESG,2026-07-27,11471,9475,82.6
ESILVER,2026-07-27,402859,387376,96.16
ESSARSHPNG,2026-07-27,160923,106880,66.42
ESTER,2026-07-27,101157,50996,50.41
ETERNAL,2026-07-27,48012383,19215160,40.02
ETHOSLTD,2026-07-27,10977,5234,47.68
EUREKAFORB,2026-07-27,179826,115463,64.21
EUROBOND,2026-07-27,7746,5275,68.1
EUROPRATIK,2026-07-27,225420,89033,39.5
EVEREADY,2026-07-27,95130,49119,51.63
EVIETF,2026-07-27,122624,69854,56.97
EVINDIA,2026-07-27,208198,131399,63.11
EXCELINDUS,2026-07-27,26284,14115,53.7
EXCELSOFT,2026-07-27,804813,285163,35.43
EXICOM,2026-07-27,970983,288150,29.68
EXIDEIND,2026-07-27,5848999,3387421,57.91
EXPLEOSOL,2026-07-27,34009,17723,52.11
EXXARO,2026-07-27,472166,234055,49.57
FABTECH,2026-07-27,139208,60950,43.78
FACT,2026-07-27,75961,21769,28.66
FAZE3Q,2026-07-27,5335,3831,71.81
FCL,2026-07-27,20485164,5500559,26.85
FCSSOFT,2026-07-27,1434925,1048131,73.04
FDC,2026-07-27,60671,34470,56.81
FEDDERSHOL,2026-07-27,3826671,437331,11.43
FEDERALBNK,2026-07-27,6585012,4583960,69.61
FEDFINA,2026-07-27,683171,312439,45.73
FERMENTA,2026-07-27,122096,57854,47.38
FIBERWEB,2026-07-27,20763,16628,80.08
FIEMIND,2026-07-27,67883,32367,47.68
FILATEX,2026-07-27,3571940,1262672,35.35
FINCABLES,2026-07-27,209703,86018,41.02
FINEORG,2026-07-27,9918,5241,52.84
FINIETF,2026-07-27,320452,198527,61.95
FINKURVE,2026-07-27,23723,16753,70.62
FINOPB,2026-07-27,745288,171778,23.05
FINPIPE,2026-07-27,290897,144026,49.51
FIRSTCRY,2026-07-27,525785,235913,44.87
FISCHER,2026-07-27,1922676,309379,16.09
FIVESTAR,2026-07-27,1366135,761273,55.72
FLAIR,2026-07-27,90668,43663,48.16
FLEXIADD,2026-07-27,47419,41464,87.44
FLUOROCHEM,2026-07-27,122548,67932,55.43
FMCGADD,2026-07-27,6305,3399,53.91
FMCGIETF,2026-07-27,704739,432888,61.43
FMGOETZE,2026-07-27,21821,13902,63.71
FOODSIN,2026-07-27,136697,92433,67.62
FORCEMOT,2026-07-27,113614,42855,37.72
FORTIS,2026-07-27,1227263,811302,66.11
FOSECOIND,2026-07-27,1230,865,70.33
FRACTAL,2026-07-27,638751,293695,45.98
FRONTSP,2026-07-27,27004,11210,41.51
FSL,2026-07-27,1162441,464576,39.97
FUSION,2026-07-27,554472,248049,44.74
GABRIEL,2026-07-27,662635,194854,29.41
GAEL,2026-07-27,3107123,956545,30.79
GAIL,2026-07-27,10641180,6941348,65.23
GALAPREC,2026-07-27,33678,13254,39.36
GALAXYSURF,2026-07-27,6391,3292,51.51
GALLANTT,2026-07-27,176732,81574,46.16
GANDHAR,2026-07-27,20541880,4085477,19.89
GANDHITUBE,2026-07-27,4803,3283,68.35
GANECOS,2026-07-27,132037,67656,51.24
GANESHBE,2026-07-27,517305,245472,47.45
GANESHCP,2026-07-27,32572,22369,68.68
GANESHHOU,2026-07-27,89342,35168,39.36
GANGESSECU,2026-07-27,39,39,100.0
GARFIBRES,2026-07-27,23157,14019,60.54
GARUDA,2026-07-27,239612,123558,51.57
GATECH,2026-07-27,11410406,2501422,21.92
GATECHDVR,2026-07-27,456472,393722,86.25
GATEWAY,2026-07-27,1423107,748194,52.57
GAYAHWS,2026-07-27,126331,82374,65.2
GCSL,2026-07-27,375553,144576,38.5
GEEKAYWIRE,2026-07-27,82660,35358,42.78
GEMAROMA,2026-07-27,179131,85319,47.63
GENCON,2026-07-27,266584,11109,4.17
GENESYS,2026-07-27,147856,66192,44.77
GENUSPAPER,2026-07-27,139558,109914,78.76
GENUSPOWER,2026-07-27,5483067,2645461,48.25
GEOJITFSL,2026-07-27,251893,135699,53.87
GESHIP,2026-07-27,488878,268212,54.86
GFLLIMITED,2026-07-27,44432,28217,63.51
GHCL,2026-07-27,249684,186477,74.69
GHCLTEXTIL,2026-07-27,938372,541656,57.72
GICHSGFIN,2026-07-27,80520,40666,50.5
GICL,2026-07-27,125394,76824,61.27
GICRE,2026-07-27,314450,165003,52.47
GILLANDERS,2026-07-27,287,182,63.41
GILLETTE,2026-07-27,15054,6987,46.41
GILT10BETA,2026-07-27,49,27,55.1
GILT5BETA,2026-07-27,855,618,72.28
GILT5YBEES,2026-07-27,87250,54928,62.95
GIPCL,2026-07-27,296739,160471,54.08
GKENERGY,2026-07-27,305846,129597,42.37
GKSL,2026-07-27,306451,270838,88.38
GKWLIMITED,2026-07-27,1299,850,65.43
GLAND,2026-07-27,300623,185091,61.57
GLAXO,2026-07-27,67921,39025,57.46
GLENMARK,2026-07-27,593586,352868,59.45
GLOBAL,2026-07-27,69063,57079,82.65
GLOBALVECT,2026-07-27,113359,36465,32.17
GLOBE,2026-07-27,111925,68829,61.5
GLOBECIVIL,2026-07-27,48971,26647,54.41
GLOBUSSPR,2026-07-27,74494,38612,51.83
GLOSTERLTD,2026-07-27,1928,1054,54.67
GMBREW,2026-07-27,14741,7393,50.15
GMDCLTD,2026-07-27,472075,163260,34.58
GMMPFAUDLR,2026-07-27,106321,58993,55.49
GMRAIRPORT,2026-07-27,10608220,6156199,58.03
GMRP&UI,2026-07-27,243530,123777,50.83
GNA,2026-07-27,212597,91240,42.92
GNFC,2026-07-27,203336,114122,56.12
GNRL,2026-07-27,53339,13977,26.2
GOACARBON,2026-07-27,13395,7949,59.34
GOCLCORP,2026-07-27,59703,37387,62.62
GOCOLORS,2026-07-27,92615,25757,27.81
GODAVARIB,2026-07-27,58628,31062,52.98
GODFRYPHLP,2026-07-27,1459627,425237,29.13
GODIGIT,2026-07-27,2772521,1496379,53.97
GODREJAGRO,2026-07-27,85033,51792,60.91
GODREJCP,2026-07-27,318835,175169,54.94
GODREJIND,2026-07-27,57846,24220,41.87
GODREJPROP,2026-07-27,732918,373867,51.01
GOKEX,2026-07-27,168409,73594,43.7
GOKUL,2026-07-27,131018,20901,15.95
GOKULAGRO,2026-07-27,213114,86759,40.71
GOLD1,2026-07-27,1066147,679339,63.72
GOLD360,2026-07-27,5810,3070,52.84
GOLDADD,2026-07-27,146489,100240,68.43
GOLDAXIS,2026-07-27,328210,208845,63.63
GOLDBEES,2026-07-27,19438238,10540836,54.23
GOLDBETA,2026-07-27,316135,228376,72.24
GOLDBND,2026-07-27,10088,8848,87.71
GOLDCASE,2026-07-27,7013840,3154003,44.97
GOLDETF,2026-07-27,2733670,1714431,62.72
GOLDIAM,2026-07-27,603390,205558,34.07
GOLDIETF,2026-07-27,8981818,6974049,77.65
GOODLUCK,2026-07-27,74674,41967,56.2
GOODYEAR,2026-07-27,10402,6638,63.81
GOPAL,2026-07-27,161299,66802,41.42
GOYALALUM,2026-07-27,59781,45709,76.46
GPIL,2026-07-27,2618820,1178689,45.01
GPPL,2026-07-27,1639150,1087943,66.37
GPTHEALTH,2026-07-27,485454,300008,61.8
GPTINFRA,2026-07-27,354437,189179,53.37
GRANDOAK,2026-07-27,5970,2893,48.46
GRANULES,2026-07-27,917482,424310,46.25
GRAPHITE,2026-07-27,731066,211107,28.88
GRASIM,2026-07-27,266078,189279,71.14
GRAUWEIL,2026-07-27,61669,32757,53.12
GRAVISSHO,2026-07-27,2818,1123,39.85
GRAVITA,2026-07-27,135647,68180,50.26
GREAVESCOT,2026-07-27,1108107,488090,44.05
GREENLAM,2026-07-27,183172,84626,46.2
GREENPANEL,2026-07-27,104048,54876,52.74
GREENPLY,2026-07-27,364020,133104,36.57
GREENPOWER,2026-07-27,1353212,788902,58.3
GRINDWELL,2026-07-27,54759,22607,41.28
GRINFRA,2026-07-27,6380,3651,57.23
GRMOVER,2026-07-27,340972,212962,62.46
GROBTEA,2026-07-27,5,3,60.0
GROWW,2026-07-27,25644994,11870351,46.29
GROWWCAPM,2026-07-27,464006,306654,66.09
GROWWCHEM,2026-07-27,70263,34889,49.65
GROWWDEFNC,2026-07-27,150653,102637,68.13
GROWWEV,2026-07-27,431242,248985,57.74
GROWWGOLD,2026-07-27,1210717,409380,33.81
GROWWHOSPI,2026-07-27,342069,273245,79.88
GROWWLIQID,2026-07-27,629260,473146,75.19
GROWWLOVOL,2026-07-27,12655,8891,70.26
GROWWMC150,2026-07-27,498,442,88.76
GROWWMETAL,2026-07-27,409907,257382,62.79
GROWWMOM50,2026-07-27,54643,39931,73.08
GROWWN200,2026-07-27,79025,69425,87.85
GROWWNET,2026-07-27,266755,173565,65.07
GROWWNIFTY,2026-07-27,426495,262074,61.45
GROWWNXT50,2026-07-27,2681,1281,47.78
GROWWPOWER,2026-07-27,1056177,535162,50.67
GROWWPSE,2026-07-27,1521,853,56.08
GROWWPSUBK,2026-07-27,6047,2696,44.58
GROWWRAIL,2026-07-27,584116,210027,35.96
GROWWRLTY,2026-07-27,322807,277581,85.99
GROWWSC250,2026-07-27,305117,274490,89.96
GROWWSLVR,2026-07-27,845133,340986,40.35
GRPLTD,2026-07-27,3328,1932,58.05
GRSE,2026-07-27,479760,167755,34.97
GRWRHITECH,2026-07-27,76292,48087,63.03
GSEC10ABSL,2026-07-27,10,10,100.0
GSEC10IETF,2026-07-27,1162,1161,99.91
GSEC10YEAR,2026-07-27,13859,9703,70.01
GSEC5IETF,2026-07-27,19186,11738,61.18
GSFC,2026-07-27,933160,463629,49.68
GSLSU,2026-07-27,43770,38748,88.53
GSPCROP,2026-07-27,345999,82333,23.8
GSS,2026-07-27,61537,43395,70.52
GTL,2026-07-27,531793,365832,68.79
GTLINFRA,2026-07-27,25214557,9471274,37.56
GTPL,2026-07-27,46906,36389,77.58
GUFICBIO,2026-07-27,48311,26644,55.15
GUJALKALI,2026-07-27,328088,103912,31.67
GUJAPOLLO,2026-07-27,13651,4181,30.63
GUJENERGY,2026-07-27,626631,377948,60.31
GUJRAFFIA,2026-07-27,229,228,99.56
GUJTHEM,2026-07-27,33813,19443,57.5
GULFOILLUB,2026-07-27,89310,47353,53.02
GULPOLY,2026-07-27,468199,211076,45.08
GVPIL,2026-07-27,134857,76736,56.9
GVPTECH,2026-07-27,161096,117332,72.83
GVT&D,2026-07-27,1316155,651304,49.49
GYFTR,2026-07-27,36262,8594,23.7
HAL,2026-07-27,694103,312535,45.03
HALDER,2026-07-27,29160,5929,20.33
HALEOSLABS,2026-07-27,665,347,52.18
HAPPSTMNDS,2026-07-27,1510349,495970,32.84
HAPPYFORGE,2026-07-27,69759,31706,45.45
HARDWYN,2026-07-27,4082237,1541659,37.77
HARIOMPIPE,2026-07-27,95228,36458,38.28
HARRMALAYA,2026-07-27,7481,5888,78.71
HARSHA,2026-07-27,148943,84292,56.59
HATHWAY,2026-07-27,957666,376987,39.37
HATSUN,2026-07-27,53203,37506,70.5
HAVELLS,2026-07-27,828132,469558,56.7
HAVISHA,2026-07-27,22781,16474,72.31
HAWKINCOOK,2026-07-27,2418,1477,61.08
HBESD,2026-07-27,1843,945,51.28
HBLENGINE,2026-07-27,657729,303246,46.11
HCC,2026-07-27,16327008,5659473,34.66
HCG,2026-07-27,148812,83775,56.3
HCL-INSYS,2026-07-27,139383,84070,60.32
HCLTECH,2026-07-27,3847049,1971387,51.24
HDBFS,2026-07-27,306980,188743,61.48
HDFCAMC,2026-07-27,554072,335874,60.62
HDFCBANK,2026-07-27,29678752,20696690,69.74
HDFCBSE500,2026-07-27,250311,236598,94.52
HDFCGOLD,2026-07-27,1946565,1022666,52.54
HDFCGROWTH,2026-07-27,55525,38207,68.81
HDFCLIFE,2026-07-27,1368559,702341,51.32
HDFCLIQUID,2026-07-27,15407,9657,62.68
HDFCLOWVOL,2026-07-27,16396,13633,83.15
HDFCMID150,2026-07-27,281836,219065,77.73
HDFCMOMENT,2026-07-27,105586,50818,48.13
HDFCNEXT50,2026-07-27,320148,290662,90.79
HDFCNIF100,2026-07-27,121731,105271,86.48
HDFCNIFBAN,2026-07-27,53737,32061,59.66
HDFCNIFIT,2026-07-27,376771,192002,50.96
HDFCNIFTY,2026-07-27,69302,60314,87.03
HDFCPSUBK,2026-07-27,136202,75861,55.7
HDFCPVTBAN,2026-07-27,333778,244633,73.29
HDFCQUAL,2026-07-27,30052,11326,37.69
HDFCSENSEX,2026-07-27,52836,38135,72.18
HDFCSILVER,2026-07-27,1807284,662803,36.67
HDFCSML250,2026-07-27,1684024,1227117,72.87
HDFCVALUE,2026-07-27,9045,5310,58.71
HEADSUP,2026-07-27,6420,4237,66.0
HEALTHADD,2026-07-27,43437,35384,81.46
HEALTHAXIS,2026-07-27,2047,1730,84.51
HEALTHCARE,2026-07-27,27231,13602,49.95
HEALTHIETF,2026-07-27,122302,72363,59.17
HEALTHX,2026-07-27,27401,16168,59.01
HEALTHY,2026-07-27,422037,194216,46.02
HECPROJECT,2026-07-27,25331,12732,50.26
HEG,2026-07-27,3378029,1364866,40.4
HEIDELBERG,2026-07-27,54269,37789,69.63
HEMIPROP,2026-07-27,135412,77778,57.44
HERANBA,2026-07-27,20953,11140,53.17
HERITGFOOD,2026-07-27,647523,419897,64.85
HEROMOTOCO,2026-07-27,564495,328329,58.16
HESTERBIO,2026-07-27,41089,15067,36.67
HEXATRADEX,2026-07-27,66117,32921,49.79
HEXT,2026-07-27,270444,118771,43.92
HFCL,2026-07-27,26152896,10941681,41.84
HGINFRA,2026-07-27,36021,17897,49.68
HGM,2026-07-27,11777,8896,75.54
HGS,2026-07-27,15933,9410,59.06
HIKAL,2026-07-27,197350,69549,35.24
HILINFRA,2026-07-27,192373,88529,46.02
HIMATSEIDE,2026-07-27,402565,212877,52.88
HINDALCO,2026-07-27,2035425,1229911,60.43
HINDCOMPOS,2026-07-27,3220,1797,55.81
HINDCON,2026-07-27,10048,8567,85.26
HINDCOPPER,2026-07-27,1932275,886815,45.89
HINDOILEXP,2026-07-27,257350,146322,56.86
HINDPETRO,2026-07-27,7119104,2854585,40.1
HINDUNILVR,2026-07-27,698681,395930,56.67
HINDWAREAP,2026-07-27,148302,83608,56.38
HINDZINC,2026-07-27,4726406,2027499,42.9
HIRECT,2026-07-27,161969,52638,32.5
HISARMETAL,2026-07-27,319,248,77.74
HITECH,2026-07-27,289606,154833,53.46
HLEGLAS,2026-07-27,112574,61364,54.51
HLVLTD,2026-07-27,103193,76517,74.15
HMAAGRO,2026-07-27,102072,51383,50.34
HMVL,2026-07-27,67277,46795,69.56
HNDFDS,2026-07-27,80724,35780,44.32
HNGSNGBEES,2026-07-27,123811,80997,65.42
HOMEFIRST,2026-07-27,149218,73542,49.28
HONASA,2026-07-27,1134201,702687,61.95
HONAUT,2026-07-27,2166,1019,47.05
HONDAPOWER,2026-07-27,2587,1273,49.21
HPAL,2026-07-27,47936,25130,52.42
HPIL,2026-07-27,1866,1473,78.94
HPL,2026-07-27,58133,30650,52.72
HSBCGOLD,2026-07-27,755,564,74.7
HSCL,2026-07-27,7101930,1845481,25.99
HTMEDIA,2026-07-27,177914,115943,65.17
HUBTOWN,2026-07-27,230322,126881,55.09
HUDCO,2026-07-27,3848410,1256570,32.65
HUHTAMAKI,2026-07-27,3886901,812216,20.9
HYUNDAI,2026-07-27,338046,157553,46.61
ICDSLTD,2026-07-27,142,122,85.92
ICEMAKE,2026-07-27,43856,25589,58.35
ICICIAMC,2026-07-27,178886,110330,61.68
ICICIB22,2026-07-27,1676239,1527345,91.12
ICICIBANK,2026-07-27,10608300,7110516,67.03
ICICIGI,2026-07-27,904443,428960,47.43
ICICIPRULI,2026-07-27,1911594,1198793,62.71
ICIL,2026-07-27,580542,247761,42.68
ICRA,2026-07-27,23027,13693,59.46
IDBI,2026-07-27,4321340,1331035,30.8
IDEA,2026-07-27,247499082,47315474,19.12
IDFCFIRSTB,2026-07-27,177923165,61724504,34.69
IDFNIFTYET,2026-07-27,177,91,51.41
IEX,2026-07-27,14091109,5679723,40.31
IFBIND,2026-07-27,246955,88602,35.88
IFCI,2026-07-27,5755522,2077280,36.09
IFGLEXPOR,2026-07-27,62167,23646,38.04
IGARASHI,2026-07-27,23795,11421,48.0
IGCL,2026-07-27,228570,146585,64.13
IGIL,2026-07-27,714283,399351,55.91
IGL,2026-07-27,1779530,969563,54.48
IGPL,2026-07-27,139288,71798,51.55
IIFL,2026-07-27,1874996,879405,46.9
IIFLCAPS,2026-07-27,1132308,932647,82.37
IITL,2026-07-27,95106,10346,10.88
IKIO,2026-07-27,283051,76574,27.05
IKS,2026-07-27,129614,66667,51.44
IMAGICAA,2026-07-27,440861,251699,57.09
IMFA,2026-07-27,41870,21891,52.28
IMPAL,2026-07-27,5400,3522,65.22
INA,2026-07-27,396562,167970,42.36
INCREDIBLE,2026-07-27,31816,17010,53.46
INDBANK,2026-07-27,20250,8925,44.07
INDGN,2026-07-27,165173,85785,51.94
INDHOTEL,2026-07-27,1143931,598542,52.32
INDIACEM,2026-07-27,214124,92379,43.14
INDIAGLYCO,2026-07-27,222525,113020,50.79
INDIAMART,2026-07-27,119934,76165,63.51
INDIANB,2026-07-27,936950,461936,49.3
INDIANCARD,2026-07-27,1945,1758,90.39
INDIANHUME,2026-07-27,45948,17574,38.25
INDIASHLTR,2026-07-27,122066,68928,56.47
INDIGO,2026-07-27,1731299,690307,39.87
INDIGOPNTS,2026-07-27,75768,37419,49.39
INDIQUBE,2026-07-27,39427,15932,40.41
INDNIPPON,2026-07-27,22084,10784,48.83
INDOBORAX,2026-07-27,418213,78173,18.69
INDOCO,2026-07-27,80973,31977,39.49
INDOFARM,2026-07-27,139104,32565,23.41
INDORAMA,2026-07-27,175679,103804,59.09
INDOSTAR,2026-07-27,76295,35162,46.09
INDOTHAI,2026-07-27,1498077,716620,47.84
INDOUS,2026-07-27,11099,7290,65.68
INDPRUD,2026-07-27,16,13,81.25
INDRAMEDCO,2026-07-27,108019,53062,49.12
INDSWFTLAB,2026-07-27,478681,263877,55.13
INDTERRAIN,2026-07-27,6916,4879,70.55
INDUSINDBK,2026-07-27,1979222,1004700,50.76
INDUSTOWER,2026-07-27,3923875,1955127,49.83
INFOBEAN,2026-07-27,220223,72676,33.0
INFOMEDIA,2026-07-27,38681,20518,53.04
INFRA,2026-07-27,22664,12882,56.84
INFRABEES,2026-07-27,6686,2646,39.58
INFRAIETF,2026-07-27,289174,234991,81.26
INFY,2026-07-27,15956349,8371338,52.46
INGERRAND,2026-07-27,31797,15771,49.6
INNOVACAP,2026-07-27,43736,26090,59.65
INNOVANA,2026-07-27,2360,1499,63.52
INNOVISION,2026-07-27,20237,12394,61.24
INOXGREEN,2026-07-27,5386399,1673480,31.07
INOXINDIA,2026-07-27,121889,52217,42.84
INOXWIND,2026-07-27,7107792,1898710,26.71
INSECTICID,2026-07-27,46257,23724,51.29
INTELLECT,2026-07-27,545930,283616,51.95
INTENTECH,2026-07-27,18288,11864,64.87
INTERARCH,2026-07-27,27618,11623,42.08
INTERNET,2026-07-27,161767,117951,72.91
INTLCONV,2026-07-27,42439,23971,56.48
INVENTURE,2026-07-27,1402535,934591,66.64
IOB,2026-07-27,2152227,1018550,47.33
IOC,2026-07-27,8260417,4519199,54.71
IOLCP,2026-07-27,1217772,484864,39.82
IONEXCHANG,2026-07-27,647993,231366,35.71
IPCALAB,2026-07-27,119666,56917,47.56
IPL,2026-07-27,110128,61049,55.43
IRB,2026-07-27,4354101,2160879,49.63
IRCON,2026-07-27,660499,243203,36.82
IRCTC,2026-07-27,517297,295977,57.22
IREDA,2026-07-27,4198411,1447260,34.47
IRFC,2026-07-27,5143354,1899961,36.94
IRIS,2026-07-27,21765,11386,52.31
IRISDOREME,2026-07-27,1814818,313742,17.29
IRMENERGY,2026-07-27,58820,21495,36.54
ISFT,2026-07-27,12671,9561,75.46
ISGEC,2026-07-27,14481,7431,51.32
ISHANCH,2026-07-27,3698,2815,76.12
IT,2026-07-27,461773,272810,59.08
ITADD,2026-07-27,141234,103908,73.57
ITAXIS,2026-07-27,13220,11471,86.77
ITBEES,2026-07-27,19426362,14173237,72.96
ITBETA,2026-07-27,5006,3957,79.05
ITC,2026-07-27,19312804,12277445,63.57
ITCHOTELS,2026-07-27,2555776,1417495,55.46
ITDC,2026-07-27,329942,69436,21.04
ITETF,2026-07-27,578301,450866,77.96
ITI,2026-07-27,142075,54825,38.59
ITIETF,2026-07-27,908636,581541,64.0
IVALUE,2026-07-27,395532,212265,53.67
IVC,2026-07-27,152441,95880,62.9
IVZINGOLD,2026-07-27,9767,7261,74.34
IVZINNIFTY,2026-07-27,426,371,87.09
IWP,2026-07-27,2234,1577,70.59
IXIGO,2026-07-27,1133097,317043,27.98
IZMO,2026-07-27,70875,33542,47.33
J&KBANK,2026-07-27,3410387,1563845,45.86
JAGRAN,2026-07-27,178008,103559,58.18
JAGSNPHARM,2026-07-27,68559,28594,41.71
JAICORPLTD,2026-07-27,222591,88468,39.74
JAINREC,2026-07-27,721453,218911,30.34
JAIPURKURT,2026-07-27,1980,1697,85.71
JAMNAAUTO,2026-07-27,1623281,812520,50.05
JARO,2026-07-27,101111,14890,14.73
JASH,2026-07-27,99741,53317,53.46
JAYAGROGN,2026-07-27,13851,10811,78.05
JAYBARMARU,2026-07-27,430679,254852,59.17
JAYKAY,2026-07-27,60169,33408,55.52
JAYNECOIND,2026-07-27,3068361,1392445,45.38
JAYSREETEA,2026-07-27,19965,12543,62.82
JBMA,2026-07-27,185743,67809,36.51
JETFREIGHT,2026-07-27,390592,220642,56.49
JGCHEM,2026-07-27,157788,77031,48.82
JHS,2026-07-27,57649,51178,88.78
JINDALPHOT,2026-07-27,3204,1668,52.06
JINDALPOLY,2026-07-27,7824,3794,48.49
JINDALSAW,2026-07-27,690623,314069,45.48
JINDALSTEL,2026-07-27,2617855,1368212,52.26
JINDRILL,2026-07-27,94034,31559,33.56
JINDWORLD,2026-07-27,55992502,3484112,6.22
JIOFIN,2026-07-27,6984152,3140188,44.96
JISLDVREQS,2026-07-27,18803,18053,96.01
JISLJALEQS,2026-07-27,902016,499303,55.35
JITFINFRA,2026-07-27,36661,21645,59.04
JKCEMENT,2026-07-27,39940,21203,53.09
JKIL,2026-07-27,98303,56685,57.66
JKLAKSHMI,2026-07-27,59113,29475,49.86
JKPAPER,2026-07-27,2094793,710124,33.9
JKTYRE,2026-07-27,438325,183388,41.84
JLHL,2026-07-27,147567,60142,40.76
JMA,2026-07-27,3391,2904,85.64
JMFINANCIL,2026-07-27,1505925,758452,50.36
JNKINDIA,2026-07-27,173799,62739,36.1
JPOLYINVST,2026-07-27,4498,1833,40.75
JPPOWER,2026-07-27,28221162,9206142,32.62
JSFB,2026-07-27,428226,185745,43.38
JSL,2026-07-27,338590,188457,55.66
JSLL,2026-07-27,483511,238310,49.29
JSWCEMENT,2026-07-27,1002215,432627,43.17
JSWDULUX,2026-07-27,10518,3849,36.59
JSWENERGY,2026-07-27,1125093,509496,45.28
JSWHL,2026-07-27,2154,958,44.48
JSWINFRA,2026-07-27,3153852,2012922,63.82
JSWSTEEL,2026-07-27,1128386,646140,57.26
JTEKTINDIA,2026-07-27,83304,37905,45.5
JTLIND,2026-07-27,1019554,489336,48.0
JUBLCPL,2026-07-27,2702,1587,58.73
JUBLFOOD,2026-07-27,1229160,446895,36.36
JUBLINGREA,2026-07-27,445843,219505,49.23
JUBLPHARMA,2026-07-27,117876,69371,58.85
JUNIORBEES,2026-07-27,338305,230424,68.11
JUNIPER,2026-07-27,110129,72938,66.23
JUSTDIAL,2026-07-27,356069,107102,30.08
JWL,2026-07-27,356937,160415,44.94
JYOTHYLAB,2026-07-27,575317,265803,46.2
JYOTICNC,2026-07-27,312391,153145,49.02
JYOTISTRUC,2026-07-27,2371702,1162497,49.02
KABRAEXTRU,2026-07-27,577413,179895,31.16
KAJARIACER,2026-07-27,206695,109662,53.05
KALAMANDIR,2026-07-27,1025959,666081,64.92
KALPATARU,2026-07-27,53611,27401,51.11
KALYANIFRG,2026-07-27,2464,1447,58.73
KALYANKJIL,2026-07-27,16629166,2825753,16.99
KAMAHOLD,2026-07-27,1784,707,39.63
KAMATHOTEL,2026-07-27,31689,18422,58.13
KAMOPAINTS,2026-07-27,207932,133871,64.38
KANANIIND,2026-07-27,170626,82587,48.4
KANPRPLA,2026-07-27,48793,21932,44.95
KANSAINER,2026-07-27,635135,268936,42.34
KAPSTON,2026-07-27,36890,23641,64.09
KARMAENG,2026-07-27,4354,2486,57.1
KARURVYSYA,2026-07-27,2727470,1521706,55.79
KAVDEFENCE,2026-07-27,45791,26648,58.19
KAYA,2026-07-27,24755,18976,76.66
KAYNES,2026-07-27,614724,163120,26.54
KCP,2026-07-27,98347,47675,48.48
KCPSUGIND,2026-07-27,3727198,1468250,39.39
KDDL,2026-07-27,11663,6349,54.44
KEC,2026-07-27,947596,590537,62.32
KECL,2026-07-27,418474,332438,79.44
KEEPLEARN,2026-07-27,149543,44220,29.57
KEI,2026-07-27,136296,51334,37.66
KELLTONTEC,2026-07-27,1690609,821631,48.6
KENNAMET,2026-07-27,24487,17809,72.73
KERNEX,2026-07-27,215636,121585,56.38
KEYFINSERV,2026-07-27,1589,859,54.06
KFINTECH,2026-07-27,10620157,1949521,18.36
KHAICHEM,2026-07-27,166939,114972,68.87
KHANDSE,2026-07-27,5348,5038,94.2
KICL,2026-07-27,1682,1181,70.21
KIMS,2026-07-27,392176,194462,49.59
KINGFA,2026-07-27,18705,4849,25.92
KIOCL,2026-07-27,63446,26088,41.12
KIRANVYPAR,2026-07-27,246,126,51.22
KIRIINDUS,2026-07-27,126856,69237,54.58
KIRLFER,2026-07-27,109886,69594,63.33
KIRLOSBROS,2026-07-27,62726,20179,32.17
KIRLOSENG,2026-07-27,537005,263851,49.13
KIRLOSIND,2026-07-27,2617,1083,41.38
KIRLPNU,2026-07-27,200249,89974,44.93
KISSHT,2026-07-27,1766690,848070,48.0
KITEX,2026-07-27,420805,197055,46.83
KKCL,2026-07-27,35517,22670,63.83
KLBRENG-B,2026-07-27,52812,39123,74.08
KMEW,2026-07-27,39707,12475,31.42
KMSUGAR,2026-07-27,110779,64787,58.48
KNACK,2026-07-27,2296861,651060,28.35
KNAGRI,2026-07-27,24096,14742,61.18
KNRCON,2026-07-27,343142,178225,51.94
KOHINOOR,2026-07-27,81373,16048,19.72
KOKUYOCMLN,2026-07-27,16269,11714,72.0
KOLTEPATIL,2026-07-27,38187,23737,62.16
KOTAKBANK,2026-07-27,16710096,12419233,74.32
KOTARISUG,2026-07-27,39790,28606,71.89
KOTHARIPET,2026-07-27,121244,52478,43.28
KOTHARIPRO,2026-07-27,4791,2715,56.67
KOTIC,2026-07-27,10204,5977,58.58
KOVAI,2026-07-27,3319,1562,47.06
KPEL,2026-07-27,162993,80029,49.1
KPIGREEN,2026-07-27,307348,141361,45.99
KPIL,2026-07-27,161452,79682,49.35
KPITTECH,2026-07-27,5068869,1130942,22.31
KPL,2026-07-27,19615,10171,51.85
KPRMILL,2026-07-27,225674,107294,47.54
KRBL,2026-07-27,157363,84877,53.94
KREBSBIO,2026-07-27,4036,3134,77.65
KRISHANA,2026-07-27,2829905,1422070,50.25
KRISHIVAL,2026-07-27,8398,6122,72.9
KRISHNADEF,2026-07-27,105239,44287,42.08
KRITIKA,2026-07-27,154171,77680,50.39
KRITINUT,2026-07-27,5193,4945,95.22
KRONOX,2026-07-27,102020,51186,50.17
KROSS,2026-07-27,1456808,510346,35.03
KRSNAA,2026-07-27,72447,47138,65.07
KRYSTAL,2026-07-27,9369,6879,73.42
KSB,2026-07-27,141045,50904,36.09
KSCL,2026-07-27,39047,20500,52.5
KSHINTL,2026-07-27,72826,33115,45.47
KSL,2026-07-27,23019,9101,39.54
KSOLVES,2026-07-27,35524,19481,54.84
KSR,2026-07-27,21014,17165,81.68
KTKBANK,2026-07-27,3550008,2017248,56.82
KUANTUM,2026-07-27,213786,94920,44.4
KUSUMGAR,2026-07-27,1108662,451576,40.73
KWIL,2026-07-27,5030799,2826388,56.18
LAGNAM,2026-07-27,25151,23253,92.45
LAL,2026-07-27,67053,43624,65.06
LALPATHLAB,2026-07-27,2106429,543118,25.78
LAMBODHARA,2026-07-27,2211,1484,67.12
LANCORHOL,2026-07-27,54742,23181,42.35
LANDMARK,2026-07-27,678636,196711,28.99
LANDSMILL,2026-07-27,15689177,6474504,41.27
LAOPALA,2026-07-27,88612,34655,39.11
LASA,2026-07-27,22892,19149,83.65
LASERPOWER,2026-07-27,5223714,1399280,26.79
LATENTVIEW,2026-07-27,5284442,995219,18.83
LAURUSLABS,2026-07-27,7989771,2480358,31.04
LAXMICOT,2026-07-27,26446,25963,98.17
LAXMIDENTL,2026-07-27,145098,98551,67.92
LCCINFOTEC,2026-07-27,63940,35836,56.05
LEMERITE,2026-07-27,530355,209328,39.47
LEMONTREE,2026-07-27,1685106,1002621,59.5
LENSKART,2026-07-27,4051944,2412543,59.54
LEXUS,2026-07-27,12698,10390,81.82
LFIC,2026-07-27,1339,1056,78.86
LGBBROSLTD,2026-07-27,17755,10506,59.17
LGEINDIA,2026-07-27,97519,50515,51.8
LGHL,2026-07-27,20414,2795,13.69
LIBAS,2026-07-27,31100,19030,61.19
LIBERTSHOE,2026-07-27,98288,32654,33.22
LICHSGFIN,2026-07-27,763125,377005,49.4
LICI,2026-07-27,1064234,437849,41.14
LICMFGOLD,2026-07-27,27101,11471,42.33
LICNETFGSC,2026-07-27,62005,38807,62.59
LICNETFN50,2026-07-27,302,162,53.64
LICNETFSEN,2026-07-27,13,11,84.62
LICNFNHGP,2026-07-27,129,96,74.42
LICNMID100,2026-07-27,7581,1747,23.04
LIKHITHA,2026-07-27,36538,19524,53.43
LINC,2026-07-27,19327,14778,76.46
LINCOLN,2026-07-27,12914,7164,55.47
LINDEINDIA,2026-07-27,17244,8403,48.73
LIQGRWBEES,2026-07-27,33787,23311,68.99
LIQUID,2026-07-27,219929,168533,76.63
LIQUID1,2026-07-27,617354,522564,84.65
LIQUIDADD,2026-07-27,646698,500364,77.37
LIQUIDBEES,2026-07-27,2867011,2373421,82.78
LIQUIDBETA,2026-07-27,2,2,100.0
LIQUIDBETF,2026-07-27,112886,74379,65.89
LIQUIDCASE,2026-07-27,13555490,9572200,70.61
LIQUIDETF,2026-07-27,54978,34270,62.33
LIQUIDIETF,2026-07-27,274535,222276,80.96
LIQUIDPLUS,2026-07-27,734165,454625,61.92
LIQUIDSBI,2026-07-27,6202,4333,69.86
LIQUIDSHRI,2026-07-27,1652,1281,77.54
LLOYDSENGG,2026-07-27,9220184,4363725,47.33
LLOYDSENT,2026-07-27,5630540,2441067,43.35
LLOYDSME,2026-07-27,1480673,782061,52.82
LMW,2026-07-27,4554,2514,55.2
LODHA,2026-07-27,4971286,1140247,22.94
LORDSCHLO,2026-07-27,135332,91051,67.28
LOTUSDEV,2026-07-27,7601080,2989970,39.34
LOTUSEYE,2026-07-27,65528,38506,58.76
LOVABLE,2026-07-27,17873,13554,75.84
LOWVOL,2026-07-27,79,79,100.0
LOWVOL1,2026-07-27,796393,662457,83.18
LOWVOLIETF,2026-07-27,3774766,3516150,93.15
LOYALTEX,2026-07-27,104,98,94.23
LPDC,2026-07-27,28889,23246,80.47
LT,2026-07-27,1454211,795426,54.7
LTF,2026-07-27,5922451,2028526,34.25
LTFOODS,2026-07-27,314585,173261,55.08
LTGILTBEES,2026-07-27,1259216,1098171,87.21
LTGILTCASE,2026-07-27,108123,104784,96.91
LTM,2026-07-27,468632,183821,39.23
LTTS,2026-07-27,106805,46459,43.5
LUMAXIND,2026-07-27,6273,3259,51.95
LUMAXTECH,2026-07-27,106677,44883,42.07
LUPIN,2026-07-27,1179096,737727,62.57
LUXIND,2026-07-27,15993,8990,56.21
LXCHEM,2026-07-27,3877963,1382674,35.65
M&M,2026-07-27,2264570,1354234,59.8
M&MFIN,2026-07-27,3518187,1462778,41.58
MAANALU,2026-07-27,26594,16959,63.77
MACPOWER,2026-07-27,9734,4989,51.25
MADHAV,2026-07-27,8781,7579,86.31
MADHAVIPL,2026-07-27,116737,89679,76.82
MADRASFERT,2026-07-27,38460,22950,59.67
MAFANG,2026-07-27,201030,150030,74.63
MAFATIND,2026-07-27,19820,14421,72.76
MAGADSUGAR,2026-07-27,6443,3400,52.77
MAGNUM,2026-07-27,180562,126910,70.29
MAHABANK,2026-07-27,13344525,6667788,49.97
MAHAPEXLTD,2026-07-27,7027,2966,42.21
MAHASTEEL,2026-07-27,9571,5817,60.78
MAHEPC,2026-07-27,81080,45614,56.26
MAHKTECH,2026-07-27,741183,660704,89.14
MAHLIFE,2026-07-27,485785,278968,57.43
MAHLOG,2026-07-27,920860,514956,55.92
MAHSCOOTER,2026-07-27,3651,1716,47.0
MAHSEAMLES,2026-07-27,30834,16943,54.95
MAITHANALL,2026-07-27,22763,14111,61.99
MAJESAUT,2026-07-27,18307,14232,77.74
MAKEINDIA,2026-07-27,24626,19297,78.36
MALLCOM,2026-07-27,2568,1894,73.75
MALUPAPER,2026-07-27,114211,35992,31.51
MAMATA,2026-07-27,56905,35684,62.71
MANAKALUCO,2026-07-27,32269,16247,50.35
MANAKCOAT,2026-07-27,574875,390195,67.87
MANAKSIA,2026-07-27,13352,7474,55.98
MANAKSTEEL,2026-07-27,22889,18719,81.78
MANALIPETC,2026-07-27,665825,271548,40.78
MANAPPURAM,2026-07-27,3881990,1863626,48.01
MANBA,2026-07-27,2948629,300908,10.21
MANCREDIT,2026-07-27,1930672,63660,3.3
MANGALAM,2026-07-27,8630,6465,74.91
MANGLMCEM,2026-07-27,13172,6860,52.08
MANINDS,2026-07-27,188808,95506,50.58
MANINFRA,2026-07-27,303888,105672,34.77
MANKIND,2026-07-27,185805,94420,50.82
MANOMAY,2026-07-27,203755,49045,24.07
MANORAMA,2026-07-27,286631,153242,53.46
MANUFGBEES,2026-07-27,2641,2509,95.0
MANYAVAR,2026-07-27,685960,392798,57.26
MAPMYINDIA,2026-07-27,309716,78388,25.31
MARATHON,2026-07-27,86840,44887,51.69
MARICO,2026-07-27,1006199,551556,54.82
MARINE,2026-07-27,1123801,479887,42.7
MARKOLINES,2026-07-27,161933,39310,24.28
MARKSANS,2026-07-27,2396136,964809,40.27
MARSONS,2026-07-27,1816057,299329,16.48
MARUTI,2026-07-27,333477,182035,54.59
MASFIN,2026-07-27,89217,49253,55.21
MASPTOP50,2026-07-27,54798,54798,100.0
MASTEK,2026-07-27,67476,35865,53.15
MASTERTR,2026-07-27,197521,60876,30.82
MATRIMONY,2026-07-27,10255,8150,79.47
MAXESTATES,2026-07-27,34563,18562,53.7
MAXHEALTH,2026-07-27,1759824,863901,49.09
MAXIND,2026-07-27,562325,197498,35.12
MAYURUNIQ,2026-07-27,144191,77089,53.46
MAZDOCK,2026-07-27,496352,155677,31.36
MBAPL,2026-07-27,5234794,1765575,33.73
MBEL,2026-07-27,100256,52322,52.19
MCCHRLS-B,2026-07-27,428,394,92.06
MCL,2026-07-27,11547,8023,69.48
MCLOUD,2026-07-27,2978257,938110,31.5
MCX,2026-07-27,932313,457600,49.08
MEDANTA,2026-07-27,320048,154526,48.28
MEDIASSIST,2026-07-27,259635,137411,52.92
MEDICAMEQ,2026-07-27,10041,7183,71.54
MEDICO,2026-07-27,417055,115957,27.8
MEDPLUS,2026-07-27,290079,189013,65.16
MEESHO,2026-07-27,7308444,2679307,36.66
MEGASTAR,2026-07-27,1758,842,47.9
MEIL,2026-07-27,157554,98599,62.58
MENNPIS,2026-07-27,49137,24585,50.03
MERCANTILE,2026-07-27,4890,1881,38.47
MERCURYEV,2026-07-27,224878,175203,77.91
METAL,2026-07-27,6529387,5309383,81.32
METALIETF,2026-07-27,8121000,5277932,64.99
METROBRAND,2026-07-27,12365,7000,56.61
METROGLOBL,2026-07-27,771,616,79.9
METROPOLIS,2026-07-27,357337,211317,59.14
MFML,2026-07-27,2710,2113,77.97
MFSL,2026-07-27,556988,307972,55.29
MGL,2026-07-27,98882,52673,53.27
MHLXMIRU,2026-07-27,10977,7736,70.47
MHRIL,2026-07-27,307825,209933,68.2
MID150,2026-07-27,22485,18452,82.06
MID150BEES,2026-07-27,563943,368671,65.37
MID150CASE,2026-07-27,795445,538520,67.7
MIDCAP,2026-07-27,442380,287222,64.93
MIDCAPADD,2026-07-27,9507,8878,93.38
MIDCAPBETA,2026-07-27,2126,1162,54.66
MIDCAPETF,2026-07-27,3452483,2339149,67.75
MIDCAPIETF,2026-07-27,1168042,727408,62.28
MIDHANI,2026-07-27,296453,131093,44.22
MIDQ50ADD,2026-07-27,48426,19372,40.0
MIDSELIETF,2026-07-27,292665,195123,66.67
MIDSMALL,2026-07-27,319857,254653,79.61
MIDWESTLTD,2026-07-27,5111,2543,49.76
MINDACORP,2026-07-27,363763,157066,43.18
MINDTECK,2026-07-27,42494,16654,39.19
MIRZAINT,2026-07-27,172855,62195,35.98
MITTAL,2026-07-27,232131,221015,95.21
MKPL,2026-07-27,60498,33069,54.66
MMFL,2026-07-27,85615,49622,57.96
MMP,2026-07-27,23515,12962,55.12
MMTC,2026-07-27,1108364,489808,44.19
MNC,2026-07-27,95001,66427,69.92
MOALPHA50,2026-07-27,4589,3156,68.77
MOBANK10,2026-07-27,40918,10777,26.34
MOBIKWIK,2026-07-27,546989,160310,29.31
MOCAPITAL,2026-07-27,854671,460721,53.91
MODEFENCE,2026-07-27,932426,469211,50.32
MODIRUBBER,2026-07-27,8306,7997,96.28
MODIS,2026-07-27,23204,9974,42.98
MODTHREAD,2026-07-27,1125,754,67.02
MOENERGY,2026-07-27,97054,74399,76.66
MOGOLD,2026-07-27,29570,19084,64.54
MOGSEC,2026-07-27,2058,1898,92.23
MOHEALTH,2026-07-27,38313,28315,73.9
MOHITIND,2026-07-27,2072,2056,99.23
MOIL,2026-07-27,186256,89807,48.22
MOINFRA,2026-07-27,1853,1617,87.26
MOIPO,2026-07-27,400,373,93.25
MOKSH,2026-07-27,355221,296375,83.43
MOL,2026-07-27,970285,388078,40.0
MOLDTECH,2026-07-27,316159,113018,35.75
MOLDTKPAC,2026-07-27,822742,129938,15.79
MOLOWVOL,2026-07-27,75470,69712,92.37
MOM100,2026-07-27,278744,179474,64.39
MOM30IETF,2026-07-27,343749,202264,58.84
MOM50,2026-07-27,3387,1781,52.58
MOMENTUM,2026-07-27,41144,23081,56.1
MOMENTUM30,2026-07-27,158504,147086,92.8
MOMENTUM50,2026-07-27,258131,172571,66.85
MOMGF,2026-07-27,1843,1468,79.65
MOMIDMTM,2026-07-27,21067,18193,86.36
MOMMIDCAP,2026-07-27,1369182,1290289,94.24
MOMNC,2026-07-27,4174,2436,58.36
MOMOMENTUM,2026-07-27,29914,19045,63.67
MON100,2026-07-27,202173,156993,77.65
MON50EQUAL,2026-07-27,2136,908,42.51
MONARCH,2026-07-27,5152604,847183,16.44
MONEXT50,2026-07-27,20734,20697,99.82
MONEYBOXX,2026-07-27,15866,8646,54.49
MONIFTY100,2026-07-27,25592,21261,83.08
MONIFTY500,2026-07-27,266755,190378,71.37
MONQ50,2026-07-27,78667,77510,98.53
MONTECARLO,2026-07-27,31887,20513,64.33
MOPSE,2026-07-27,298,171,57.38
MOQUALITY,2026-07-27,1241,1159,93.39
MOREALTY,2026-07-27,1495012,901891,60.33
MOREPENLAB,2026-07-27,9188433,2676128,29.12
MOSCHIP,2026-07-27,10880186,3020187,27.76
MOSERVICE,2026-07-27,732,721,98.5
MOSILVER,2026-07-27,42288,14960,35.38
MOSMALL250,2026-07-27,2536841,1619995,63.86
MOTHERSON,2026-07-27,13920800,7289624,52.36
MOTILALOFS,2026-07-27,1491913,465967,31.23
MOTISONS,2026-07-27,55312451,10117867,18.29
MOTOUR,2026-07-27,18426,15645,84.91
MOVALUE,2026-07-27,37211,24395,65.56
MPHASIS,2026-07-27,726071,306903,42.27
MPSLTD,2026-07-27,138352,45048,32.56
MRF,2026-07-27,3983,2109,52.95
MRPL,2026-07-27,11048279,3285071,29.73
MSCI360,2026-07-27,200,199,99.5
MSCIADD,2026-07-27,7046,4082,57.93
MSCIINDIA,2026-07-27,7520,5608,74.57
MSPL,2026-07-27,273518,171094,62.55
MSTCLTD,2026-07-27,119248,50722,42.53
MSUMI,2026-07-27,12207219,6617942,54.21
MTNL,2026-07-27,402941,192004,47.65
MUFIN,2026-07-27,802885,257864,32.12
MUFTI,2026-07-27,38027,16234,42.69
MUKANDLTD,2026-07-27,74299,48028,64.64
MUKKA,2026-07-27,415221,204762,49.31
MULTICAP,2026-07-27,129207,96885,74.98
MUNJALAU,2026-07-27,1121215,209633,18.7
MUNJALSHOW,2026-07-27,33075,16513,49.93
MURUDCERA,2026-07-27,6283,4783,76.13
MUTHOOTCAP,2026-07-27,32932,20964,63.66
MUTHOOTFIN,2026-07-27,517845,279315,53.94
MUTHOOTMF,2026-07-27,550120,259141,47.11
MVGJL,2026-07-27,178153,63661,35.73
MWL,2026-07-27,122360,49245,40.25
NACLIND,2026-07-27,801321,201850,25.19
NAGREEKCAP,2026-07-27,8853,6682,75.48
NAGREEKEXP,2026-07-27,9044,5912,65.37
NAHARCAP,2026-07-27,464,396,85.34
NAHARINDUS,2026-07-27,3146,2574,81.82
NAHARPOLY,2026-07-27,27752,20967,75.55
NAM-INDIA,2026-07-27,1164795,589422,50.6
NARMADA,2026-07-27,8722979,997271,11.43
NATCAPSUQ,2026-07-27,10409,8652,83.12
NATCOPHARM,2026-07-27,230818,124386,53.89
NATHBIOGEN,2026-07-27,11662,8230,70.57
NATIONALUM,2026-07-27,3868006,1767444,45.69
NATIONSTD,2026-07-27,2350,2350,100.0
NAUKRI,2026-07-27,2342436,1287287,54.96
NAVA,2026-07-27,385815,199088,51.6
NAVINFLUOR,2026-07-27,145527,83044,57.06
NAVKARCORP,2026-07-27,554802,284778,51.33
NAVNETEDUL,2026-07-27,97402,53055,54.47
NAZARA,2026-07-27,2329997,949112,40.73
NBCC,2026-07-27,6593505,1988563,30.16
NBIFIN,2026-07-27,282,175,62.06
NCC,2026-07-27,1809015,828200,45.78
NCLIND,2026-07-27,13681,6984,51.05
NDGL,2026-07-27,23,13,56.52
NDL,2026-07-27,601922,365017,60.64
NDLVENTURE,2026-07-27,18769,15303,81.53
NDRAUTO,2026-07-27,10841,5888,54.31
NDTV,2026-07-27,66049,28641,43.36
NELCAST,2026-07-27,2814717,358482,12.74
NELCO,2026-07-27,313008,83346,26.63
NEOGEN,2026-07-27,149380,45208,30.26
NEPHROPLUS,2026-07-27,105459,57179,54.22
NESCO,2026-07-27,243109,100476,41.33
NESTLEIND,2026-07-27,2030304,1244467,61.29
NETF,2026-07-27,1663,794,47.75
NETWEB,2026-07-27,992864,222495,22.41
NETWORK18,2026-07-27,2570517,1346708,52.39
NEULANDLAB,2026-07-27,27760,11547,41.6
NEWGEN,2026-07-27,1031928,331554,32.13
NEXT30ADD,2026-07-27,3648,2777,76.12
NEXT50,2026-07-27,10771,7141,66.3
NEXT50ADD,2026-07-27,8515,4543,53.35
NEXT50BETA,2026-07-27,168206,122574,72.87
NEXT50ETF,2026-07-27,7760,6889,88.78
NEXT50IETF,2026-07-27,515005,348058,67.58
NEXTMEDIA,2026-07-27,3707,2800,75.53
NFL,2026-07-27,449042,183371,40.84
NGLFINE,2026-07-27,7529,4013,53.3
NH,2026-07-27,398068,209001,52.5
NHPC,2026-07-27,6965651,1978427,28.4
NIACL,2026-07-27,2134634,576603,27.01
NIBE,2026-07-27,38476,22869,59.44
NIBL,2026-07-27,75798,34531,45.56
NIF100BEES,2026-07-27,28728,17483,60.86
NIF100IETF,2026-07-27,90927,34389,37.82
NIFTY1,2026-07-27,63870,35491,55.57
NIFTY100EW,2026-07-27,303393,299144,98.6
NIFTYADD,2026-07-27,7267,6034,83.03
NIFTYAXIS,2026-07-27,9305,5435,58.41
NIFTYBEES,2026-07-27,4597158,2417709,52.59
NIFTYBETA,2026-07-27,203133,194709,95.85
NIFTYBETF,2026-07-27,1303,1141,87.57
NIFTYCASE,2026-07-27,617863,553913,89.65
NIFTYETF,2026-07-27,254173,196647,77.37
NIFTYIETF,2026-07-27,488025,305258,62.55
NIFTYQLITY,2026-07-27,129814,80745,62.2
NIITLTD,2026-07-27,279744,83596,29.88
NIITMTS,2026-07-27,106665,46301,43.41
NILAINFRA,2026-07-27,131656,77358,58.76
NILASPACES,2026-07-27,266485,133583,50.13
NILE,2026-07-27,4403,2449,55.62
NILKAMAL,2026-07-27,115784,39216,33.87
NIPPOBATRY,2026-07-27,1501,1383,92.14
NIRLON,2026-07-27,2136,1443,67.56
NITCO,2026-07-27,350909,175453,50.0
NITINSPIN,2026-07-27,37676,20973,55.67
NITIRAJ,2026-07-27,7201,4554,63.24
NITTAGELA,2026-07-27,4547,2275,50.03
NIVABUPA,2026-07-27,408564,217165,53.15
NKIND,2026-07-27,108,105,97.22
NLCINDIA,2026-07-27,2030451,1151951,56.73
NMDC,2026-07-27,11291198,6340410,56.15
NOCIL,2026-07-27,158657,85279,53.75
NORBTEAEXP,2026-07-27,1649,1170,70.95
NORTHARC,2026-07-27,1178018,736448,62.52
NOVARTIND,2026-07-27,17325,9051,52.24
NPBET,2026-07-27,112,84,75.0
NPST,2026-07-27,85342,44198,51.79
NRAIL,2026-07-27,30020,12340,41.11
NRBBEARING,2026-07-27,359437,181840,50.59
NSIL,2026-07-27,1249,891,71.34
NSLNISP,2026-07-27,2439423,1156107,47.39
NTPC,2026-07-27,12350753,7673049,62.13
NTPCGREEN,2026-07-27,7973373,3493619,43.82
NUCLEUS,2026-07-27,15565,9740,62.58
NURECA,2026-07-27,41738,29374,70.38
NUVAMA,2026-07-27,475623,180303,37.91
NUVOCO,2026-07-27,372984,163687,43.89
NV20,2026-07-27,46773,32103,68.64
NV20BEES,2026-07-27,9268,4978,53.71
NV20IETF,2026-07-27,405194,252152,62.23
NYKAA,2026-07-27,3589386,1969542,54.87
OAL,2026-07-27,104430,55639,53.28
OBCL,2026-07-27,5694,5673,99.63
OBEROIRLTY,2026-07-27,300191,128508,42.81
OFSS,2026-07-27,460067,105874,23.01
OIL,2026-07-27,3806947,1652480,43.41
OILIETF,2026-07-27,1526748,1116613,73.14
OLAELEC,2026-07-27,25117046,5100967,20.31
OLECTRA,2026-07-27,221480,85249,38.49
OMAXE,2026-07-27,426419,167233,39.22
OMINFRAL,2026-07-27,50494,21081,41.75
OMNI,2026-07-27,193825,67398,34.77
OMPOWER,2026-07-27,78237,59169,75.63
ONEPOINT,2026-07-27,645094,438901,68.04
ONESOURCE,2026-07-27,717187,333651,46.52
ONGC,2026-07-27,19910285,10213655,51.3
ONWARDTEC,2026-07-27,178828,83728,46.82
OPTIEMUS,2026-07-27,90875,40874,44.98
ORCHASP,2026-07-27,163464,89054,54.48
ORCHPHARMA,2026-07-27,45685,19258,42.15
ORICONENT,2026-07-27,23561,17734,75.27
ORIENTALTL,2026-07-27,21731,17515,80.6
ORIENTBELL,2026-07-27,20779,12672,60.98
ORIENTCEM,2026-07-27,588926,361795,61.43
ORIENTCER,2026-07-27,49940,26897,53.86
ORIENTELEC,2026-07-27,584946,196446,33.58
ORIENTHOT,2026-07-27,368592,173321,47.02
ORIENTLTD,2026-07-27,682320,129445,18.97
ORIENTPPR,2026-07-27,472111,227167,48.12
ORIENTTECH,2026-07-27,7708727,283832,3.68
ORISSAMINE,2026-07-27,4123,2267,54.98
ORKLAINDIA,2026-07-27,38630,19867,51.43
OSWALAGRO,2026-07-27,51731,44342,85.72
OSWALGREEN,2026-07-27,56565,38492,68.05
OSWALPUMPS,2026-07-27,460219,240954,52.36
OSWALSEEDS,2026-07-27,56180,53530,95.28
PACEDIGITK,2026-07-27,602021,307816,51.13
PAGEIND,2026-07-27,11464,4994,43.56
PAISALO,2026-07-27,11574048,5322875,45.99
PAKKA,2026-07-27,98784,55966,56.65
PALASHSECU,2026-07-27,1245,1174,94.3
PANACEABIO,2026-07-27,125044,47923,38.32
PANAMAPET,2026-07-27,234411,120743,51.51
PANSARI,2026-07-27,14342,10503,73.23
PAR,2026-07-27,6057,4487,74.08
PARACABLES,2026-07-27,626892,301378,48.07
PARADEEP,2026-07-27,2556199,1142970,44.71
PARAGMILK,2026-07-27,276144,128523,46.54
PARAS,2026-07-27,577142,161089,27.91
PARASPETRO,2026-07-27,418011,342904,82.03
PARKHOSPS,2026-07-27,362975,218275,60.13
PARKHOTELS,2026-07-27,104829,61329,58.5
PASHUPATI,2026-07-27,65453,28030,42.82
PATANJALI,2026-07-27,6854453,2945479,42.97
PATELENG,2026-07-27,2998015,1806279,60.25
PATELRMART,2026-07-27,62137,18079,29.1
PAUSHAKLTD,2026-07-27,10693,7378,69.0
PAVNAIND,2026-07-27,26945,22418,83.2
PAYTM,2026-07-27,2199063,998693,45.41
PCBL,2026-07-27,666364,259548,38.95
PCJEWELLER,2026-07-27,139047251,32342703,23.26
PDMJEPAPER,2026-07-27,718707,246728,34.33
PDSL,2026-07-27,63849,24088,37.73
PENIND,2026-07-27,215484,95646,44.39
PERSISTENT,2026-07-27,557415,199838,35.85
PETRONET,2026-07-27,1308556,780424,59.64
PFC,2026-07-27,4447916,2531047,56.9
PFIZER,2026-07-27,36458,21385,58.66
PFOCUS,2026-07-27,623243,328650,52.73
PFS,2026-07-27,326119,195988,60.1
PGEL,2026-07-27,769994,207630,26.97
PGHH,2026-07-27,6458,4264,66.03
PGHL,2026-07-27,5453,2660,48.78
PGIL,2026-07-27,69227,32847,47.45
PHARMABEES,2026-07-27,5154164,2680726,52.01
PHOENIXLTD,2026-07-27,402381,196739,48.89
PICCADIL,2026-07-27,256342,123126,48.03
PIDILITIND,2026-07-27,1161586,647571,55.75
PIGL,2026-07-27,68901,27224,39.51
PIIND,2026-07-27,72244,33335,46.14
PILANIINVS,2026-07-27,455,273,60.0
PINELABS,2026-07-27,5482549,2403597,43.84
PIONEEREMB,2026-07-27,10875,8628,79.34
PIONRINV,2026-07-27,1140,868,76.14
PIRAMALFIN,2026-07-27,343746,221055,64.31
PITTIENG,2026-07-27,18937,5992,31.64
PIXTRANS,2026-07-27,7305,3918,53.63
PKTEA,2026-07-27,72,68,94.44
PLASTIBLEN,2026-07-27,70294,37970,54.02
PLATIND,2026-07-27,180514,98487,54.56
PML,2026-07-27,912,852,93.42
PNB,2026-07-27,12850732,6156107,47.9
PNBGILTS,2026-07-27,163759,79567,48.59
PNBHOUSING,2026-07-27,937828,470444,50.16
PNC,2026-07-27,1317,930,70.62
PNCINFRA,2026-07-27,405716,161135,39.72
PNGJL,2026-07-27,2989095,766558,25.65
PNGSREVA,2026-07-27,90394,39232,43.4
POCL,2026-07-27,361002,179327,49.67
PODDARMENT,2026-07-27,12740,7400,58.08
POKARNA,2026-07-27,44988,20483,45.53
POLICYBZR,2026-07-27,638636,333737,52.26
POLYCAB,2026-07-27,232047,113873,49.07
POLYMED,2026-07-27,148378,37665,25.38
POLYPLEX,2026-07-27,117512,71067,60.48
PONNIERODE,2026-07-27,29277,23370,79.82
POONAWALLA,2026-07-27,664006,303140,45.65
POWERGRID,2026-07-27,12143388,9007264,74.17
POWERICA,2026-07-27,172709,91989,53.26
POWERINDIA,2026-07-27,125914,57634,45.77
POWERMECH,2026-07-27,133658,66045,49.41
PPLPHARMA,2026-07-27,15154930,6249608,41.24
PRABHA,2026-07-27,19298,13136,68.07
PRAENG,2026-07-27,60742,44081,72.57
PRAJIND,2026-07-27,715781,363356,50.76
PRAKASH,2026-07-27,230451,122323,53.08
PRAKASHSTL,2026-07-27,140092,72625,51.84
PRAVEG,2026-07-27,306929,116054,37.81
PRECAM,2026-07-27,244587,53496,21.87
PRECOT,2026-07-27,4729,3297,69.72
PRECWIRE,2026-07-27,87364,41158,47.11
PREMCO,2026-07-27,174,167,95.98
PREMEXPLN,2026-07-27,127897,58933,46.08
PREMIERENE,2026-07-27,547770,181278,33.09
PREMIERPOL,2026-07-27,328951,176059,53.52
PRESTIGE,2026-07-27,652716,380186,58.25
PRICOLLTD,2026-07-27,1352331,551621,40.79
PRIMESECU,2026-07-27,5127,1859,36.26
PRIMO,2026-07-27,87137,40849,46.88
PRINCEPIPE,2026-07-27,116284,58952,50.7
PRIVISCL,2026-07-27,41625,26184,62.9
PROSTARM,2026-07-27,101957,50032,49.07
PROTEAN,2026-07-27,911326,385472,42.3
PROZONER,2026-07-27,92301,48138,52.15
PRSMJOHNSN,2026-07-27,50253,24275,48.31
PRUDENT,2026-07-27,133291,60345,45.27
PSB,2026-07-27,1506830,540039,35.84
PSPPROJECT,2026-07-27,79166,35146,44.4
PSUBANK,2026-07-27,116885,46580,39.85
PSUBANKADD,2026-07-27,42707,20413,47.8
PSUBNKBEES,2026-07-27,1152191,547748,47.54
PSUBNKIETF,2026-07-27,110680,53331,48.18
PTC,2026-07-27,430444,242568,56.35
PTCIL,2026-07-27,14951,5467,36.57
PTL,2026-07-27,29842,18250,61.16
PUNJABCHEM,2026-07-27,6941,3994,57.54
PURVA,2026-07-27,113195,54241,47.92
PVP,2026-07-27,1123455,303538,27.02
PVRINOX,2026-07-27,1608571,626497,38.95
PVSL,2026-07-27,33294,21532,64.67
PVTBANIETF,2026-07-27,1566539,961192,61.36
PVTBANK,2026-07-27,3633,2231,61.41
PVTBANKADD,2026-07-27,39736,28370,71.4
PVTBKGROWW,2026-07-27,28408,8375,29.48
PWL,2026-07-27,10401923,4155882,39.95
PYRAMID,2026-07-27,4561988,749381,16.43
QGOLDHALF,2026-07-27,196523,86484,44.01
QMSMEDI,2026-07-27,10371,5011,48.32
QNIFTY,2026-07-27,7185,5577,77.62
QUADFUTURE,2026-07-27,226958,105757,46.6
QUAL30IETF,2026-07-27,198857,137767,69.28
QUALITY30,2026-07-27,75740,55309,73.02
QUESS,2026-07-27,123913,53232,42.96
QUINT,2026-07-27,1083,540,49.86
RACE,2026-07-27,9795,9294,94.89
RACLGEAR,2026-07-27,34422,12559,36.49
RADAAN,2026-07-27,23468,14532,61.92
RADHIKAJWE,2026-07-27,1931509,363454,18.82
RADIANTCMS,2026-07-27,76166,50576,66.4
RADICO,2026-07-27,515365,284624,55.23
RADIOCITY,2026-07-27,106089,92313,87.01
RAILTEL,2026-07-27,291361,101090,34.7
RAIN,2026-07-27,3339585,1348602,40.38
RAINBOW,2026-07-27,44019,24712,56.14
RAJMET,2026-07-27,162977,120144,73.72
RAJPALAYAM,2026-07-27,982,672,68.43
RAJRATAN,2026-07-27,459053,182550,39.77
RAJSREESUG,2026-07-27,12214,6741,55.19
RAJTV,2026-07-27,26518,19509,73.57
RALLIS,2026-07-27,1235821,569903,46.12
RAMANEWS,2026-07-27,12069,8826,73.13
RAMAPHO,2026-07-27,55794,42055,75.38
RAMBHAJO,2026-07-27,296930,113819,38.33
RAMCOCEM,2026-07-27,58579,32589,55.63
RAMCOIND,2026-07-27,261964,83061,31.71
RAMCOSYS,2026-07-27,1208773,355799,29.43
RAMKY,2026-07-27,40579,21739,53.57
RAMRAT,2026-07-27,105248,68678,65.25
RANASUG,2026-07-27,69252,44088,63.66
RANEHOLDIN,2026-07-27,8218,4690,57.07
RATEGAIN,2026-07-27,189729,100436,52.94
RATNAMANI,2026-07-27,17021,9684,56.89
RATNAVEER,2026-07-27,53640552,3947114,7.36
RAYMOND,2026-07-27,781629,368576,47.15
RAYMONDLSL,2026-07-27,92348,56387,61.06
RAYMONDREL,2026-07-27,275017,118316,43.02
RBA,2026-07-27,10453213,4478912,42.85
RBLBANK,2026-07-27,6318621,3487986,55.2
RBZJEWEL,2026-07-27,83688,31329,37.44
RCF,2026-07-27,511013,154905,30.31
RECLTD,2026-07-27,9400642,5219657,55.52
REDINGTON,2026-07-27,8059901,1614165,20.03
REDTAPE,2026-07-27,178327,83540,46.85
REFEX,2026-07-27,777695,374657,48.18
REGENCERAM,2026-07-27,8301,7959,95.88
RELAXO,2026-07-27,363059,79994,22.03
RELCHEMQ,2026-07-27,7670,6882,89.73
RELIABLE,2026-07-27,6897,4348,63.04
RELIANCE,2026-07-27,7163132,4761835,66.48
RELIGARE,2026-07-27,1314228,624747,47.54
RELTD,2026-07-27,195941,78603,40.12
REMSONSIND,2026-07-27,25643,14769,57.59
RENUKA,2026-07-27,2679724,1364125,50.91
REPCOHOME,2026-07-27,49776,29039,58.34
REPRO,2026-07-27,7224,5475,75.79
RESPONIND,2026-07-27,117789,50058,42.5
RETAIL,2026-07-27,6597,5718,86.68
RGL,2026-07-27,185414,144778,78.08
RHETAN,2026-07-27,14137548,867383,6.14
RHIM,2026-07-27,491685,239767,48.76
RHL,2026-07-27,2573,1511,58.73
RICOAUTO,2026-07-27,4112427,1602246,38.96
RIIL,2026-07-27,40985,15958,38.94
RIR,2026-07-27,41734,25678,61.53
RISHABH,2026-07-27,71724,23197,32.34
RITCO,2026-07-27,465386,259823,55.83
RITES,2026-07-27,407264,167196,41.05
RKDL,2026-07-27,11245,9697,86.23
RKEC,2026-07-27,35907,24318,67.72
RKFORGE,2026-07-27,12147443,2810375,23.14
RKSWAMY,2026-07-27,84741,62337,73.56
RMC,2026-07-27,33262,19836,59.64
RMDRIP,2026-07-27,2603869,1150160,44.17
RML,2026-07-27,23632,11512,48.71
RNBDENIMS,2026-07-27,221590,112861,50.93
ROHLTD,2026-07-27,27913,16947,60.71
ROLEXRINGS,2026-07-27,2182897,1238760,56.75
ROML,2026-07-27,1122,934,83.24
ROSSARI,2026-07-27,230496,100500,43.6
ROSSELLIND,2026-07-27,16220,8241,50.81
ROSSTECH,2026-07-27,98539,47972,48.68
ROTO,2026-07-27,235371,112798,47.92
ROUTE,2026-07-27,1114587,326150,29.26
RPEL,2026-07-27,44411,26143,58.87
RPGLIFE,2026-07-27,16187,6714,41.48
RPOWER,2026-07-27,18164482,6190995,34.08
RPPINFRA,2026-07-27,19583,13335,68.09
RPPL,2026-07-27,60125,27728,46.12
RPSGVENT,2026-07-27,10079,8160,80.96
RPTECH,2026-07-27,450228,241194,53.57
RRIL,2026-07-27,16410,9655,58.84
RRKABEL,2026-07-27,1757341,536680,30.54
RSDFIN,2026-07-27,45,35,77.78
RSL,2026-07-27,520856,262339,50.37
RSYSTEMS,2026-07-27,416728,174397,41.85
RTNINDIA,2026-07-27,748701,232937,31.11
RTNPOWER,2026-07-27,15468021,4378323,28.31
RUBFILA,2026-07-27,26296,18184,69.15
RUBICON,2026-07-27,221234,106397,48.09
RUCHINFRA,2026-07-27,150702,83593,55.47
RUCHIRA,2026-07-27,91315,42443,46.48
RUDRA,2026-07-27,179860,92895,51.65
RUPA,2026-07-27,31691,15134,47.75
RUSHIL,2026-07-27,739683,336827,45.54
RUSTOMJEE,2026-07-27,15906,10454,65.72
RVHL,2026-07-27,11867,7458,62.85
RVNL,2026-07-27,3968892,1079420,27.2
RVTH,2026-07-27,588,431,73.3
S&SPOWER,2026-07-27,1473,1134,76.99
SAATVIKGL,2026-07-27,36176,18994,52.5
SABEVENTS,2026-07-27,3088,3088,100.0
SADBHAV,2026-07-27,372056,210277,56.52
SAFARI,2026-07-27,14865,8693,58.48
SAGARDEEP,2026-07-27,19495,10517,53.95
SAGCEM,2026-07-27,101734,26722,26.27
SAGILITY,2026-07-27,111335747,33852912,30.41
SAHLIBHFI,2026-07-27,6670,6666,99.94
SAHYADRI,2026-07-27,5414,4230,78.13
SAIL,2026-07-27,13672214,5161518,37.75
SAILIFE,2026-07-27,476995,220667,46.26
SAIPARENT,2026-07-27,92370,46974,50.85
SAKAR,2026-07-27,110028,48711,44.27
SAKHTISUG,2026-07-27,40599,29622,72.96
SAKSOFT,2026-07-27,891947,326418,36.6
SAKUMA,2026-07-27,610676,552115,90.41
SALASAR,2026-07-27,2052725,1228975,59.87
SALONA,2026-07-27,3113,2795,89.78
SALZERELEC,2026-07-27,37291,21332,57.2
SAMBHAAV,2026-07-27,36534,30961,84.75
SAMBHV,2026-07-27,1861564,786959,42.27
SAMHI,2026-07-27,1037485,526166,50.72
SAMMAANCAP,2026-07-27,4635674,2739916,59.11
SAMPANN,2026-07-27,15932,7040,44.19
SANATHAN,2026-07-27,91043,52848,58.05
SANDESH,2026-07-27,1183,872,73.71
SANDHAR,2026-07-27,88230,47898,54.29
SANDUMA,2026-07-27,457227,244029,53.37
SANGAMIND,2026-07-27,22980,13060,56.83
SANGHVIMOV,2026-07-27,353824,159334,45.03
SANOFI,2026-07-27,9673,6211,64.21
SANOFICONR,2026-07-27,4106,2450,59.67
SANSERA,2026-07-27,106918,58144,54.38
SANSTAR,2026-07-27,889963,284784,32.0
SAPPHIRE,2026-07-27,5604160,1270911,22.68
SAPPL,2026-07-27,2178,1628,74.75
SARDAEN,2026-07-27,252108,123948,49.16
SAREGAMA,2026-07-27,625299,178260,28.51
SARLAPOLY,2026-07-27,43638,19363,44.37
SARVESHWAR,2026-07-27,2648664,1841447,69.52
SASKEN,2026-07-27,29549,19947,67.5
SATIA,2026-07-27,177018,100348,56.69
SATIN,2026-07-27,864860,402430,46.53
SAURASHCEM,2026-07-27,58445,36166,61.88
SAYAJIHOTL,2026-07-27,18,18,100.0
SBC,2026-07-27,7111649,2634764,37.05
SBCL,2026-07-27,113371,57259,50.51
SBFC,2026-07-27,2682881,1333178,49.69
SBGLP,2026-07-27,8601,4422,51.41
SBIBPB,2026-07-27,38973,15544,39.88
SBICARD,2026-07-27,2047438,517868,25.29
SBIETFCON,2026-07-27,5293,4520,85.4
SBIETFIT,2026-07-27,21983,18807,85.55
SBIETFPB,2026-07-27,47807,41440,86.68
SBIETFQLTY,2026-07-27,1953,1713,87.71
SBIFUNDS,2026-07-27,4053030,2307930,56.94
SBILIFE,2026-07-27,1098594,708888,64.53
SBILIQETF,2026-07-27,10099,8969,88.81
SBIMIDMOM,2026-07-27,6730,4686,69.63
SBIN,2026-07-27,6093002,3410763,55.98
SBINEQWETF,2026-07-27,21923,9136,41.67
SBINMID150,2026-07-27,12561,9782,77.88
SBISILVER,2026-07-27,718371,302109,42.05
SBISMLETF,2026-07-27,82159,67607,82.29
SBIVALETF,2026-07-27,1542,951,61.67
SCANSTL,2026-07-27,192347,130393,67.79
SCHAEFFLER,2026-07-27,88323,58697,66.46
SCHAND,2026-07-27,15004,10333,68.87
SCHNEIDER,2026-07-27,190172,87968,46.26
SCI,2026-07-27,2204031,820576,37.23
SCILAL,2026-07-27,252633,135345,53.57
SCODATUBES,2026-07-27,106946,65669,61.4
SCPL,2026-07-27,37999,22121,58.21
SDBL,2026-07-27,663692,241137,36.33
SEAMECLTD,2026-07-27,48371,27988,57.86
SECMARK,2026-07-27,1418,1301,91.75
SECURKLOUD,2026-07-27,26703,19238,72.04
SEDEMAC,2026-07-27,121002,71895,59.42
SEIL,2026-07-27,166692,115330,69.19
SELECTIPO,2026-07-27,78456,52238,66.58
SELMC,2026-07-27,10143,7133,70.32
SENCO,2026-07-27,18605457,2951850,15.87
SENORES,2026-07-27,422207,157869,37.39
SENSEXADD,2026-07-27,4521,2358,52.16
SENSEXAXIS,2026-07-27,1893,1167,61.65
SENSEXBETA,2026-07-27,632,422,66.77
SENSEXETF,2026-07-27,11713,7132,60.89
SENSEXIETF,2026-07-27,5128,2619,51.07
SEPC,2026-07-27,7117363,3122915,43.88
SERVOTECH,2026-07-27,402420,213534,53.06
SESHAPAPER,2026-07-27,3834474,393215,10.25
SETF10GILT,2026-07-27,11881,10433,87.81
SETFGOLD,2026-07-27,4063612,2734418,67.29
SETFNIF50,2026-07-27,681087,467040,68.57
SETFNIFBK,2026-07-27,93554,59190,63.27
SETFNN50,2026-07-27,28560,20967,73.41
SETL,2026-07-27,630188,350034,55.54
SFL,2026-07-27,180984,100255,55.39
SGFIN,2026-07-27,455519,224510,49.29
SGIL,2026-07-27,7999,5413,67.67
SGL,2026-07-27,8368,5553,66.36
SGMART,2026-07-27,570078,265394,46.55
SHADOWFAX,2026-07-27,9482795,5551754,58.55
SHAH,2026-07-27,10711590,2167577,20.24
SHAHALLOYS,2026-07-27,11571,9186,79.39
SHAILY,2026-07-27,187201,85372,45.6
SHAKTIPUMP,2026-07-27,1075712,419500,39.0
SHALBY,2026-07-27,52497,36629,69.77
SHALPAINTS,2026-07-27,1020167,537355,52.67
SHANKARA,2026-07-27,59276,46067,77.72
SHANTI,2026-07-27,16941,12885,76.06
SHANTIGEAR,2026-07-27,59845,50486,84.36
SHANTIGOLD,2026-07-27,6334728,1588440,25.08
SHARDACROP,2026-07-27,99553,48578,48.8
SHARDAMOTR,2026-07-27,17392,8088,46.5
SHAREINDIA,2026-07-27,1931245,689654,35.71
SHARIABEES,2026-07-27,4713,2415,51.24
SHBAJRG,2026-07-27,4169,3972,95.27
SHEKHAWATI,2026-07-27,39443,33025,83.73
SHILCTECH,2026-07-27,16459,8613,52.33
SHILPAMED,2026-07-27,305420,130857,42.84
SHINDL,2026-07-27,153272,20573,13.42
SHIVATEX,2026-07-27,12670,11564,91.27
SHIVAUM,2026-07-27,459,353,76.91
SHK,2026-07-27,897665,464659,51.76
SHOPERSTOP,2026-07-27,74429,43476,58.41
SHRADHA,2026-07-27,23358,7914,33.88
SHREDIGCEM,2026-07-27,191765,105552,55.04
SHREECEM,2026-07-27,12362,4703,38.04
SHREEJISPG,2026-07-27,465367,123068,26.45
SHREEPUSHK,2026-07-27,31992,16111,50.36
SHREERAMA,2026-07-27,70193,42638,60.74
SHREYANIND,2026-07-27,10292,8051,78.23
SHRIKRISH,2026-07-27,1147,966,84.22
SHRINGARMS,2026-07-27,449501,119307,26.54
SHRIPISTON,2026-07-27,37326,19357,51.86
SHRIRAMFIN,2026-07-27,9459410,5021612,53.09
SHRIRAMPPS,2026-07-27,453613,172062,37.93
SHYAMMETL,2026-07-27,215142,127225,59.14
SICAGEN,2026-07-27,9920,5616,56.61
SICALLOG,2026-07-27,52165,36788,70.52
SIEMENS,2026-07-27,273869,113655,41.5
SIGIND,2026-07-27,10379,6165,59.4
SIGMA,2026-07-27,32228,19514,60.55
SIGNATURE,2026-07-27,373293,77220,20.69
SIGNPOST,2026-07-27,141701,95509,67.4
SIKA,2026-07-27,25631,10958,42.75
SIKKO,2026-07-27,1714553,947639,55.27
SIL,2026-07-27,18124,12918,71.28
SILGO,2026-07-27,110292,14714,13.34
SILINV,2026-07-27,572,423,73.95
SILLYMONKS,2026-07-27,7218,6073,84.14
SILVER,2026-07-27,624616,299037,47.88
SILVER1,2026-07-27,4424404,1425516,32.22
SILVER360,2026-07-27,4406,2204,50.02
SILVERADD,2026-07-27,134183,55855,41.63
SILVERAG,2026-07-27,111506,46384,41.6
SILVERAXIS,2026-07-27,339216,208159,61.36
SILVERBEES,2026-07-27,15004369,6134819,40.89
SILVERBETA,2026-07-27,455862,293718,64.43
SILVERBND,2026-07-27,4971,2469,49.67
SILVERCASE,2026-07-27,4740474,2517122,53.1
SILVERIETF,2026-07-27,3060224,1904460,62.23
SILVERTUC,2026-07-27,498869,185492,37.18
SIMPLEXINF,2026-07-27,33878,20748,61.24
SINCLAIR,2026-07-27,25889,19410,74.97
SINDHUTRAD,2026-07-27,380342,160318,42.15
SINGERIND,2026-07-27,15495,9172,59.19
SINTERCOM,2026-07-27,1780,1614,90.67
SIRCA,2026-07-27,263633,130558,49.52
SIS,2026-07-27,53598,35915,67.01
SIYSIL,2026-07-27,29239,14384,49.19
SJS,2026-07-27,150999,82137,54.4
SJVN,2026-07-27,1134315,530949,46.81
SKFINDIA,2026-07-27,37000,19090,51.59
SKFINDUS,2026-07-27,20891,14909,71.37
SKIPPER,2026-07-27,627753,288140,45.9
SKMEGGPROD,2026-07-27,363976,189967,52.19
SKYGOLD,2026-07-27,892937,401473,44.96
SMALL250,2026-07-27,222124,124729,56.15
SMALLADD,2026-07-27,23494,17448,74.27
SMALLCAP,2026-07-27,2385511,1518368,63.65
SMALLGROWW,2026-07-27,5442,3384,62.18
SMALLIETF,2026-07-27,174063,91894,52.79
SMARTWORKS,2026-07-27,71669,43634,60.88
SMCGLOBAL,2026-07-27,323030,115632,35.8
SML100CASE,2026-07-27,1044125,905602,86.73
SMLMAH,2026-07-27,55979,27105,48.42
SMLT,2026-07-27,2860,1825,63.81
SMSPHARMA,2026-07-27,98936,46938,47.44
SNOWMAN,2026-07-27,76393,44739,58.56
SNXT30BEES,2026-07-27,9042,8244,91.17
SNXT50BETA,2026-07-27,2198,1535,69.84
SOBHA,2026-07-27,102281,39692,38.81
SOLARA,2026-07-27,579028,235907,40.74
SOLARINDS,2026-07-27,55560,17786,32.01
SOLARWORLD,2026-07-27,72842,29267,40.18
SOLEX,2026-07-27,31977,13252,41.44
SOMANYCERA,2026-07-27,82778,48860,59.03
SOMATEX,2026-07-27,12803,7264,56.74
SOMICONVEY,2026-07-27,2298,1405,61.14
SONACOMS,2026-07-27,2803460,1362024,48.58
SONAL,2026-07-27,49,49,100.0
SONAMLTD,2026-07-27,162741,119218,73.26
SONATSOFTW,2026-07-27,1008207,275288,27.3
SOTL,2026-07-27,555851,184665,33.22
SOUTHBANK,2026-07-27,15756388,7300472,46.33
SOUTHWEST,2026-07-27,59299,35484,59.84
SPAL,2026-07-27,48101,17344,36.06
SPANDANA,2026-07-27,394494,160187,40.61
SPARC,2026-07-27,940079,425385,45.25
SPCENET,2026-07-27,400917,300696,75.0
SPECIALITY,2026-07-27,60151,34202,56.86
SPECTRUM,2026-07-27,16799,8378,49.87
SPENCERS,2026-07-27,102442,44602,43.54
SPIC,2026-07-27,145392,69123,47.54
SPLIL,2026-07-27,12261,11646,94.98
SPLPETRO,2026-07-27,530640,250090,47.13
SPMLINFRA,2026-07-27,105665,64125,60.69
SPORTKING,2026-07-27,377432,188942,50.06
SRD,2026-07-27,12087,11652,96.4
SREEL,2026-07-27,8964,6956,77.6
SRF,2026-07-27,1098350,778762,70.9
SRGHFL,2026-07-27,2075,1575,75.9
SRHHYPOLTD,2026-07-27,2326,1534,65.95
SRM,2026-07-27,84861,44762,52.75
SRTL,2026-07-27,22847,17029,74.53
SSDL,2026-07-27,6291,4280,68.03
SSWL,2026-07-27,1751734,789677,45.08
STALLION,2026-07-27,4447620,1134639,25.51
STANLEY,2026-07-27,69297,42485,61.31
STAR,2026-07-27,248701,135177,54.35
STARCEMENT,2026-07-27,283032,199853,70.61
STARHEALTH,2026-07-27,380389,232308,61.07
STARPAPER,2026-07-27,62899,30295,48.16
STARTECK,2026-07-27,8020,86,1.07
STCINDIA,2026-07-27,20013,12371,61.81
STEELCAS,2026-07-27,48582,23674,48.73
STEELCITY,2026-07-27,3413,1987,58.22
STEELXIND,2026-07-27,987072,667155,67.59
STEL,2026-07-27,2644,2229,84.3
STOVEKRAFT,2026-07-27,211211,130227,61.66
STUDDS,2026-07-27,50266,28301,56.3
STYL,2026-07-27,226335,100365,44.34
STYLAMIND,2026-07-27,107652,27611,25.65
STYRENIX,2026-07-27,40493,23038,56.89
SUBROS,2026-07-27,25232,11024,43.69
SUDARCOLOR,2026-07-27,2478,1941,78.33
SUDARSCHEM,2026-07-27,108653,54738,50.38
SUDEEPPHRM,2026-07-27,412880,200428,48.54
SUKHJITS,2026-07-27,50565,35784,70.77
SULA,2026-07-27,193841,107911,55.67
SUMEETINDS,2026-07-27,15398,15398,100.0
SUMICHEM,2026-07-27,1891044,237475,12.56
SUMMITSEC,2026-07-27,1177,898,76.3
SUNCLAY,2026-07-27,3698,2702,73.07
SUNDARAM,2026-07-27,240203,189711,78.98
SUNDARMFIN,2026-07-27,45216,24899,55.07
SUNDRMFAST,2026-07-27,42536,27957,65.73
SUNDROP,2026-07-27,19408,12586,64.85
SUNFLAG,2026-07-27,253363,146559,57.85
SUNPHARMA,2026-07-27,5414380,4497897,83.07
SUNTECK,2026-07-27,220959,124312,56.26
SUNTV,2026-07-27,194633,113042,58.08
SUPERHOUSE,2026-07-27,29541,13979,47.32
SUPRAJIT,2026-07-27,51535,29286,56.83
SUPREME,2026-07-27,12502,7045,56.35
SUPREMEIND,2026-07-27,184892,77603,41.97
SUPREMEINF,2026-07-27,52721,17540,33.27
SUPRIYA,2026-07-27,126906,60118,47.37
SURAJEST,2026-07-27,10285,4723,45.92
SURAJLTD,2026-07-27,20090,3070,15.28
SURAKSHA,2026-07-27,39484,27645,70.02
SURANASOL,2026-07-27,1016676,400656,39.41
SURANAT&P,2026-07-27,37999,26925,70.86
SURYALA,2026-07-27,2050,1694,82.63
SURYALAXMI,2026-07-27,3003,2214,73.73
SURYAROSNI,2026-07-27,306470,148681,48.51
SURYODAY,2026-07-27,7154365,824699,11.53
SUVEN,2026-07-27,511043,238969,46.76
SUVIDHAA,2026-07-27,184448,123133,66.76
SUYOG,2026-07-27,39422,19880,50.43
SUZLON,2026-07-27,45205048,15816005,34.99
SWANCORP,2026-07-27,642483,158516,24.67
SWARAJENG,2026-07-27,5972,3434,57.5
SWELECTES,2026-07-27,7163,3767,52.59
SWIGGY,2026-07-27,23908041,11095717,46.41
SWSOLAR,2026-07-27,898320,323932,36.06
SYMPHONY,2026-07-27,66975,37793,56.43
SYNCOMF,2026-07-27,916672,448832,48.96
SYNGENE,2026-07-27,530732,319037,60.11
SYRMA,2026-07-27,1172726,539606,46.01
TAALTECH,2026-07-27,1376,789,57.34
TAINWALCHM,2026-07-27,1581,1081,68.37
TAJGVK,2026-07-27,45792,24738,54.02
TAKE,2026-07-27,750641,669205,89.15
TALBROAUTO,2026-07-27,192371,97794,50.84
TANLA,2026-07-27,1295942,429570,33.15
TARACHAND,2026-07-27,126981,91816,72.31
TARAPUR,2026-07-27,15607,11386,72.95
TARC,2026-07-27,1167549,564449,48.34
TARIL,2026-07-27,1500221,535341,35.68
TARMAT,2026-07-27,3513,2868,81.64
TARSONS,2026-07-27,208664,101636,48.71
TASTYBITE,2026-07-27,1070,516,48.22
TATACAP,2026-07-27,939267,448551,47.76
TATACHEM,2026-07-27,279049,136635,48.96
TATACOMM,2026-07-27,387586,196784,50.77
TATACONSUM,2026-07-27,2360635,1078827,45.7
TATAELXSI,2026-07-27,512981,225759,44.01
TATAGOLD,2026-07-27,34204483,11560113,33.8
TATAINVEST,2026-07-27,222641,96195,43.21
TATAPOWER,2026-07-27,2369047,1056365,44.59
TATASTEEL,2026-07-27,11857396,6546403,55.21
TATATECH,2026-07-27,395025,157289,39.82
TATSILV,2026-07-27,27187970,10271871,37.78
TATVA,2026-07-27,242226,95129,39.27
TBOTEK,2026-07-27,211003,67522,32.0
TBZ,2026-07-27,2863637,774128,27.03
TCC,2026-07-27,24543,13404,54.61
TCI,2026-07-27,22111,13144,59.45
TCIEXP,2026-07-27,17695,9254,52.3
TCPLPACK,2026-07-27,1811,892,49.25
TCS,2026-07-27,4007292,1895782,47.31
TDPOWERSYS,2026-07-27,336514,142223,42.26
TEAMGTY,2026-07-27,888,472,53.15
TEAMLEASE,2026-07-27,67591,49243,72.85
TECH,2026-07-27,58977,47296,80.19
TECHM,2026-07-27,1513324,696816,46.05
TECHNOE,2026-07-27,132972,77923,58.6
TECHNVISN,2026-07-27,6009,1744,29.02
TECILCHEM,2026-07-27,3125,2044,65.41
TEGA,2026-07-27,114630,64940,56.65
TEJASNET,2026-07-27,2141738,505912,23.62
TEMBO,2026-07-27,316273,75225,23.78
TENNIND,2026-07-27,882273,668140,75.73
TERASOFT,2026-07-27,7717,6447,83.54
TEXINFRA,2026-07-27,119740,88086,73.56
TEXMOPIPES,2026-07-27,11906,6833,57.39
TEXRAIL,2026-07-27,1120929,476962,42.55
TFCILTD,2026-07-27,43311808,17085870,39.45
TFL,2026-07-27,13657,7539,55.2
TGBHOTELS,2026-07-27,91333,52528,57.51
THAKDEV,2026-07-27,1202,1049,87.27
THANGAMAYL,2026-07-27,301466,76527,25.38
THEINVEST,2026-07-27,3215,2544,79.13
THEJO,2026-07-27,3500,2207,63.06
THELEELA,2026-07-27,227395,116458,51.21
THEMISMED,2026-07-27,33238,13716,41.27
THERMAX,2026-07-27,152455,73768,48.39
THOMASCOOK,2026-07-27,705450,328797,46.61
THOMASCOTT,2026-07-27,75894,27847,36.69
THYROCARE,2026-07-27,3960893,1131323,28.56
TI,2026-07-27,404982,225164,55.6
TIIL,2026-07-27,4643,2385,51.37
TIINDIA,2026-07-27,262758,125926,47.92
TIJARIA,2026-07-27,103922,61378,59.06
TIL,2026-07-27,97237,63940,65.76
TIMETECHNO,2026-07-27,4606690,974408,21.15
TIMEX,2026-07-27,400370,189205,47.26
TIMKEN,2026-07-27,19146,8420,43.98
TINNARUBR,2026-07-27,284366,76898,27.04
TIPSFILMS,2026-07-27,46888,22287,47.53
TIPSMUSIC,2026-07-27,586014,176864,30.18
TIRUMALCHM,2026-07-27,1162625,790695,68.01
TITAGARH,2026-07-27,250928,86087,34.31
TITAN,2026-07-27,500721,317727,63.45
TMB,2026-07-27,7671271,645880,8.42
TMCV,2026-07-27,8607193,4026155,46.78
TMPV,2026-07-27,4777294,2575647,53.91
TNIDETF,2026-07-27,69057,47346,68.56
TNPETRO,2026-07-27,119079,47874,40.2
TNPL,2026-07-27,639163,281231,44.0
TNTELE,2026-07-27,56569,34293,60.62
TOLINS,2026-07-27,24367,14823,60.83
TOP100CASE,2026-07-27,391216,314755,80.46
TOP10ADD,2026-07-27,2248800,2166040,96.32
TOP15IETF,2026-07-27,47311,33996,71.86
TOP20,2026-07-27,53725,48494,90.26
TORNTPHARM,2026-07-27,267708,135584,50.65
TORNTPOWER,2026-07-27,342490,209881,61.28
TOTAL,2026-07-27,7949,6031,75.87
TOUCHWOOD,2026-07-27,816,458,56.13
TPHQ,2026-07-27,1496986,1128662,75.4
TPLPLASTEH,2026-07-27,126845,20791,16.39
TRACXN,2026-07-27,74741,47238,63.2
TRANSPEK,2026-07-27,20432,14955,73.19
TRANSRAILL,2026-07-27,269719,148235,54.96
TRAVELFOOD,2026-07-27,20370,12663,62.16
TREEHOUSE,2026-07-27,21205,18200,85.83
TREJHARA,2026-07-27,4237,3449,81.4
TREL,2026-07-27,17651,10491,59.44
TRENT,2026-07-27,789065,337849,42.82
TRF,2026-07-27,75520,25141,33.29
TRIDENT,2026-07-27,3437030,1382381,40.22
TRIGYN,2026-07-27,39125,23907,61.1
TRITURBINE,2026-07-27,1575560,1316345,83.55
TRU,2026-07-27,50414,24016,47.64
TRUALT,2026-07-27,373174,164675,44.13
TSFINV,2026-07-27,43276,22174,51.24
TTKHLTCARE,2026-07-27,102563,25466,24.83
TTKPRESTIG,2026-07-27,67198,29862,44.44
TTL,2026-07-27,87429,75380,86.22
TTML,2026-07-27,1352435,504828,37.33
TURTLEMINT,2026-07-27,957639,358167,37.4
TVSELECT,2026-07-27,24104,9276,38.48
TVSHLTD,2026-07-27,6708,3107,46.32
TVSMOTOR,2026-07-27,576740,312280,54.15
TVSSCS,2026-07-27,215529,126629,58.75
TVSSRICHAK,2026-07-27,2661,1054,39.61
TVTODAY,2026-07-27,20370,10251,50.32
TVVISION,2026-07-27,5169,3824,73.98
TWCGOLDETF,2026-07-27,2008,1859,92.58
UBL,2026-07-27,334806,167877,50.14
UCAL,2026-07-27,2799,1889,67.49
UCOBANK,2026-07-27,16555999,7076807,42.74
UDS,2026-07-27,326849,138391,42.34
UEL,2026-07-27,4151,1526,36.76
UFBL,2026-07-27,100422,61689,61.43
UFLEX,2026-07-27,119911,54695,45.61
UFO,2026-07-27,100698,66135,65.68
UGARSUGAR,2026-07-27,870227,522301,60.02
UGROCAP,2026-07-27,180061,87733,48.72
UJJIVANSFB,2026-07-27,49027357,20866167,42.56
ULTRACEMCO,2026-07-27,250956,135269,53.9
ULTRAMAR,2026-07-27,34925,23539,67.4
UMESLTD,2026-07-27,13427,6728,50.11
UMIYA-MRO,2026-07-27,1688,1401,83.0
UNICHEMLAB,2026-07-27,51339,14066,27.4
UNIECOM,2026-07-27,296292,160011,54.0
UNIENTER,2026-07-27,19064,6680,35.04
UNIMECH,2026-07-27,67119,36246,54.0
UNIONBANK,2026-07-27,13706219,7260536,52.97
UNIONGOLD,2026-07-27,385,239,62.08
UNIPARTS,2026-07-27,109878,58932,53.63
UNITDSPR,2026-07-27,1154306,534451,46.3
UNITECH,2026-07-27,4565887,3044789,66.69
UNITEDTEA,2026-07-27,660,542,82.12
UNIVCABLES,2026-07-27,126439,67235,53.18
UNOMINDA,2026-07-27,923914,463110,50.12
UPL,2026-07-27,1543100,1030643,66.79
URBANCO,2026-07-27,1019935,563014,55.2
URJA,2026-07-27,710420,401439,56.51
USHAMART,2026-07-27,309401,152300,49.22
USK,2026-07-27,8072,6272,77.7
UTIAMC,2026-07-27,210439,95148,45.21
UTKARSHBNK,2026-07-27,3379362,1389909,41.13
UTLSOLAR,2026-07-27,181974,108906,59.85
UTTAMSUGAR,2026-07-27,21010,11832,56.32
UYFINCORP,2026-07-27,383173,305857,79.82
V2RETAIL,2026-07-27,600559,268207,44.66
VADILALIND,2026-07-27,5183,2469,47.64
VAIBHAVGBL,2026-07-27,675981,305393,45.18
VAISHALI,2026-07-27,60695,44094,72.65
VAKRANGEE,2026-07-27,3112375,1698580,54.58
VAL30IETF,2026-07-27,108143,65728,60.78
VALUE,2026-07-27,45800,30624,66.86
VALUEAXIS,2026-07-27,89466,39803,44.49
VAML,2026-07-27,4182120,2325265,55.6
VARDMNPOLY,2026-07-27,181219,125870,69.46
VARROC,2026-07-27,158687,75248,47.42
VASWANI,2026-07-27,34446,15079,43.78
VBL,2026-07-27,5407996,3187086,58.93
VCL,2026-07-27,412537,389291,94.37
VEDL,2026-07-27,7084059,3562813,50.29
VEDPOWER,2026-07-27,23415598,8765991,37.44
VEEDOL,2026-07-27,9432,5727,60.72
VENKEYS,2026-07-27,68141,36373,53.38
VENTIVE,2026-07-27,15381,8215,53.41
VENUSPIPES,2026-07-27,59861,30964,51.73
VERANDA,2026-07-27,84370,31467,37.3
VESUVIUS,2026-07-27,32405,17531,54.1
VGL,2026-07-27,5263,2181,41.44
VGUARD,2026-07-27,272931,143441,52.56
VHL,2026-07-27,773,442,57.18
VIDHIING,2026-07-27,27107,21429,79.05
VIDYAWIRES,2026-07-27,1398257,673122,48.14
VIJAYA,2026-07-27,84864,34969,41.21
VIKASECO,2026-07-27,2595664,938161,36.14
VIKASLIFE,2026-07-27,3656429,1690206,46.23
VIKRAMSOLR,2026-07-27,1016051,600240,59.08
VIKRAN,2026-07-27,1037657,536948,51.75
VIMTALABS,2026-07-27,272440,95591,35.09
VINATIORGA,2026-07-27,20783,10746,51.71
VINCOFE,2026-07-27,3500698,1601058,45.74
VINDHYATEL,2026-07-27,17478,7631,43.66
VINNY,2026-07-27,457680,352807,77.09
VINYLINDIA,2026-07-27,18149,10413,57.38
VIPIND,2026-07-27,44743,22665,50.66
VIRINCHI,2026-07-27,40417,35312,87.37
VISAKAIND,2026-07-27,320941,148466,46.26
VISHNU,2026-07-27,121792,62270,51.13
VISHWARAJ,2026-07-27,78228,68486,87.55
VISL,2026-07-27,26150010,11557753,44.2
VIVIDHA,2026-07-27,311186,159459,51.24
VIYASH,2026-07-27,1323745,734078,55.45
VLSFINANCE,2026-07-27,10140,6111,60.27
VMART,2026-07-27,258775,71850,27.77
VMM,2026-07-27,14442715,7042999,48.77
VOEPL,2026-07-27,238675,48388,20.27
VOGL,2026-07-27,36182252,14312073,39.56
VOLTAMP,2026-07-27,26700,14908,55.84
VOLTAS,2026-07-27,314808,154916,49.21
VRAJ,2026-07-27,16135,7458,46.22
VRLLOG,2026-07-27,2163637,633271,29.27
VSSL,2026-07-27,64711,28002,43.27
VSTIND,2026-07-27,308790,125029,40.49
VSTL,2026-07-27,9246,8483,91.75
VSTTILLERS,2026-07-27,4646,2782,59.88
VTL,2026-07-27,141054,68772,48.76
WAAREEENER,2026-07-27,710887,319810,44.99
WAAREEINDO,2026-07-27,265859,189536,71.29
WAAREERTL,2026-07-27,269690,93664,34.73
WABAG,2026-07-27,821451,371109,45.18
WAKEFIT,2026-07-27,3547070,777569,21.92
WALCHANNAG,2026-07-27,678336,331571,48.88
WANBURY,2026-07-27,188536,84291,44.71
WCIL,2026-07-27,37552,21425,57.05
WEALTH,2026-07-27,3098,1411,45.55
WEBELSOLAR,2026-07-27,1999850,1153156,57.66
WEIZMANIND,2026-07-27,1952,1901,97.39
WEL,2026-07-27,481065,214393,44.57
WELCORP,2026-07-27,944994,410515,43.44
WELENT,2026-07-27,795444,431023,54.19
WELSPLSOL,2026-07-27,493425,226434,45.89
WELSPUNLIV,2026-07-27,1445681,586179,40.55
WENDT,2026-07-27,48101,17006,35.35
WESTLIFE,2026-07-27,85823,38983,45.42
WEWORK,2026-07-27,317784,221341,69.65
WHEELS,2026-07-27,78256,35317,45.13
WHIRLPOOL,2026-07-27,443562,270878,61.07
WILLAMAGOR,2026-07-27,1940,1374,70.82
WINDLAS,2026-07-27,23569,13105,55.6
WINDMACHIN,2026-07-27,99640,64720,64.95
WIPL,2026-07-27,323,157,48.61
WIPRO,2026-07-27,12504426,4884575,39.06
WOCKPHARMA,2026-07-27,269719,111315,41.27
WONDERLA,2026-07-27,29812,22250,74.63
WORTHPERI,2026-07-27,5803,2299,39.62
WPIL,2026-07-27,83864,35936,42.85
WSI,2026-07-27,121079,61775,51.02
WSTCSTPAPR,2026-07-27,542425,237415,43.77
XCHANGING,2026-07-27,49616,26442,53.29
XELPMOC,2026-07-27,10235,6046,59.07
XPROINDIA,2026-07-27,32790,22692,69.2
XTGLOBAL,2026-07-27,134465,104435,77.67
YASHO,2026-07-27,12164,4814,39.58
YATHARTH,2026-07-27,234669,104126,44.37
YATRA,2026-07-27,932619,414392,44.43
YESBANK,2026-07-27,47752439,24060076,50.39
YUKEN,2026-07-27,5937,4701,79.18
ZAGGLE,2026-07-27,461204,227284,49.28
ZEEL,2026-07-27,15284220,5419722,35.46
ZEEMEDIA,2026-07-27,823511,555198,67.42
ZENITHEXPO,2026-07-27,26,25,96.15
ZENITHSTL,2026-07-27,92940,55733,59.97
ZENSARTECH,2026-07-27,2237749,378775,16.93
ZENTEC,2026-07-27,1617808,302143,18.68
ZFCVINDIA,2026-07-27,160091,75455,47.13
ZFSTEERING,2026-07-27,4399,2662,60.51
ZODIACLOTH,2026-07-27,931,765,82.17
ZOTA,2026-07-27,39042,19668,50.38
ZSARACOM,2026-07-27,24,21,87.5
ZUARI,2026-07-27,62715,29311,46.74
ZUARIIND,2026-07-27,13344,7553,56.6
ZYDUSLIFE,2026-07-27,607249,325732,53.64
ZYDUSWELL,2026-07-27,183505,68813,37.5
